,SMILES,pKa
0,BrC1NC=CN1,3.79
1,Brc1cc(Br)c(N=C2NCCN2)c(Br)c1,7.46
2,Brc1ccc(-c2cnc(-c3ccccc3)o2)cc1,0.65
3,Brc1ccc(-c2ncc(-c3ccccc3)o2)cc1,0.4
4,Brc1ccc(Br)c(N(CC2CC2)C2=NCCN2)c1,11.0
5,Brc1ccc(C2NCCS2)cc1,5.05
6,Brc1ccc(N(CC2CC2)C2=NCCN2)c(Br)c1,11.2
7,Brc1ccc(N2CCc3ccccc3C2)nc1,3.0
8,Brc1ccc(Nc2ccccc2)cc1,1.73
9,Brc1ccc2c(c1)CCN2,3.7
10,Brc1ccc2nc3c(c(N4CCOCC4)c2c1)CCC3,6.38
11,Brc1cccc(Br)c1N(C1=NCCN1)C1CCCC1,11.2
12,Brc1cccc(Br)c1N(C1=NCCN1)C1CCCCC1,11.3
13,Brc1cccc(Br)c1N(CC1CC1)C1=NCCCN1,12.4
14,Brc1cccc(Br)c1N(CC1CC1)C1=NCCN1,10.88
15,Brc1cccc(Br)c1N(CC1CCC1)C1=NCCN1,10.9
16,Brc1cccc(Br)c1N(CC1CCCC1)C1=NCCN1,10.9
17,Brc1cccc(Br)c1N(CC1CCCCC1)C1=NCCN1,11.2
18,Brc1cccc(Br)c1N(Cc1ccccc1)C1=NCCN1,10.4
19,Brc1cccc(Br)c1N(Cc1ccco1)C1=NCCN1,10.5
20,Brc1cccc(Br)c1N(Cc1cccs1)C1=NCCN1,10.51
21,Brc1cccc(Br)c1N=C1NCCN1,7.85
22,Brc1cccc(N(CC2CC2)C2=NCCN2)c1Br,11.1
23,Brc1cccc(N2CCc3ccccc3C2)n1,2.0
24,Brc1ccccc1N(CC1CC1)C1=NCCN1,11.2
25,Brc1ccccn1,0.9
26,Brc1cccnc1,2.94
27,Brc1cnc2ccccc2c1,-0.44
28,Brc1cncc2ccccc12,3.54
29,Brc1nnn[nH]1,2.13
30,C#CC(=O)O,1.89
31,C#CC(C)(C(C)C)N(C)C(C)C,8.7
32,C#CC(C)(C)N(C)C(C)(C)C,9.3
33,C#CC(C)(C)N(C)C(C)(C)C#C,6.65
34,C#CC(C)(C)N(C)C(C)C,8.7
35,C#CC(C)(C)N(CC)C(C)(C)C,9.6
36,C#CC(C)(C)NC(C)(C)C#C,6.45
37,C#CC(C)(C)NC(C)(C)C=C,8.2
38,C#CC(C)(C)NC(C)(C)CC,9.0
39,C#CC(C)(C)Nc1ccccc1,4.26
40,C#CC(C)Nc1ccccc1,3.25
41,C#CC(CC)(CC)N(C)C(C)C,8.8
42,C#CC(CC)(CC)N(CC)C(C)C,8.2
43,C#CCC(=O)O,3.31
44,C#CCCC(=O)O,4.2
45,C#CCCCC(=O)O,4.6
46,C#CCCCCC(=O)O,4.58
47,C#CCCCCCCN,10.74
48,C#CCCCCCN,10.64
49,C#CCCCCN,10.5
50,C#CCCCCN(C)C,9.24
51,C#CCCCN,10.21
52,C#CCCCN(C)C,8.88
53,C#CCCN,9.23
54,C#CCCN(C)C,8.33
55,C#CCN,8.19
56,C#CCN(C)C,7.05
57,C#CCN(C)[C@H](C)Cc1ccccc1,8.015
58,C#CCN(C1=NCCN1)c1c(Br)cccc1Br,10.1
59,C#CCN(CC#C)C(=O)[C@@]1(c2cccs2)C[C@H]1CN,9.3
60,C#CCN(CC#C)CC#C,3.04
61,C#CCN(CC)C(=O)[C@@]1(c2cccs2)C[C@H]1CN,9.4
62,C#CCN1CCN(C(=O)OCC)CC1,5.44
63,C#CCN1CCOCC1,5.54
64,C#CCNCC#C,6.08
65,C#CCNc1ccccc1,3.06
66,C#CCO,13.28
67,C#CCOC[n+]1ccn(C)c1/C=N/O,8.01
68,C#CCOc1noc2c1CNCC2,7.6
69,C#N,9.18
70,C#[N+]O,5.0
71,C(=C/c1ccncc1)\c1ccccc1,5.97
72,C(=C\c1ccncc1)\c1ccccc1,5.77
73,C(=N/c1ccccc1)\Nc1ccccc1,6.3
74,C(=N/c1ccccc1)\c1ccccc1,4.55
75,C/C(=C/Cl)C(=O)O,3.05
76,C/C(=C\C(C)=N\c1ccccc1)Nc1ccccc1,7.22
77,C/C(=C\Cl)C(=O)O,4.03
78,C/C(=C\c1ccccc1)CC(=O)O,5.35
79,C/C(=N\c1ccccc1)Nc1ccccc1,8.3
80,C/C(N)=N/N(C)C,10.0
81,C/C(O)=N\[N+](C)(C)C,5.42
82,C/C=C(/C)C(=O)O,4.3
83,C/C=C(\C(=O)O)c1ccc([N+](=O)[O-])cc1,5.0
84,C/C=C(\Cl)C(=O)O,3.22
85,C/C=C/C#CC(=O)O,2.67
86,C/C=C/C(=O)O,4.79
87,C/C=C/C1=C(O)C(=O)c2ccccc2C1=O,4.78
88,C/C=C/C=C/C(=O)O,4.53
89,C/C=C/CC(=O)O,4.28
90,C/C=C/CCC(=O)O,4.72
91,C/C=C/CN(C1=NCCN1)c1c(Br)cccc1Br,11.0
92,C/C=C\C=C/C(=O)O,4.51
93,C/N=C(/SC)c1ccccc1,6.42
94,C/N=C(\C)SC,7.71
95,C/N=C1/CCCCC1C,9.47
96,C/N=c1/oc2c(n1C)CCCC2,10.23
97,C/N=c1/sc2c(n1C)CCCC2,10.0
98,C/N=c1/scc(C)n1C,9.97
99,C1=C(c2ccccc2)C2CCN1CC2,9.1
100,C1=C(c2ccco2)C2CCN1CC2,8.92
101,C1=CN2CCC1CC2,9.82
102,C1=CNC(c2ccccc2)N1,6.48
103,C1=CNCN1,6.99
104,C1CC2CCC1CN2,11.0
105,C1CC2CCCN2C1,11.74
106,C1CCC(C2=NCCC2)CC1,6.05
107,C1CCC(C2CCCN2)CC1,10.8
108,C1CCC(N2CCCC2)CC1,10.7
109,C1CCC(NC2CCCCO2)OC1,8.1
110,C1CCC2(CC1)N1CCCN12,5.19
111,C1CCC2CNCCC2C1,10.95
112,C1CCC2NCCCC2C1,10.9
113,C1CCCNCC1,10.94
114,C1CCCNCCC1,10.78
115,C1CCNC1,11.285
116,C1CCNCC1,11.18
117,C1CCc2c(nnc3c2CCCC3)C1,6.12
118,C1CCc2nnc3c(c2CC1)CCCC3,6.03
119,C1CN(CC2CO2)CCO1,5.88
120,C1CN1,6.05
121,C1CN2CCC1CC2,11.04
122,C1CN2CC[C@H]3CO[C@@H]1[C@H]32,9.44
123,C1CN=C2NCCC2C1,11.7
124,C1CNC1,10.995
125,C1COC(NC(C2CC2)C2CC2)=N1,9.26
126,C1COCCN1,8.4825
127,C1CSCCN1,9.05
128,C1CSCN1,6.31
129,C1OC1CN(CC1CO1)CC1CO1,5.01
130,C=C(/C=C(/C)O)C(C)(C)C,10.97
131,C=C(Br)COc1noc2c1CNCC2,7.6
132,C=C(C(=O)O[C@@H]1C[C@H]2[C@H]3O[C@H]3[C@@H](C1)N2C)c1ccccc1,7.72
133,C=C(C)/C(C)=C(\C)O,12.01
134,C=C(C)/C=C(/C(=O)O)c1ccc([N+](=O)[O-])cc1,4.4
135,C=C(C)/C=C(\C)O,10.42
136,C=C(C)/C=C(\O)C=C(C)C,10.85
137,C=C(C)C(=O)O,4.66
138,C=C(C)C(=O)OC(C)CN(C)C,7.96
139,C=C(C)C(=O)OC(C)CN(CC)CC,8.65
140,C=C(C)C(=O)OCCCN,9.62
141,C=C(C)C(=O)OCCN,8.7
142,C=C(C)C(=O)OCCN(C(C)C)C(C)C,8.77
143,C=C(C)C(=O)OCCN(C)C,8.06
144,C=C(C)C(=O)OCCN(C)CCCC,8.27
145,C=C(C)C(=O)OCCN(CC)CC,8.66
146,C=C(C)C(=O)OCCNC,8.96
147,C=C(C)C(=O)OCCNC(C)C,9.13
148,C=C(C)C(=O)OCCNCC,9.15
149,C=C(C)C(=O)OCCNCC(C)C,8.91
150,C=C(C)C(=O)OCCNCCCC,9.12
151,C=C(C)C(C)(C(N)=O)C(=O)O,3.42
152,C=C(C)C1=C(O)CC(C)CC1,11.95
153,C=C(C)CCN(C1=NCCN1)c1c(Br)cccc1Br,10.9
154,C=C(C)CN(C1=NCCN1)c1c(Br)cccc1Br,10.71
155,C=C(CC)C(=O)c1ccc(OCC(=O)O)c(Cl)c1Cl,3.5
156,C=C(CCCC)C(=O)O,4.8
157,C=C(F)C(=O)O,2.55
158,C=C(OC)C(=O)O,3.38
159,C=C(SC1CCCCC1)C(=O)O,3.4
160,C=C=C(C)C(C)(C)C(=O)O,4.55
161,C=C=CC(=O)O,3.96
162,C=CC#CCC(=O)O,3.41
163,C=CC(=O)O,4.25
164,C=CC(=O)OCCN(C)C,8.25
165,C=CC(=O)OCCN(CC)CC,8.55
166,C=CC(C)(C)N(C)C(C)(C)C,11.3
167,C=CC(C)(C)NC(C)(C)C=C,10.1
168,C=CC(C)(C)NC(C)(C)CC,10.8
169,C=CC(C)(C)Nc1ccccc1,4.88
170,C=CC(C)(CC)N(C)C(C)C,11.3
171,C=CC(C)Nc1ccccc1,4.57
172,C=CC(Cl)C(=O)O,2.54
173,C=CC12CCC(=O)C=C1c1c(cc(OCC(=O)O)c(Cl)c1Cl)C2,3.5
174,C=CCC(=O)O,4.33
175,C=CCC(C)(CN(CC)CC)OC(=O)CC(C)C,8.1
176,C=CCC(C)(CN(CC)CC)OC(=O)CCC,8.5
177,C=CCC(C)(CN(CC)CC)OC(=O)c1ccccc1,7.8
178,C=CCC(C)(CN(CC)CC)OC(C)=O,9.85
179,C=CCC1(C(C)C#CCC)C(=O)NC(=O)N(C)C1=O,4.74
180,C=CCC1(CC=C)SC(=O)NC1=O,6.1
181,C=CCCC(=O)O,4.68
182,C=CCCN(C1=NCCN1)c1c(Br)cccc1Br,11.2
183,C=CCN,9.74
184,C=CCN(C)C,8.72
185,C=CCN(C)CCOC(=O)C(=C)C,7.39
186,C=CCN(C1=NCCN1)c1c(Br)cccc1Br,10.7
187,C=CCN(C1=NCCN1)c1c(Cl)cccc1Cl,10.42
188,C=CCN(CC1CO1)CC1CO1,6.16
189,C=CCN(CC=C)CC=C,8.31
190,C=CCN(CC=C)CCOC(=O)C(=C)C,7.02
191,C=CCN1CCCCC1,9.66
192,C=CCN1CCOCC1,7.05
193,C=CCNCC=C,9.35
194,C=CCNc1ccccc1,4.17
195,C=CCOc1ccc(C(=O)O)cc1,4.45
196,C=CCc1ccc(O)c(OC)c1,10.0
197,C=C[C@@H]1CNC(=S)O1,10.25
198,C=Cc1ccc(C)nc1,5.67
199,C=Cc1ccc(O)cc1,9.91
200,C=Cc1ccccn1,4.95
201,C=Cc1cccnc1,4.87
202,C=Cc1ccncc1,5.62
203,CC#C/C=C/C(=O)O,4.2
204,CC#CC#CC(=O)O,1.94
205,CC#CC#CCC(=O)O,3.23
206,CC#CC(=O)O,2.63
207,CC#CCC(=O)O,3.6
208,CC#CCOc1noc2c1CNCC2,7.6
209,CC(/N=N/O)c1ccccc1,8.32
210,CC(=N)Nc1nsc2ccccc12,6.99
211,CC(=O)/C(Cl)=N/O,7.9
212,CC(=O)/C=C(/C)O,7.64
213,CC(=O)/N=c1/c(-c2c(Cl)cccc2Cl)cc2cnc(C)nc2n1C,2.5
214,CC(=O)/N=c1/sc(S(N)(=O)=O)nn1C,7.3
215,CC(=O)/N=c1\ccccn1C,7.12
216,CC(=O)/N=c1\sc(S(N)(=O)=O)nn1C,7.3
217,CC(=O)C(=NO)C(C)=O,7.44
218,CC(=O)C(=O)CC(=O)C(C)=O,4.68
219,CC(=O)C(=O)O,2.39
220,CC(=O)C(C(C)=O)C(C)C,12.85
221,CC(=O)C(C(C)=O)c1ccccc1,9.32
222,CC(=O)C(C)C(=O)C(C)C,11.8
223,CC(=O)C(C)C(=O)c1ccccc1,11.13
224,CC(=O)C(C)C(C)(C)C(=O)O,5.79
225,CC(=O)C(C)C(C)=O,10.79
226,CC(=O)C(C)[N+](=O)[O-],5.15
227,CC(=O)C(C=O)C(C)=O,4.6
228,CC(=O)C(CCN1CCOCC1)(c1ccccc1)c1ccccc1,6.83
229,CC(=O)C(Cc1ccc(C#N)cc1)C(C)=O,9.69
230,CC(=O)C(Cc1ccc(Cl)cc1)C(C)=O,10.25
231,CC(=O)C(Cc1ccc([N+](=O)[O-])cc1)C(C)=O,9.54
232,CC(=O)C(Cc1ccccc1)C(C)=O,10.49
233,CC(=O)C1=CC=CC1,8.84
234,CC(=O)C1C(=O)OC(=O)C=C1C,1.34
235,CC(=O)C1C(=O)c2ccccc2C1=O,2.88
236,CC(=O)C1CCCC1=O,7.82
237,CC(=O)C1CCCCC1=O,10.21
238,CC(=O)CC(=O)C(C)(C)C,9.94
239,CC(=O)CC(=O)C(C)C,9.46
240,CC(=O)CC(=O)C(F)(F)F,6.09
241,CC(=O)CC(=O)CC(C)C,9.07
242,CC(=O)CC(=O)Nc1ccc(C)cc1,10.15
243,CC(=O)CC(=O)Nc1cccc(C)c1,10.0
244,CC(=O)CC(=O)Nc1ccccc1,9.94
245,CC(=O)CC(=O)c1ccc[se]1,8.55
246,CC(=O)CC(=O)c1ccccc1,8.69
247,CC(=O)CC(C)=O,8.85
248,CC(=O)CC(N)=O,10.41
249,CC(=O)CC(c1ccccc1)c1c(O)c2ccccc2oc1=O,4.9875
250,CC(=O)CC(c1ccccc1)c1c(S)c2ccccc2oc1=O,6.6
251,CC(=O)CC=O,6.12
252,CC(=O)CCC(=O)O,4.63
253,CC(=O)CCCC(=O)O,4.66
254,CC(=O)CCCCN(C)C,9.66
255,CC(=O)CCN(C)C,8.95
256,CC(=O)CCN1CCOCC1,6.66
257,CC(=O)CN=O,8.4
258,CC(=O)C[C@@H](c1ccccc1)c1c(O)c2ccccc2oc1=O,6.655
259,CC(=O)C[N+](=O)[O-],5.1
260,CC(=O)N(C)CC(=O)O,3.16
261,CC(=O)N(C)O,8.73
262,CC(=O)N(C)c1ccccn1,2.01
263,CC(=O)N(C)c1cccnc1,3.52
264,CC(=O)N(C)c1ccncc1,4.62
265,CC(=O)N(C)c1nc2nc(C)ncc2cc1-c1c(Cl)cccc1Cl,4.2
266,CC(=O)N(C)c1nnc(S(N)(=O)=O)s1,7.4
267,CC(=O)N(O)CCc1ccccc1,8.83
268,CC(=O)N(O)c1ccccc1,8.36
269,CC(=O)N(c1ccccc1)c1nnc(S(N)(=O)=O)s1,7.32
270,CC(=O)N1CCN(C)CC1,7.1
271,CC(=O)N1CCNCC1,7.94
272,CC(=O)N1CS(=O)(=O)C[C@H]1C(=O)O,2.23
273,CC(=O)N1CS(=O)C[C@H]1C(=O)O,2.5
274,CC(=O)N1CSC[C@H]1C(=O)O,2.94
275,CC(=O)N=C(N(C)C)N(C)C,7.5
276,CC(=O)N=S(C)C,3.16
277,CC(=O)NBr,8.1
278,CC(=O)NC(=O)CCCC[P+](c1ccccc1)(c1ccccc1)c1ccccc1,12.9
279,CC(=O)NO,9.07
280,CC(=O)NOC(C)=O,6.81
281,CC(=O)NOCCc1ccccc1,9.58
282,CC(=O)NS(=O)(=O)c1ccc(C)cc1,4.8
283,CC(=O)Nc1ccc(N)cc1,4.46
284,CC(=O)Nc1ccc(O)cc1,7.1575
285,CC(=O)Nc1ccc(S)cc1,6.08
286,CC(=O)Nc1ccccc1,5.75
287,CC(=O)OC(C)CN(C)C,8.31
288,CC(=O)OC1CN2CCC1CC2,9.27
289,CC(=O)OCC1CC2CCN1CC2,9.88
290,CC(=O)OCC1CN2CCC1CC2,10.29
291,CC(=O)OCCCCCc1ccc(S(N)(=O)=O)cc1,10.3
292,CC(=O)OCCCCc1ccc(S(N)(=O)=O)cc1,10.48
293,CC(=O)OCCCc1ccc(S(N)(=O)=O)cc1,10.22
294,CC(=O)OCCN(C)C,8.3
295,CC(=O)OO,8.19
296,CC(=O)Oc1cc(C(C)C)c(OCCN(C)C)cc1C,8.72
297,CC(=O)Oc1ccc2c3c1O[C@H]1[C@@H](OC(C)=O)C=C[C@H]4[C@@H](C2)N(C)CC[C@]314,7.95
298,CC(=O)Oc1cccc2cccc(O)c12,9.69
299,CC(=O)Oc1cccc2cccnc12,3.3
300,CC(=O)Oc1ccccc1C(=O)O,3.5
301,CC(=O)S,3.71
302,CC(=O)SCCN(C)C,8.27
303,CC(=O)Sc1ccc(O)cc1,8.88
304,CC(=O)[C@@H]1C[C@@H]1C(=O)O,4.19
305,CC(=O)[C@@H]1C[C@H](C(=O)O)C1(C)C,4.63
306,CC(=O)[C@H]1CC=CC[C@@H]1C(=O)O,4.4
307,CC(=O)[C@H]1C[C@@H](CC(=O)O)C1(C)C,4.82
308,CC(=O)[n+]1ccc(C#N)cc1,1.98
309,CC(=O)[n+]1ccc(C)cc1,6.15
310,CC(=O)[n+]1cccc(C#N)c1,1.62
311,CC(=O)[n+]1cccc(C)c1,5.81
312,CC(=O)[n+]1cccc(Cl)c1,2.98
313,CC(=O)[n+]1ccccc1,5.32
314,CC(=O)c1cc(C)c(C)cc1O,11.56
315,CC(=O)c1ccc(C(=O)O)cc1,3.72
316,CC(=O)c1ccc(N)cc1,2.385
317,CC(=O)c1ccc(NS(=O)(=O)c2ccccc2)cc1,6.94
318,CC(=O)c1ccc(O)c(=O)cc1,5.01
319,CC(=O)c1ccc(O)c([N+](=O)[O-])c1,5.09
320,CC(=O)c1ccc(O)cc1,7.9
321,CC(=O)c1ccc(S)cc1,5.33
322,CC(=O)c1cccc(=O)c(O)c1,6.16
323,CC(=O)c1cccc(C(=O)O)c1,3.84
324,CC(=O)c1cccc(N)c1,3.61
325,CC(=O)c1cccc(NC(N)=S)c1,12.1
326,CC(=O)c1cccc(NS(=O)(=O)C(F)(F)F)c1,3.75
327,CC(=O)c1cccc(O)c1,9.12
328,CC(=O)c1ccccc1C(=O)O,4.15
329,CC(=O)c1ccccc1N,2.31
330,CC(=O)c1ccccc1O,10.37
331,CC(=O)n1cccn1,3.16
332,CC(=O)n1ccnc1,3.6
333,CC(=O)n1ccnc1C,5.03
334,CC(=O)n1cnc2ccccc21,1.8
335,CC(=S)NCc1ccccc1,13.0
336,CC(=S)Nc1ccc(Cl)cc1,11.06
337,CC(=S)Nc1ccc([N+](=O)[O-])cc1,9.89
338,CC(=S)Nc1ccccc1,11.56
339,CC(Br)(CN)[N+](=O)[O-],6.15
340,CC(Br)C(=O)O,2.97
341,CC(Br)[N+](=O)[O-],7.17
342,CC(C#N)(CC(=O)O)c1ccccc1,3.99
343,CC(C#N)(Cc1ccccc1)C(=O)O,2.29
344,CC(C#N)C(C)(C)C(=O)O,3.97
345,CC(C#N)CC(=O)O,3.95
346,CC(C#N)CN,7.75
347,CC(C(=O)O)c1ccc(-c2ccccc2)c(F)c1,4.386667
348,CC(C(=O)O)c1ccc(C(=O)c2cccs2)cc1,4.0
349,CC(C(=O)O)c1cccc(C(=O)c2ccccc2)c1,4.353333
350,CC(C(=O)O)c1cccc(Oc2ccccc2)c1,4.5
351,CC(C(=O)c1ccccc1)[n+]1ccccc1,11.465
352,CC(C)(C#N)CC(=O)O,4.04
353,CC(C)(C(=O)O)C(C(N)=O)c1ccccc1,4.8
354,CC(C)(C(=O)O)c1nnnn1C1CCCCC1,3.7
355,CC(C)(C)C#CC(=O)O,2.66
356,CC(C)(C)C(=O)C(=O)O,2.3
357,CC(C)(C)C(=O)CC(=O)C(C)(C)C,11.77
358,CC(C)(C)C(=O)NO,9.59
359,CC(C)(C)C(=O)O,5.04
360,CC(C)(C)C(=O)c1ccc2n1CCC2C(=O)O,3.57
361,CC(C)(C)C(=O)n1cnc2ccccc21,2.0
362,CC(C)(C)C([N+](=O)[O-])[N+](=O)[O-],8.24
363,CC(C)(C)CC#CC(=O)O,2.54
364,CC(C)(C)CC(=O)O,5.01
365,CC(C)(C)CC(=O)n1ccnc1,3.8
366,CC(C)(C)CC(=O)n1cnc(Br)c1,4.0
367,CC(C)(C)CC(C)(C)N,10.84
368,CC(C)(C)CCC(=O)O,4.83
369,CC(C)(C)CCCC(=O)O,4.88
370,CC(C)(C)CCCCc1ccc(O)cc1,11.22
371,CC(C)(C)CN,10.17
372,CC(C)(C)CNc1ccccc1,4.17
373,CC(C)(C)Cc1ccc(O)cc1,10.71
374,CC(C)(C)Cc1ccccc1O,10.69
375,CC(C)(C)N,10.765
376,CC(C)(C)N(NC(=O)c1ccc(Cl)cc1)C(=O)c1ccccc1,0.0
377,CC(C)(C)N(NC(=O)c1ccccc1)C(=O)c1ccccc1,0.0
378,CC(C)(C)N(O)C(=O)c1ccccc1,10.1
379,CC(C)(C)N1C2CCCC21,9.22
380,CC(C)(C)N1CC(O[Si](C)(C)C)C1,9.24
381,CC(C)(C)NC1CCCCC1,11.34
382,CC(C)(C)Nc1ccccc1,7.15
383,CC(C)(C)OC(=O)NS(=O)(=O)c1ccc(S(C)(=O)=O)cc1,3.76
384,CC(C)(C)OO,12.8
385,CC(C)(C)OOCC(=O)O,3.49
386,CC(C)(C)OOCCC(=O)O,4.36
387,CC(C)(C)P(=O)(O)C(C)(C)C,4.24
388,CC(C)(C)S,11.14
389,CC(C)(C)SC(=N)c1ccccc1,9.24
390,CC(C)(C)c1cc(N)cc(C(C)(C)C)c1,4.97
391,CC(C)(C)c1cc(N)cc(C(C)(C)C)c1[N+](=O)[O-],2.93
392,CC(C)(C)c1cc([N+](=O)[O-])cc(C(C)(C)C)c1O,6.92
393,CC(C)(C)c1ccc(-c2c(O)c2=O)cc1,2.21
394,CC(C)(C)c1ccc(C(=O)/C=C/C(=O)O)cc1,3.42
395,CC(C)(C)c1ccc(C(=O)O)cc1,4.36
396,CC(C)(C)c1ccc(N)cc1,4.95
397,CC(C)(C)c1ccc(O)cc1,10.303333
398,CC(C)(C)c1ccc(S(=O)(=O)CS(=O)(=O)C(F)(F)F)cc1,5.1
399,CC(C)(C)c1ccc(SCC(=O)O)cc1,3.76
400,CC(C)(C)c1ccc2c(c1)C(=O)NC2=O,10.21
401,CC(C)(C)c1cccc(C(C)(C)C)n1,4.95
402,CC(C)(C)c1ccccc1C(=O)O,3.53
403,CC(C)(C)c1ccccc1N,3.78
404,CC(C)(C)c1ccccc1O,11.3
405,CC(C)(C)c1ccccn1,5.72
406,CC(C)(C)c1cccnc1,5.82
407,CC(C)(C)c1ccnc(C(C)(C)C)c1,6.7
408,CC(C)(C)c1ccncc1,5.95
409,CC(C)(C)n1ccnc1,7.35
410,CC(C)(CCC(CO[N+](=O)[O-])O[N+](=O)[O-])C(=O)Oc1ccccc1C(=O)O,3.69
411,CC(C)(CC[N+](=O)[O-])[N+](=O)[O-],7.84
412,CC(C)(CO[N+](=O)[O-])C(=O)Oc1ccccc1C(=O)O,3.69
413,CC(C)(Cl)C(=O)O,2.97
414,CC(C)(N)C#N,5.3
415,CC(C)(N)Cc1ccccc1,10.13
416,CC(C)(N)c1ccccc1,10.38
417,CC(C)(OO)c1ccccc1,12.64
418,CC(C)/C=C/C(=O)O,4.7
419,CC(C)=C(C#N)C(=O)O,3.04
420,CC(C)=C=CC(C)(C)C(=O)O,4.7
421,CC(C)=CC(=O)O,5.12
422,CC(C)=CCC(=O)O,4.6
423,CC(C)=CCN(C1=NCCN1)c1c(Br)cccc1Br,10.75
424,CC(C)C(=O)C(C)(C)CN(C)C,9.3
425,CC(C)C(=O)CC(=O)C(C)C,9.86
426,CC(C)C(=O)CC=O,6.68
427,CC(C)C(=O)Nc1ccc([N+](=O)[O-])c(C(F)(F)F)c1,12.87
428,CC(C)C(=O)O,4.76
429,CC(C)C(Br)C(=O)O,2.82
430,CC(C)C(C(C)C)N(C)C,10.06
431,CC(C)C(N)C(C)C,10.4
432,CC(C)C(N)C(N)=O,8.0
433,CC(C)C([N+](=O)[O-])[N+](=O)[O-],6.75
434,CC(C)C12CCC(=O)C=C1c1c(cc(OCC(=O)O)c(Cl)c1Cl)C2,3.83
435,CC(C)C1C(=O)c2ccccc2C1=O,7.4
436,CC(C)C1NC(=S)NC1=O,8.7
437,CC(C)CC(=O)CC(=O)C(F)(F)F,6.52
438,CC(C)CC(=O)O,4.79
439,CC(C)CC(N)C(N)=O,8.0
440,CC(C)CC([N+](=O)[O-])[N+](=O)[O-],5.4
441,CC(C)CC1(C)NC(=N)N(Cc2cccc(Cl)c2)C1=O,7.2
442,CC(C)CC1=NS(=O)(=O)c2cc(Cl)ccc2N1,8.52
443,CC(C)CCC(=O)O,4.84
444,CC(C)CCC1=C(O)C(=O)c2ccccc2C1=O,5.13
445,CC(C)CCCC(C)N,10.28
446,CC(C)CCCCCc1cc([N+](=O)[O-])c(O)c([N+](=O)[O-])c1,4.1
447,CC(C)CCN,10.93
448,CC(C)CCN(C1=NCCN1)c1c(Br)cccc1Br,10.9
449,CC(C)CCNCCC(C)C,10.9
450,CC(C)CCNc1c2ccccc2nc2cccc([N+](=O)[O-])c12,7.4
451,CC(C)CCOc1ccc2c(c1)[C@H]1OCCC[C@H]1[C@@H](C1CCOCC1)N2,3.8
452,CC(C)CCOc1ccccc1/C=C/C(=O)O,4.85
453,CC(C)CCOc1ccccc1/C=C\C(=O)O,4.38
454,CC(C)CCP(=O)(O)CCC(C)C,3.26
455,CC(C)CCSC(=N)c1ccccc1,8.43
456,CC(C)CCc1cc([N+](=O)[O-])c(O)c([N+](=O)[O-])c1,4.1
457,CC(C)CN,10.36
458,CC(C)CN(C)C,9.91
459,CC(C)CN(C)c1ccccc1,5.2
460,CC(C)CN(C1=NCCN1)c1c(Br)cccc1Br,11.02
461,CC(C)CN(CC(C)C)C(=S)S,3.4
462,CC(C)CNC(C)C,10.55
463,CC(C)CNC=S,12.8
464,CC(C)CNCC(C)C,10.59
465,CC(C)CN[N+](=O)[O-],6.38
466,CC(C)CNc1ccccc1,4.84
467,CC(C)COc1ccc(C(=O)O)cc1,4.48
468,CC(C)CP(=O)(O)CC(C)C,3.25
469,CC(C)CS(=O)O,2.75
470,CC(C)CSC(=N)c1ccccc1,8.22
471,CC(C)CSCCN,8.73
472,CC(C)C[C@H](N)C(N)=O,7.84
473,CC(C)Cc1cc([N+](=O)[O-])c(O)c([N+](=O)[O-])c1,4.3
474,CC(C)Cc1ccc(C(C)C(=O)O)cc1,5.205714
475,CC(C)Cc1ccc(O)cc1,10.2
476,CC(C)Cc1ccc([C@H](C)C(=O)O)cc1,5.2
477,CC(C)Cc1ccccc1O,10.5
478,CC(C)N,10.64
479,CC(C)N(C(=S)S)C(C)C,4.3
480,CC(C)N(C(C)C)C(C)C,11.86
481,CC(C)N(C)C,10.3
482,CC(C)N(C1=NCCN1)c1c(Br)cccc1Br,11.2
483,CC(C)N(CC1CO1)CC1CO1,7.07
484,CC(C)N(CCCl)CCCl,7.0
485,CC(C)N(CCc1ccccc1)CCc1ccccc1,10.02
486,CC(C)N(Cc1no[n+]([O-])c1C#N)C(C)C,5.35
487,CC(C)N(c1ccccc1)C(C)C,6.19
488,CC(C)N1C2CCCC21,8.31
489,CC(C)N1CCC(N(C(=O)Cc2ccccc2)c2ccc(Cl)cc2)CC1,8.7
490,CC(C)N1CCCC1,11.22
491,CC(C)N1CCCCC1,10.96
492,CC(C)N1C[Si](C)(C)O[Si](C)(C)C1,10.0
493,CC(C)NC(C)C,11.04
494,CC(C)NC1=NS(=O)(=O)c2cc(Cl)ccc2S1,9.76
495,CC(C)NCCC#N,8.0
496,CC(C)NC[Si](C)(C)C,10.8
497,CC(C)Nc1ccccc1,5.67
498,CC(C)OC1=NS(=O)(=O)c2cc(Cl)ccc2N1,8.0
499,CC(C)OO,12.1
500,CC(C)Oc1ccc(C(=O)O)cc1,4.57
501,CC(C)Oc1ccc(C(=O)c2ccc3n2CCC3C(=O)O)cc1,3.43
502,CC(C)Oc1cccc(C(=O)O)c1,4.15
503,CC(C)Oc1cccc2c1N=C(NCC(F)F)NC2C,10.2
504,CC(C)Oc1ccccc1C(=O)O,4.24
505,CC(C)P(=O)(O)C(C)C,3.56
506,CC(C)S(=O)O,2.3
507,CC(C)SC(=N)c1ccccc1,8.04
508,CC(C)SC(C)C(=O)O,3.78
509,CC(C)SC1=NS(=O)(=O)c2cc(Cl)ccc2N1,7.01
510,CC(C)SCC(=O)O,3.72
511,CC(C)SCCN,9.23
512,CC(C)[C@@H]1CC[C@@H](C)C[C@@H]1N,10.52
513,CC(C)[C@H]1CC[C@H](C)C[C@@H]1N,10.63
514,CC(C)c1cc(O)c(=O)ccc1Br,6.53
515,CC(C)c1ccc(Br)c(O)c(=O)c1,6.28
516,CC(C)c1ccc(C(=O)/C=C/C(=O)O)cc1,3.4
517,CC(C)c1ccc(C(=O)O)cc1,4.31
518,CC(C)c1ccc(CCCN(C)C)cc1,10.49
519,CC(C)c1ccc(O)cc1,10.1
520,CC(C)c1ccc2c(c1)CC[C@@H]1[C@]2(C)CCC[C@@]1(C)C(=O)O,5.7
521,CC(C)c1cccc(=O)c(O)c1,7.22
522,CC(C)c1cccc(=O)c(O)c1Br,6.68
523,CC(C)c1cccc(C(=O)O)c1,4.27
524,CC(C)c1cccc2ccc(O)cc12,9.52
525,CC(C)c1ccccc1C(=O)O,3.64
526,CC(C)c1ccccc1N,4.42
527,CC(C)c1ccccc1O,10.4
528,CC(C)c1ccccn1,5.83
529,CC(C)c1cccnc1,5.72
530,CC(C)c1ccncc1,6.02
531,CC(C)c1csc(C(=O)O)c1,3.64
532,CC(C)n1cnc2ccccc21,5.74
533,CC(C)n1nnnc1N,1.91
534,CC(C=C(c1cccs1)c1cccs1)N(C)C,8.95
535,CC(CC(C#N)(c1ccccc1)c1ccccc1)N1CCCCC1,7.73
536,CC(CC(C#N)(c1ccccc1)c1ccccc1)N1CCOCC1,6.1
537,CC(CC(C)(C)[N+](=O)[O-])[N+](=O)[O-],8.95
538,CC(CC(c1ccccc1)c1ccccc1)N1CCOCC1,6.9
539,CC(CN(C)C)C(C#N)(c1ccccc1)c1ccccc1,7.9
540,CC(CN(C)C)CN1c2ccccc2Sc2ccccc21,9.235
541,CC(CN1CCCCC1)C(C#N)(c1ccccc1)c1ccccc1,7.54
542,CC(CN1c2ccccc2Sc2ccccc21)N(C)C,9.07
543,CC(C[Si](C)(C)CCCCl)C(=O)O,5.05
544,CC(C[Si](C)(C)CCl)C(=O)O,5.32
545,CC(Cc1ccccc1)N(C)CCC#N,6.95
546,CC(Cc1ccccc1)NCCC#N,7.23
547,CC(Cl)/C=C/C(=O)N(Cc1ccc(C#N)cc1)CC(C)C,4.82
548,CC(Cl)C(=O)O,2.88
549,CC(Cl)CN,8.54
550,CC(Cl)CN(C)C,8.12
551,CC(I)C(=O)O,3.21
552,CC(I)[N+](=O)[O-],7.24
553,CC(N)C(N)=O,8.02
554,CC(N)CC#N,7.85
555,CC(N)CC1CCCCC1,10.14
556,CC(N)CCCc1ccccc1,9.99
557,CC(N)CCc1ccccc1,9.78
558,CC(N)Cc1ccc2c(c1)OCO2,9.67
559,CC(N)Cc1ccccc1,9.9
560,CC(N)c1ccccc1,9.36
561,CC(NC(C)(C)C)C(=O)c1cccc(Cl)c1,12.015
562,CC(O)=C(C#N)C#N,1.0
563,CC(P)C(=O)O,4.15
564,CC(S(=O)(=O)c1ccc(OC(F)(F)F)cc1)S(=O)(=O)C(F)(F)F,6.2
565,CC([N+](=O)[O-])[N+](=O)[O-],5.28
566,CC(c1ccc([N+](=O)[O-])cc1)[N+](=O)[O-],6.51
567,CC(c1cccc(C(F)(F)F)c1)[N+](=O)[O-],6.96
568,CC(c1cccc(Cl)c1)[N+](=O)[O-],7.05
569,CC(c1cccc(F)c1)[N+](=O)[O-],7.05
570,CC(c1cccc([N+](=O)[O-])c1)[N+](=O)[O-],6.67
571,CC(c1ccccc1)N1CC(O[Si](C)(C)C)C1,7.82
572,CC(c1ccccc1)[N+](=O)[O-],7.39
573,CC/C(C)=C/C(=O)O,5.14
574,CC/C(C)=C\C(=O)O,5.15
575,CC/C([N+](=O)[O-])=[N+](/[O-])O,4.1
576,CC/C=C/C(=O)O,4.69
577,CC/C=C/CC(=O)O,4.52
578,CC/N=C1\C=C(NCC)CC(C)(C)C1,12.13
579,CC/N=c1\sc(-c2ccccc2)nn1CC,6.7
580,CC1(C(=O)O)CCCCC1,5.13
581,CC1(C(F)(F)F)NCCc2c1oc1cc(S(=O)(=O)c3cccc(F)c3)ccc21,5.7
582,CC1(C(F)F)NCCc2c1oc1cc(S(=O)(=O)c3cccc(F)c3)ccc21,6.2
583,CC1(C)C(=O)NC(=O)C1(C)C,9.7
584,CC1(C)C=CC(C)(c2cc3ccc(=O)oc3cc2O)CC1,8.12
585,CC1(C)CC(=O)C(=NO)C(=O)C1,5.4
586,CC1(C)CC(=O)C(Br)C(=O)C1,3.1
587,CC1(C)CC(=O)C(C)(C)N1,7.1
588,CC1(C)CC(=O)C(C=O)C(=O)C1,3.65
589,CC1(C)CC(=O)C=C(N2CCCC2)C1,3.15
590,CC1(C)CC(=O)CC(=O)C1,5.21
591,CC1(C)CC(=O)CC1=O,4.2
592,CC1(C)CC(O)[N+](C)(C)C1,8.7
593,CC1(C)CC2CCN1C(=O)C2,5.33
594,CC1(C)CCC(=O)N1O,8.7
595,CC1(C)CCCC(C)(C)N1,11.17
596,CC1(C)CCCCN1Cc1ccc2c(c1)OCO2,10.2
597,CC1(C)CCCN(Cc2ccc3c(c2)OCO3)C1,9.4
598,CC1(C)CCCN1Cc1ccc2c(c1)OCO2,10.0
599,CC1(C)CCN(Cc2ccc3c(c2)OCO3)C1,9.7
600,CC1(C)CCN(Cc2ccc3c(c2)OCO3)CC1,9.5
601,CC1(C)CCN1Cc1ccc2c(c1)OCO2,10.1
602,CC1(C)CCc2c(Cl)c(O)c(Cl)c(Cl)c2O1,7.1
603,CC1(C)CCc2c(cc(Cl)c(O)c2Cl)O1,7.7
604,CC1(C)CCc2c(ccc(O)c2Cl)O1,8.6
605,CC1(C)CCc2cc(O)c(Cl)cc2O1,9.1
606,CC1(C)CCc2cc(O)cc(Cl)c2O1,9.8
607,CC1(C)CCc2cc(O)ccc2O1,10.3
608,CC1(C)CCc2cc(S(=O)(=O)N(CC(=O)O)Cc3cccc(-c4ccccc4)c3)ccc2O1,3.4
609,CC1(C)CN(Cc2ccc3c(c2)OCO3)C1,9.6
610,CC1(C)CN1,5.37
611,CC1(C)NC(=O)NC1=O,9.19
612,CC1(C)NC(=S)NC1=O,8.71
613,CC1(C)NC(=S)NC1=S,7.65
614,CC1(C)OB(O)c2ccccc21,8.32
615,CC1(C)OC(=O)CC(=O)O1,5.15
616,CC1(C)OC(=O)NC1=O,6.15
617,CC1(C)O[C@@H]2CC(=O)OC[C@]23[C@@H]1CC(=O)[C@@]1(C)[C@H]3C[C@](C)(CC2CCOC2)C[C@]12O[C@H]2C(=O)O,2.7
618,CC1(C)O[C@@H]2CO[C@@]3(COS(N)(=O)=O)OC(C)(C)O[C@H]3[C@@H]2O1,8.7
619,CC1(C)SC(=O)NC1=O,6.64
620,CC1(C)SC(=S)NC1=O,5.38
621,CC1(C2CCCC2)Cc2cc(OCC(=O)O)c(Cl)c(Cl)c2C1=O,3.9
622,CC1(Cc2ccccc2)Cc2cc(OCC(=O)O)c(Cl)c(Cl)c2C1=O,3.8
623,CC1([N+](C)(C)C)CN(c2c(F)cc3c(=O)c(C(=O)O)cn(C4CC4)c3c2F)C1,6.03
624,CC1(c2cccc(-c3cccc(Cl)c3)c2)N=C(N)CCO1,9.3
625,CC1(c2ccccc2)COCC(N)=N1,9.8
626,CC1(c2ccccc2)Cc2cc(OCC(=O)O)c(Cl)c(Cl)c2C1=O,3.7
627,CC1(c2ccccc2)Cc2cc(OCCCC(=O)O)c(Cl)c(Cl)c2C1=O,6.4
628,CC12CC3(C)CC(C)(C1)CC(N)(C2)C3,10.58
629,CC12CC3CC(C)(C1)CC(N)(C3)C2,10.42
630,CC12CC3CC(C1)CC(N)(C3)C2,10.56
631,CC12CCC(=O)C=C1c1c(cc(OCC(=O)O)c(Cl)c1Cl)C2,3.75
632,CC12CN3CC(C)(C1)CC(C)(C3)C2,10.7
633,CC1=C(C)C(C(C)C(=O)O)CC1=O,4.4
634,CC1=C(O)CC(Cc2ccc(Br)cc2)C1=O,4.24
635,CC1=C(O)CC(Cc2ccccc2)C1=O,4.47
636,CC1=C(O)CCC1=O,4.47
637,CC1=CC(=O)C=C(C)C1=NO,8.04
638,CC1=CC(=O)CC(=O)O1,5.0
639,CC1=CC(C)(C)SC(=S)N1,10.9
640,CC1=CC(C)=N/C1=C/c1[nH]c(C)cc1C,8.4
641,CC1=CC(C)=Nc2ccc(C)cc2N1,4.65
642,CC1=CC(C)=[N+]2C1=C(c1ccc(N(C)C)cc1)c1c(C)cc(C)n1[B-]2(F)F,3.2
643,CC1=CCCCN1C,11.42
644,CC1=CCCN1C,11.94
645,CC1=CN(C)CC1C,9.6
646,CC1=CSC2=NCCCN12,10.31
647,CC1=CSC2=NCCN12,9.81
648,CC1=NCCCC1,9.57
649,CC1=NCCCCN1,12.7
650,CC1=NCCS1,5.29
651,CC1=NN(c2ccc(OCc3no[n+]([O-])c3C#N)cc2)C(=O)C1,7.06
652,CC1=NS(=O)(=O)c2cc(Cl)ccc2N1,8.59
653,CC1=Nc2ccccc2CO1,4.64
654,CC1C(=O)CC(C)(C)CC1=O,5.6
655,CC1C(=O)OC(C(C)(C)C)C1=O,4.84
656,CC1C(=O)c2ccccc2C1=O,6.17
657,CC1C2c3ccccc3C(c3ccccc32)C1C(N)=O,-0.89
658,CC1C2c3ccccc3C(c3ccccc32)C1CN(C)C,8.99
659,CC1CC(/C=C2\CC(C)(C)CN2)=NC1(C)C,12.1
660,CC1CC(=O)CC(=O)O1,5.1
661,CC1CC(=O)N(O)C1(C)C,8.85
662,CC1CC(C)C(=O)CC1=O,5.62
663,CC1CC2CCN1CC2,11.33
664,CC1CCCC(C)(C)N1,11.27
665,CC1CCCC(C)(C)N1C,10.76
666,CC1CCCC(C)C1C(=O)O,4.88
667,CC1CCCCC1=N,9.38
668,CC1CCCCN1,10.98
669,CC1CCCCN1C,10.26
670,CC1CCCN1C,10.24
671,CC1CCCNC1,10.92
672,CC1CCC[C@H](C(C)C(=O)O)C1,4.59
673,CC1CCN(C)C(C)(C)C1,10.24
674,CC1CCN(CC[C@H]2CCCN2S(=O)(=O)c2cccc3ccccc23)CC1,10.4
675,CC1CCN(c2ccncc2)CC1,-0.56
676,CC1CCN1,10.96
677,CC1CCNC(C)(C)C1,11.1
678,CC1CCNCC1,10.89
679,CC1CN2CCC1CC2,11.29
680,CC1CN=C(C(C)(C)C)S1,5.02
681,CC1NC(N)=Nc2cccc(Cl)c21,9.9
682,CC1NC(N)=Nc2ccccc21,10.5
683,CC1NC(NCC(F)(F)F)=Nc2ccccc21,9.2
684,CC1NC(NCC(F)F)=Nc2c(Cl)ccc(Cl)c21,7.8
685,CC1NC(NCC(F)F)=Nc2ccc(Cl)c(Cl)c21,8.5
686,CC1NC(NCC(F)F)=Nc2cccc(Cl)c21,8.9
687,CC1NC(NCC(F)F)=Nc2ccccc21,9.7
688,CC1NC=CN1,7.86
689,CC1NCCc2c1[nH]c1ccc(Cl)cc21,15.2
690,CC1NOCc2ccccc21,3.7
691,CC1ONCc2ccccc21,3.6
692,CC1SC(C)(C(=O)O)OC1=O,1.94
693,CC=C=CC(=O)CC(Cc1ccccc1)C(=O)O,13.9
694,CC=C=CC(C)(C)C(=O)O,4.58
695,CCC#CC#CC#CC(=O)O,1.67
696,CCC#CC#CC(=O)O,1.91
697,CCC#CC(=O)O,2.6
698,CCC(=O)C(CC(C)N(C)C)(c1ccccc1)c1ccccc1,8.723333
699,CCC(=O)C(CC(C)N1CCOCC1)(c1ccccc1)c1ccccc1,6.89
700,CCC(=O)C(CCN(C)C)(c1ccccc1)c1ccccc1,9.23
701,CCC(=O)C(CCN1CCCCC1)(c1ccccc1)c1ccccc1,8.86
702,CCC(=O)C(CCN1CCOCC1)(c1ccccc1)c1ccccc1,6.98
703,CCC(=O)C(C[C@H](C)N1CCOCC1)(c1ccccc1)c1ccccc1,6.73
704,CCC(=O)C(c1ccccc1)(c1ccccc1)C(C)CN1CCOCC1,7.12
705,CCC(=O)C(c1ccccc1)(c1ccccc1)[C@@H](C)CN(C)C,8.07
706,CCC(=O)CC(=O)CC,9.82
707,CCC(=O)CC(C)=O,9.36
708,CCC(=O)N(c1ccccc1)C1(COC)CCN(CCc2cccs2)CC1,7.85
709,CCC(=O)N(c1ccccc1)C1CCN(CCc2ccccc2)CC1,8.43
710,CCC(=O)NBr,8.2
711,CCC(=O)NO,9.46
712,CCC(=O)NOC(=O)/C=C/c1ccccc1,6.8
713,CCC(=O)O,4.85
714,CCC(=O)OC(C)CN(C)C,8.26
715,CCC(=O)OCCN(C)C,8.29
716,CCC(=O)OO,8.1
717,CCC(=O)O[C@@]1(c2ccccc2)CCN(C)C[C@H]1C,8.66
718,CCC(=O)O[C@](Cc1ccccc1)(c1ccccc1)[C@H](C)CN(C)C,9.2
719,CCC(=O)SCCN(C)C,8.28
720,CCC(=O)c1ccc(O)cc1,1.0
721,CCC(C(=O)O)C(=O)N1CCCCC1,3.86
722,CCC(C(C)=O)C(C)=O,11.33
723,CCC(C)(C)C(=O)O,5.03
724,CCC(C)(C)N,10.89
725,CCC(C)(C)N(C)C(C)(C)C,11.9
726,CCC(C)(C)N(C)C(C)C,11.2
727,CCC(C)(C)NC(C)(C)CC,11.6
728,CCC(C)(C)NC1CCCCC1,11.2
729,CCC(C)(C)Nc1ccccc1,6.55
730,CCC(C)(CC)Nc1ccccc1,6.32
731,CCC(C)(N)CC,10.91
732,CCC(C)C(=O)CCN1CCOCC1,7.07
733,CCC(C)C(=O)c1ccc(OCC(=O)O)c(Cl)c1Cl,3.5
734,CCC(C)CC(=O)O,4.84
735,CCC(C)N,10.56
736,CCC(C)N(C)C,10.4
737,CCC(C)N(C)c1ccccc1,6.03
738,CCC(C)NC(C)C,11.0
739,CCC(C)NC(C)CC,10.94
740,CCC(C)NCC(C)C,10.77
741,CCC(C)Nc1ccccc1,5.47
742,CCC(C)c1ccccc1OC(=O)NC,0.0
743,CCC(CC(C)(C)[N+](=O)[O-])[N+](=O)[O-],9.73
744,CCC(CC(C)C)OO,12.8
745,CCC(CC)C(=O)O,4.73
746,CCC(N)(CC)CC,10.87
747,CCC(N)CCCl,8.53
748,CCC(Oc1ccccc1C)C(=O)O,3.43
749,CCC(P)C(=O)O,4.08
750,CCC([N+](=O)[O-])[N+](=O)[O-],5.67
751,CCC/C=C(/C)C(=O)O,4.44
752,CCC/C=C(\C)C(=O)O,5.13
753,CCC/C=C/C(=O)O,4.71
754,CCC/C=C1\CCCN1C,11.88
755,CCC1(C)CC(=O)NC1=O,9.34
756,CCC1(C)OC(=O)NC1=O,6.0
757,CCC1(C2CCCC2)Cc2cc(OCC(=O)O)c(Cl)c(Cl)c2C1=O,3.9
758,CCC1(CC)C(=O)NC(=O)N(C(=O)c2ccccc2OC)C1=O,6.54
759,CCC1(CC)OC(=O)NC1=O,5.7
760,CCC1(CC)SC(=O)NC1=O,6.42
761,CCC1(c2ccccc2)C(=O)NC(=S)N(C)C1=O,7.65
762,CCC12C=CC(=O)C=C1c1c(cc(OCC(=O)O)c(Cl)c1Cl)C2,3.7
763,CCC12CC3CC(CC(N)(C3)C1)C2,10.61
764,CCC12CCC(=O)C=C1c1c(cc(OCC(=O)O)c(Cl)c1Cl)C2,3.6
765,CCC12CCC(=O)C=C1c1c(cc(OCC(=O)OC(C)(C)C(=O)O)c(Cl)c1Cl)C2,3.8
766,CCC12CCC(=O)C=C1c1c(cc(OCC(=O)OCC(=O)O)c(Cl)c1Cl)C2,3.8
767,CCC12CCC(=O)C=C1c1c(cc(OCC(=O)OCCN3CCOCC3)c(Cl)c1Cl)C2,5.08
768,CCC12CCC(=O)C=C1c1c(cc(OCCCC(=O)O)c(Cl)c1Cl)C2,3.7
769,CCC1=CC(=O)C=C(CC)C1=NO,8.34
770,CCC1=NCCC1,7.91
771,CCC1C(=O)C=C(C)OC1=O,5.3
772,CCC1C(=O)COC1=O,4.29
773,CCC1C(=O)c2ccccc2C1=O,6.5
774,CCC1CCCN1C,9.78
775,CCC1CN1,5.69
776,CCC1CN1CC,8.19
777,CCC1CSC(C(C)C)=N1,5.28
778,CCC1NC=CN1,7.73
779,CCCC(=N)OCC,7.08
780,CCCC(=O)C(CCN1CCOCC1)(c1ccccc1)c1ccccc1,7.17
781,CCCC(=O)NO,9.48
782,CCCC(=O)O,4.8
783,CCCC(=O)OC(C)CN(C)C,8.27
784,CCCC(=O)OCCN(C)C,8.31
785,CCCC(=O)OO,8.2
786,CCCC(=O)SCCN(C)C,8.32
787,CCCC(CCC)C(=O)O,4.8
788,CCCC([N+](=O)[O-])[N+](=O)[O-],5.2
789,CCCC/C=[N+](\[O-])O,4.5
790,CCCC1(CCC)SC(=O)NC1=O,6.37
791,CCCC12CC(=O)C=C1c1c(cc(OCC(=O)O)c(Cl)c1Cl)C2,3.84
792,CCCC12CCC(=O)C(C)=C1c1c(cc(OCC(=O)O)c(Cl)c1Cl)C2,3.5
793,CCCC12CCC(=O)C=C1c1c(cc(O)c(Cl)c1Cl)C2,6.18
794,CCCC12CCC(=O)C=C1c1c(cc(OCC(=O)O)c(C)c1C)C2,4.3
795,CCCC12CCC(=O)C=C1c1c(cc(OCC(=O)O)c(Cl)c1Cl)C2,3.6
796,CCCC12CCC(=O)C=C1c1c(cc(OCC(=O)OC(C)(C)C(=O)O)c(Cl)c1Cl)C2,3.8
797,CCCC12CCC(=O)C=C1c1ccc(OCC(=O)O)cc1C2,4.05
798,CCCC12CCC(C(C)=O)=C1c1c(cc(OCC(=O)O)c(Cl)c1Cl)C2,4.1
799,CCCC1CCCN1C,9.78
800,CCCCC#CC(=O)O,2.61
801,CCCCC(=O)O,4.82
802,CCCCC(CC)C(=O)O,4.76
803,CCCCC([N+](=O)[O-])[N+](=O)[O-],5.45
804,CCCCC/C(N)=N/N(C)C,10.4
805,CCCCC12CCC(=O)C=C1c1c(cc(OCC(=O)O)c(Cl)c1Cl)C2,3.5
806,CCCCC1C(=O)N(c2ccccc2)N(c2ccccc2)C1=O,3.8
807,CCCCC1CCCN1C,10.01
808,CCCCCC(=O)CC(C)=O,9.2
809,CCCCCC(=O)NO,9.58
810,CCCCCC(=O)O,4.85
811,CCCCCC(C)(C)N,10.83
812,CCCCCC(C)N,11.15
813,CCCCCC(C)NC,10.99
814,CCCCCC([N+](=O)[O-])[N+](=O)[O-],5.5
815,CCCCCCC(=O)NO,9.62
816,CCCCCCC(=O)O,4.88
817,CCCCCCC([N+](=O)[O-])[N+](=O)[O-],5.5
818,CCCCCCCC(=O)NO,9.19
819,CCCCCCCC(=O)O,4.9
820,CCCCCCCCC(=O)O,4.9
821,CCCCCCCCC(=O)OO,8.23
822,CCCCCCCCCC(=O)O,4.895
823,CCCCCCCCCCC(=O)O,4.9
824,CCCCCCCCCCCC(=O)O,4.895
825,CCCCCCCCCCCCC(=O)O,4.9
826,CCCCCCCCCCCCCCN,10.62
827,CCCCCCCCCCCCCN,10.63
828,CCCCCCCCCCCCN,10.615
829,CCCCCCCCCCCCN1CCOCC1,7.6
830,CCCCCCCCCCCCNCC(F)F,7.5
831,CCCCCCCCCCCN,10.63
832,CCCCCCCCCCN,10.64
833,CCCCCCCCCCOC(=O)c1ccc(OS(N)(=O)=O)cc1,8.09
834,CCCCCCCCCNCc1ccc(C)cc1,9.48
835,CCCCCCCCCOC(=O)c1ccc(OS(N)(=O)=O)cc1,8.39
836,CCCCCCCCCn1ccnc1,6.6
837,CCCCCCCCN,10.76
838,CCCCCCCCN1CCCCC1,8.28
839,CCCCCCCCNCC(F)(F)F,5.9
840,CCCCCCCCNCc1ccc(C)cc1,9.47
841,CCCCCCCCOC(=O)c1ccc(OS(N)(=O)=O)cc1,8.09
842,CCCCCCCCOCCN(C)C,8.87
843,CCCCCCCN,10.34
844,CCCCCCCNCc1ccc(C)cc1,10.02
845,CCCCCCCNc1ccccc1,5.09
846,CCCCCCCOC(=O)c1ccc(OS(N)(=O)=O)cc1,8.27
847,CCCCCCN,10.68
848,CCCCCCNCCCCCC,11.01
849,CCCCCCNCc1ccc(C)cc1,10.17
850,CCCCCCNc1ccccc1,5.21
851,CCCCCCOC(=O)c1ccc(OS(N)(=O)=O)cc1,8.52
852,CCCCCCP(=O)(O)CCCCCC,3.24
853,CCCCCCn1ccnc1,7.2
854,CCCCCN,10.65
855,CCCCCN(C1=NCCN1)c1c(Br)cccc1Br,11.0
856,CCCCCNC(=O)NS(=O)(=O)c1cc(Cl)ccc1OC,5.46
857,CCCCCNC1=NCCN1OCCCc1ccccc1,10.0
858,CCCCCNC1=NCCN1OCCc1ccccc1,9.9
859,CCCCCNC1=NCCN1OCc1ccccc1,10.1
860,CCCCCNCCCCC,11.18
861,CCCCCNCc1ccc(C)cc1,10.08
862,CCCCCNc1ccccc1,5.2
863,CCCCCNc1nc2ccccc2n1CCc1ccccc1,7.4
864,CCCCCOC(=O)c1ccc(OS(N)(=O)=O)cc1,8.47
865,CCCCCOc1ccc(C(=O)O)cc1,4.49
866,CCCCCOc1ccc(O)cc1,10.23
867,CCCCCP(=O)(O)CCCCC,3.23
868,CCCCCSC(=N)c1ccccc1,8.5
869,CCCCCSC1=NCCN1OCc1ccccc1,8.5
870,CCCCC[C@H](C)N,10.8
871,CCCCCc1cccnn1,3.7
872,CCCCCn1ccnc1,7.12
873,CCCCN,10.723333
874,CCCCN(C)C,10.03
875,CCCCN(C1=NCCN1)c1c(Br)cccc1Br,10.97
876,CCCCN(CC1CO1)CC1CO1,6.91
877,CCCCN(CCCC)CCCC,10.8
878,CCCCN(CCCC)c1ccc([N+](=O)[O-])cc1,1.08
879,CCCCN(CCCC)c1ccccc1,6.41
880,CCCCN(CCCC)c1nnc(-c2ccccc2)cc1C,4.88
881,CCCCN(CCCl)CCCl,6.63
882,CCCCN/C(C)=N/N(C)C,10.4
883,CCCCN1CCCC1,10.36
884,CCCCN1CCCC1C,10.65
885,CCCCN1CCCCC1,10.47
886,CCCCN1CCCCC1C,10.7
887,CCCCNC,10.8
888,CCCCNC(=O)NS(=O)(=O)c1ccc(C)cc1,5.275
889,CCCCNCCC#N,8.3
890,CCCCNCCCC,11.29
891,CCCCNCc1ccc(C)cc1,9.98
892,CCCCNCc1ccccc1,9.46
893,CCCCN[N+](=O)[O-],6.48
894,CCCCNc1c(N(C)CCCN(C)C)c(=O)c1=O,8.8
895,CCCCNc1ccccc1,5.11
896,CCCCNc1ccnc2cccc([N+](=O)[O-])c12,7.18
897,CCCCNc1nnc(-c2ccccc2)cc1C,6.1
898,CCCCO,15.58
899,CCCCOC(=N)c1ccccc1,6.09
900,CCCCOC(=O)c1ccc(N)cc1,2.47
901,CCCCOC(=O)c1ccc(O)cc1,8.34
902,CCCCOC(=O)c1ccc(OS(N)(=O)=O)cc1,8.07
903,CCCCOC(=O)c1ccc[n+](O)c1,0.03
904,CCCCOC(=S)NC(C)=O,9.25
905,CCCCOc1ccc(C(=O)O)cc1,4.48
906,CCCCOc1ccc(O)cc1,10.23
907,CCCCOc1ccc(OCCCN2CCOCC2)cc1,6.24
908,CCCCOc1cccc(C(=O)O)c1,4.25
909,CCCCP(=O)(O)CCCC,3.22
910,CCCCS,10.78
911,CCCCS(=O)O,2.2
912,CCCCSC(=N)c1ccccc1,8.21
913,CCCCSC1=NCCN1,9.0
914,CCCCSCC(=O)O,3.81
915,CCCCSCCN,8.37
916,CCCCSCCN(CC)CC,8.43
917,CCCC[As](=O)(O)CCCC,6.65
918,CCCC[Se](=O)O,5.29
919,CCCCc1cc(Cl)cc(Cl)c1O,8.1
920,CCCCc1ccccc1N,4.26
921,CCCCc1cccnn1,3.49
922,CCCCc1nc(N)c2ncsc2n1,3.49
923,CCCCn1ccnc1,7.14
924,CCCCn1cnc2ccccc21,5.31
925,CCCN,10.675
926,CCCN(C)C,9.62
927,CCCN(C)c1ccccc1,5.67
928,CCCN(C1=NCCN1)c1c(Br)cccc1Br,11.0
929,CCCN(CC)c1ccccc1,6.39
930,CCCN(CCC)CCC,10.47
931,CCCN(CCC)CCc1c[nH]c2ccccc12,8.6
932,CCCN(CCC)Cc1no[n+]([O-])c1C#N,5.46
933,CCCN(CCC)S(=O)(=O)c1ccc(C(=O)O)cc1,3.4
934,CCCN(CCC)c1ccc([N+](=O)[O-])cc1,1.06
935,CCCN(CCC)c1ccccc1,6.13
936,CCCN(CCCl)CCCl,6.7
937,CCCN1C=CC(=CC=C2C=CC(=O)C=C2)C=C1,8.5
938,CCCN1CC(O[Si](C)(C)C)C1,8.89
939,CCCN1CCCCC1,10.45
940,CCCN1CCN(c2ccc(C#N)cc2)CC1,7.78
941,CCCN1CCN(c2ccc([N+](=O)[O-])cc2)CC1,7.59
942,CCCN1CCN(c2cccc(C#N)c2)CC1,7.67
943,CCCN1CCN(c2cccc(Cl)c2)CC1,7.83
944,CCCN1CCN(c2cccc([N+](=O)[O-])c2)CC1,7.7
945,CCCN1CCN(c2ccccc2C#N)CC1,7.92
946,CCCN1CCN(c2ccccc2C(F)(F)F)CC1,8.8
947,CCCN1CCN(c2ccccc2Cl)CC1,8.07
948,CCCN1CCN(c2ccccc2OC)CC1,8.29
949,CCCN1CCN(c2ccccc2[N+](=O)[O-])CC1,7.94
950,CCCN1C[C@H](CSC)C[C@@H]2c3cccc4[nH]cc(c34)C[C@H]21,8.78
951,CCCNC(=O)NS(=O)(=O)c1ccc(Cl)cc1,4.9
952,CCCNC(C)(C)P(=O)(OCC)OCC,6.99
953,CCCNC(C)C,10.96
954,CCCNC1c2ccccc2C=Cc2ccccc21,8.9
955,CCCNCCC,11.02
956,CCCNCc1ccc(C)cc1,9.98
957,CCCNCc1ccccc1,9.62
958,CCCN[N+](=O)[O-],6.47
959,CCCNc1c2ccccc2nc2cccc([N+](=O)[O-])c12,7.2
960,CCCNc1ccccc1,5.12
961,CCCO,15.97
962,CCCOC(=O)c1ccc(N)cc1,2.49
963,CCCOC(=O)c1ccc(O)cc1,8.3
964,CCCOC(=O)c1ccc(OS(N)(=O)=O)cc1,8.03
965,CCCOC(=S)NC(C)=O,9.34
966,CCCOC(C(=O)OC1CCN(C)CC1)(c1ccccc1)c1ccccc1,6.65
967,CCCOc1ccc(C(=O)O)cc1,4.63
968,CCCOc1ccc(O)cc1,10.23
969,CCCOc1ccccc1C(=O)O,4.24
970,CCCP(=O)(O)CCC,3.33
971,CCCS,10.56
972,CCCS(=O)O,2.35
973,CCCSC(=N)c1ccccc1,8.1
974,CCCSC(C)C(=O)O,3.82
975,CCCSCC(=O)O,3.77
976,CCCSCCN,9.43
977,CCCSCCN(CC)CC,8.83
978,CCC[Se](=O)O,5.25
979,CCC[Si](C)(CCC)CC(=O)O,5.65
980,CCC[n+]1cccc2c(O)cccc21,6.06
981,CCC[n+]1cccc2cc(O)ccc21,7.08
982,CCCc1c(C)[nH][n+](C)c1[O-],10.5
983,CCCc1cc(Cl)cc(Cl)c1O,8.1
984,CCCc1ccc(C)nn1,4.25
985,CCCc1ccc(CCCN(C)C)cc1,10.54
986,CCCc1ccccc1N,4.36
987,CCCc1ccccn1,5.97
988,CCCc1cccnn1,3.59
989,CCCc1oc2ccccc2c(=O)c1C(=O)c1ccc(O)cc1,7.74
990,CCCn1ccnc1C,8.2
991,CCCn1ccnc1C=O,5.15
992,CCCn1cnc2ccccc21,5.46
993,CCCn1cncn1,2.36
994,CCCn1nnnc1N,1.8
995,CCN,10.77
996,CCN(C(C)C)C(C)C,11.44
997,CCN(C)C,10.125
998,CCN(C)C(=O)Oc1cccc([C@H](C)N(C)C)c1,8.99
999,CCN(C)CC,10.39
1000,CCN(C)Cc1no[n+]([O-])c1C#N,5.79
1001,CCN(C)c1ccccc1,6.02
1002,CCN(C1=NCCN1)c1c(Br)cccc1Br,11.1
1003,CCN(CC#N)CC#N,3.98
1004,CCN(CC)/N=C(\C)N,10.6
1005,CCN(CC)/N=C(\N)CC[Si](C)(C)C,10.65
1006,CCN(CC)C(=O)CN1C(=O)Nc2ccccc2C1c1ccccc1,-0.58
1007,CCN(CC)C(=S)NC(=O)c1ccc(C)cc1,8.77
1008,CCN(CC)C(=S)NC(=O)c1ccc(Cl)cc1,8.0
1009,CCN(CC)C(=S)NC(=O)c1ccc(F)cc1,8.13
1010,CCN(CC)C(=S)NC(=O)c1cccc(C)c1,8.36
1011,CCN(CC)C(=S)NC(=O)c1cccc(F)c1,8.21
1012,CCN(CC)C(=S)NC(=O)c1ccccc1,8.45
1013,CCN(CC)C(=S)S,3.95
1014,CCN(CC)C(C)(C)C=O,8.3
1015,CCN(CC)C(C)C=C(c1cccs1)c1cccs1,8.9
1016,CCN(CC)CC,10.765
1017,CCN(CC)CC#N,4.18
1018,CCN(CC)CC(=O)N(C)c1ccccc1C,8.74
1019,CCN(CC)CC(=O)NC1CCCCC1,8.21
1020,CCN(CC)CC1CO1,8.55
1021,CCN(CC)CCBr,7.0
1022,CCN(CC)CCC#N,7.62
1023,CCN(CC)CCC(C)=O,9.25
1024,CCN(CC)CCC(OC(=O)c1ccccc1)c1ccccc1,7.53
1025,CCN(CC)CCCC#N,9.29
1026,CCN(CC)CCCC(C)=O,10.1
1027,CCN(CC)CCCCC#N,10.08
1028,CCN(CC)CCCN1c2cc(F)ccc2CCc2ccc(F)cc21,7.65
1029,CCN(CC)CCOC(=O)c1ccc2ccccc2c1,7.52
1030,CCN(CC)CCOC(=O)c1ccccc1,8.9
1031,CCN(CC)CCSC,9.62
1032,CCN(CC)CCSC(C)C,9.32
1033,CCN(CC)CCSC1CCCCC1,8.11
1034,CCN(CC)CCSCC(C)C,8.83
1035,CCN(CC)Cc1ccccc1,9.44
1036,CCN(CC)Cc1ccccc1OC,10.2
1037,CCN(CC)Cc1no[n+]([O-])c1C#N,5.8
1038,CCN(CC)S(=O)(=O)c1ccc(N)cc1,1.75
1039,CCN(CC)S(=O)(=O)c1ccccc1C(=O)O,2.96
1040,CCN(CC)S(=O)(=O)c1ccsc1C(=O)O,2.77
1041,CCN(CC)c1ccc(C)cc1,7.18
1042,CCN(CC)c1ccc([N+](=O)[O-])cc1,1.7
1043,CCN(CC)c1ccccc1,6.6
1044,CCN(CC)c1ccccc1C,7.18
1045,CCN(CC)c1ccccn1,7.32
1046,CCN(CC)c1nnc(-c2ccccc2)s1,3.09
1047,CCN(CC1CO1)CC1CO1,6.91
1048,CCN(CCC#N)CCC#N,4.55
1049,CCN(CCCN1CCc2cc(OC)ccc2C1)S(=O)(=O)c1ccc(C)cc1,7.4
1050,CCN(CCCN1CCc2cc(OC)ccc2C1)S(=O)(=O)c1ccc(OC)cc1,7.4
1051,CCN(CCCN1CCc2cc(OC)ccc2C1)S(=O)(=O)c1cccc2ccccc12,7.4
1052,CCN(CCCN1CCc2cc(OC)ccc2C1)S(=O)(=O)c1ccccc1,7.4
1053,CCN(Cc1ccccc1)Cc1no[n+]([O-])c1C#N,5.58
1054,CCN(Cl)CC,1.02
1055,CCN(c1ccccc1)C(C)(C)C,8.02
1056,CCN(c1nnn[nH]1)[N+](=O)[O-],2.86
1057,CCN1CC(O[Si](C)(C)C)C1,8.68
1058,CCN1CC1,7.91
1059,CCN1CCC=C1C,11.88
1060,CCN1CCCC1,10.96
1061,CCN1CCCC1C,10.6
1062,CCN1CCCC=C1C,11.57
1063,CCN1CCCCC1,10.68
1064,CCN1CCCCC1C,10.68
1065,CCN1CCOCC1,7.72
1066,CCN1CCc2onc(OC)c2C1,7.0
1067,CCN1CNS(=O)(=O)c2cc(Cl)ccc21,9.33
1068,CCN1[C@@H](C)[C@@H]1C,9.41
1069,CCN1[C@@H](C)[C@H]1C,8.57
1070,CCN=S1(=O)NC(=O)c2ccccc21,6.9
1071,CCNC(=O)CS,8.14
1072,CCNC(=S)Nc1ccc2oc(=O)ccc2c1,5.62
1073,CCNC(=S)OC(C)C,11.52
1074,CCNC(C)C,11.03
1075,CCNC(C)Cc1cccc(C(F)(F)F)c1,10.0
1076,CCNC(N)=O,1.19
1077,CCNC1=NS(=O)(=O)c2ccccc21,11.7
1078,CCNC1=Nc2ccccc2C(C)N1,10.8
1079,CCNCC,11.05
1080,CCNCC(=O)N(CC)CC,8.78
1081,CCNC[Si](C)(C)C,11.11
1082,CCNCc1ccc(C)cc1,10.04
1083,CCNCc1ccccc1,9.75
1084,CCNCl,0.93
1085,CCN[N+](=O)[O-],6.39
1086,CCNc1ccc(C)cc1,5.72
1087,CCNc1cccc2ccccc12,4.19
1088,CCNc1ccccc1,5.29
1089,CCNc1ccccc1C,4.92
1090,CCOC(=O)/C(=N\O)C(C)=O,7.2
1091,CCOC(=O)/C(C)=N/O,9.64
1092,CCOC(=O)/C=C(/C)O,9.51
1093,CCOC(=O)C(=NO)C(=O)OCC,5.48
1094,CCOC(=O)C(C)N,7.8
1095,CCOC(=O)C(CC)C(C)=O,12.74
1096,CCOC(=O)C(Cc1ccc(C)cc1)C(C)=O,11.88
1097,CCOC(=O)C(Cc1ccc([N+](=O)[O-])cc1)C(C)=O,11.06
1098,CCOC(=O)C(Cc1cccc(C)c1)C(C)=O,11.87
1099,CCOC(=O)C(Cc1ccccc1)C(C)=O,11.81
1100,CCOC(=O)C(N)CC,7.71
1101,CCOC(=O)C(N)CC(C)C,7.63
1102,CCOC(=O)C1(c2ccccc2)CCN(C)CC1,9.125
1103,CCOC(=O)C1(c2ccccc2)CCN(CC(F)(F)F)CC1,3.13
1104,CCOC(=O)C1(c2ccccc2)CCN(CC(F)F)CC1,5.23
1105,CCOC(=O)C1(c2ccccc2)CCN(CC)CC1,9.03
1106,CCOC(=O)C1(c2ccccc2)CCN(CCF)CC1,7.43
1107,CCOC(=O)C1=C(COCCN)NC(C)=C(C(=O)OC)C1c1ccccc1Cl,8.9325
1108,CCOC(=O)C1C2c3ccccc3C(c3ccccc32)C1N(C)C,7.48
1109,CCOC(=O)C1CC2CCN1CC2,8.8
1110,CCOC(=O)C1CCCC1=O,10.68
1111,CCOC(=O)C1CCCCC1=O,11.9
1112,CCOC(=O)C1CCc2nc3c(ccn4ccnc34)cc2C1,4.08
1113,CCOC(=O)C1CN2CCC1CC2,9.64
1114,CCOC(=O)CC(=O)c1ccc(C)cc1,10.73
1115,CCOC(=O)CC(C(=O)OCC)n1ccnc1,6.02
1116,CCOC(=O)CC(C)=O,10.66
1117,CCOC(=O)CC(CC(=O)OCC)n1ccnc1,6.45
1118,CCOC(=O)CC(NC)c1ccccc1,8.23
1119,CCOC(=O)CC(c1ccccc1)N(C)C,7.66
1120,CCOC(=O)CCCCCN,10.37
1121,CCOC(=O)CCCCN,10.15
1122,CCOC(=O)CCCN,9.71
1123,CCOC(=O)CCCc1ccccn1,5.32
1124,CCOC(=O)CCN,9.13
1125,CCOC(=O)CCN(C)C,8.6
1126,CCOC(=O)CN,7.74
1127,CCOC(=O)C[C@H](N)c1ccccc1,8.32
1128,CCOC(=O)C[N+](=O)[O-],5.82
1129,CCOC(=O)Cc1ccccn1,4.25
1130,CCOC(=O)N(Cc1ccccc1-c1ccccc1)[C@H]1CCNC1,9.6
1131,CCOC(=O)N1CCC(=C2c3ccc(Cl)cc3CCc3cccnc32)CC1,4.58
1132,CCOC(=O)N1CCN(C)CC1,7.31
1133,CCOC(=O)N1CCN(Cc2nc(-c3cccc(Cl)c3)no2)CC1,3.4
1134,CCOC(=O)N1CCN(Cc2nnc(-c3cc(Cl)ccc3F)o2)CC1,3.5
1135,CCOC(=O)N1CCN(Cc2nnc(-c3cccc(Cl)c3)o2)CC1,3.5
1136,CCOC(=O)N1CCN(Cc2noc(-c3cc(Cl)ccc3F)n2)CC1,4.0
1137,CCOC(=O)N1CCNCC1,8.28
1138,CCOC(=O)[C@@H](N)CC(C)C,7.63
1139,CCOC(=O)[C@H](C)N,7.8
1140,CCOC(=O)c1c(O)nnn1Cc1ccccc1,5.38
1141,CCOC(=O)c1cc(C)[n+](O)c(C)c1,-0.13
1142,CCOC(=O)c1cc2cc(F)c(O)c(F)c2oc1=O,3.8
1143,CCOC(=O)c1ccc(CCN)cc1,9.58
1144,CCOC(=O)c1ccc(N)cc1,2.526667
1145,CCOC(=O)c1ccc(O)c([N+](=O)[O-])c1,5.44
1146,CCOC(=O)c1ccc(O)cc1,8.82
1147,CCOC(=O)c1ccc(OS(N)(=O)=O)cc1,8.22
1148,CCOC(=O)c1cccc(O)c1,9.05
1149,CCOC(=O)c1cccnc1,3.2
1150,CCOC(=O)c1cn2c(C)c(C)nc2c2c1CCC(c1ccccc1)O2,6.35
1151,CCOC(=O)c1cnc(N(C)C)s1,2.77
1152,CCOC(=O)c1cnc2cc3c(cc2c1OCC)OCO3,4.09
1153,CCOC(=O)c1cnc2ccccc2c1OCC,3.88
1154,CCOC(=O)c1cncn1[C@H](C)c1ccccc1,4.5
1155,CCOC(=O)c1n[nH]c2c(c1=O)c(=O)n(C)c(=O)n2C,7.32
1156,CCOC(=O)c1nn(C)nc1O,5.14
1157,CCOC(=O)c1nn(Cc2ccccc2)nc1O,5.14
1158,CCOC(=O)c1nonc1O,3.24
1159,CCOC(=O)c1nsnc1O,4.21
1160,CCOC(=O)c1s/c(=N/c2ccc3oc(=O)ccc3c2)n(CC)c1C,7.44
1161,CCOC(=S)NC(=O)c1ccccc1,7.46
1162,CCOC(=S)S,1.79
1163,CCOC(C)=N,7.15
1164,CCOCC(=O)O,3.61
1165,CCOCCN(C)c1ccccc1,4.8
1166,CCOCCN(CCOCC)c1ccccc1,4.1
1167,CCOCCNc1ccc(C)cc1,4.6
1168,CCOCCNc1ccc(Cl)cc1,3.28
1169,CCOCCNc1ccc(OC)cc1,4.99
1170,CCOCCNc1cccc(C)c1,4.24
1171,CCOCCNc1cccc(OC)c1,3.67
1172,CCOCCNc1ccccc1,4.04
1173,CCOO,11.8
1174,CCOP(=O)(CN1CCOCC1)OCC,4.0
1175,CCOP(=O)(OCC)C1(C)CCCN1,7.01
1176,CCOP(=O)(SC(C)CC)N1OCCC1=O,10.5
1177,CCOP(=S)(NC(C)CC)Oc1cc(C)ccc1[N+](=O)[O-],0.0
1178,CCOP(=S)(OCC)Oc1cc(C)nc(C(C)C)n1,0.0
1179,CCO[C@H]1C[C@@H]1C(=O)O,4.46
1180,CCO[C@H]1C[C@H]1C(=O)O,4.83
1181,CCO[Si](C)(CN)OCC,9.19
1182,CCOc1c(C#N)cnc2ccccc12,3.18
1183,CCOc1cc([C@@H](CS(C)(=O)=O)N2C(=O)c3cccc(NC(C)=O)c3C2=O)ccc1OC,9.8
1184,CCOc1ccc(-c2ccc(CCCN(C)C)cc2)cc1,9.82
1185,CCOc1ccc(/N=C/N(C)C)cc1,9.24
1186,CCOc1ccc(C(=O)NC(=S)N(CC)CC)cc1,8.83
1187,CCOc1ccc(C(=O)O)c(C)c1,4.54
1188,CCOc1ccc(C(=O)O)cc1,4.64
1189,CCOc1ccc(C(=O)c2ccc3n2CCC3C(=O)O)cc1,3.46
1190,CCOc1ccc(C)c(C(=O)O)c1,3.86
1191,CCOc1ccc(N)cc1,5.25
1192,CCOc1ccc(NC(C)=O)cc1,2.2
1193,CCOc1ccc(Nc2ccccc2)cc1,1.41
1194,CCOc1ccc(O)cc1,10.23
1195,CCOc1ccc2ccc(OCC)c(N3CCOCC3)c2c1N1CCOCC1,12.5
1196,CCOc1ccc2nc(/C=C/C=C/c3ccccc3)cc(N)c2c1,9.5
1197,CCOc1ccc2nc(/C=C/c3ccccc3)cc(N)c2c1,9.5
1198,CCOc1ccc2nc3c(c(N4CCOCC4)c2c1)CCC3,7.11
1199,CCOc1ccc2nc3cc([N+](=O)[O-])ccc3c(N)c2c1,7.5
1200,CCOc1cccc(/N=C/N(C)C)c1,8.87
1201,CCOc1cccc(C(=O)O)c1,4.17
1202,CCOc1cccc(C(=O)O)c1C,3.73
1203,CCOc1cccc(C(=O)c2ccc3n2CCC3C(=O)O)c1,3.46
1204,CCOc1cccc(C)c1C(=O)O,3.51
1205,CCOc1cccc(N)c1,4.15
1206,CCOc1cccc[n+]1O,1.18
1207,CCOc1ccccc1/C=C/C(=O)O,4.68
1208,CCOc1ccccc1/C=C\C(=O)O,4.35
1209,CCOc1ccccc1C(=O)O,4.18
1210,CCOc1ccccc1N,4.51
1211,CCOc1ccccn1,3.47
1212,CCOc1noc2c1CN(C)CC2,6.6
1213,CCP(=O)(CC)CC(C)=O,11.94
1214,CCP(=O)(CC)CC=O,10.95
1215,CCP(=O)(O)CC,3.22
1216,CCS(=O)O,2.27
1217,CCSC(=N)c1ccccc1,6.05
1218,CCSC(C)=N,6.9
1219,CCSC(C)C(=O)O,3.8
1220,CCSC(C)O,14.34
1221,CCSCCN,9.48
1222,CCSCCN(CC)CC,9.03
1223,CCSc1nccc(O)[n+]1C,0.9
1224,CC[C@@H](C[C@H]1COC(N)=N1)c1ccccc1,8.98
1225,CC[C@@H]1C(=O)OC[C@@H]1Cc1cncn1C,6.99
1226,CC[C@@H]1C(=O)OC[C@H]1Cc1cncn1C,7.17
1227,CC[C@H]1CN2CCc3cc(OC)c(OC)cc3[C@@H]2C[C@@H]1CC=O,8.11
1228,CC[C@]1(c2ccccc2)NC(=O)NC1=O,8.5
1229,CC[C@]12CCCN3CC[C@@]4(c5cccc(OC)c5N(C(C)=O)[C@H]4CC1)[C@@H]32,7.57
1230,CC[C@]12CCCN3CCc4c(n(c5ccccc45)CC1)[C@@H]32,6.9
1231,CC[N+](O)(CC)CC,5.13
1232,CC[Se](=O)O,5.28
1233,CC[Si](C)(C)CC(=O)O,5.4
1234,CC[Si](C)(C)CCCC(=O)O,5.02
1235,CC[Si](C)(C)CN,10.73
1236,CCc1c(C)nnc(C)c1C,5.17
1237,CCc1c(O)c(=O)ccn1CC,6.87
1238,CCc1c(O)ccc(C(C)C)c1C,10.85
1239,CCc1cc(C(=O)O)cs1,4.19
1240,CCc1cc(C(C)C)c(O)cc1C,10.91
1241,CCc1cc(C(C)C)ccc1O,10.77
1242,CCc1cc(C)cc(CC)c1C1C(=O)N2CCOCCN2C1=O,3.82
1243,CCc1cc(C)cc(O)c1,10.1
1244,CCc1cc(C)nnc1C,4.73
1245,CCc1cc(Cl)n(C)c2nc3ccccc3c1-2,7.46
1246,CCc1cc(N)cc(N2CCc3ccccc3C2)n1,9.0
1247,CCc1cc(O)cc(C)c1Cl,9.6
1248,CCc1cc([N+](=O)[O-])cc(CC)c1O,7.73
1249,CCc1cc2c(C)cc(=O)oc2cc1O,8.01
1250,CCc1ccc(C(=O)/C=C/C(=O)O)cc1,3.38
1251,CCc1ccc(C(=O)NN(C(=O)c2cc(C)cc(C)c2)C(C)(C)C)cc1,0.0
1252,CCc1ccc(C(C)C)cc1O,10.61
1253,CCc1ccc(C)nn1,4.17
1254,CCc1ccc(CCCCN(C)C)cc1,9.9
1255,CCc1ccc(CCCN(C)C)cc1,10.63
1256,CCc1ccc(N)cc1,5.16
1257,CCc1ccc(O)c(C(C)C)c1,10.82
1258,CCc1ccc(O)cc1,10.105
1259,CCc1cccc(CC)c1NC1=NCCN1,10.606667
1260,CCc1cccc2c3c([nH]c12)C(CC)(CC(=O)O)OCC3,4.7
1261,CCc1cccc2ccc(O)cc12,9.54
1262,CCc1ccccc1C(=O)O,3.79
1263,CCc1ccccc1N,4.37
1264,CCc1ccccc1O,10.2
1265,CCc1ccccn1,5.975
1266,CCc1cccnc1,5.57
1267,CCc1cccnn1,3.58
1268,CCc1ccncc1,5.94
1269,CCc1ccnnc1C,4.03
1270,CCc1cncc(C)c1,5.2
1271,CCc1cnccc1N,9.17
1272,CCc1cnnc(C)c1,4.17
1273,CCc1oc2ccccc2c(=O)c1C(=O)c1cc(Br)c(O)c(Br)c1,4.72
1274,CCc1oc2ccccc2c(=O)c1C(=O)c1ccc(O)cc1,7.74
1275,CCc1oc2ccccc2c1C(=O)c1cc(C)c(O)c(C)c1,8.5
1276,CCn1c(-c2ccc(OC)cc2)cs/c1=N/c1ccc2oc(=O)ccc2c1,7.63
1277,CCn1c(=O)nc2sc(S(N)(=O)=O)nn2c1=O,7.3
1278,CCn1cc(C#N)c(=O)c2ccccc21,-1.55
1279,CCn1cc(C(=O)OCN(C)C(=O)OC)c(=O)c2ccc(C)nc21,6.0
1280,CCn1cc([C@]2(c3cccc(C#CC4CC4)c3)N=C(N)c3c(F)cccc32)cc(C)c1=O,7.6
1281,CCn1cccc(O)c1=O,8.99
1282,CCn1ccnc1C,8.09
1283,CCn1cnc2ccccc21,5.66
1284,CCn1cncn1,2.39
1285,CCn1nc(-c2ccccc2)sc1=N,6.1
1286,CCn1nc(C(=O)O)c(=O)c2cc3c(cc21)OCO3,4.7
1287,CCn1nnc(CC(=O)O)n1,3.45
1288,CCn1nnnc1NC(C)=O,8.38
1289,CCn1nnnc1N[N+](=O)[O-],2.02
1290,CN,10.695
1291,CN(C(=O)c1ccccc1)c1ccccn1,1.44
1292,CN(C(=O)c1ccccc1)c1cccnc1,3.66
1293,CN(C(=O)c1ccccc1)c1ccncc1,4.68
1294,CN(C)/C=N/c1ccc(Br)cc1,8.1
1295,CN(C)/C=N/c1ccc(Cl)cc1,8.46
1296,CN(C)/C=N/c1ccc([N+](=O)[O-])cc1,6.71
1297,CN(C)/C=N/c1cccc(Br)c1,8.08
1298,CN(C)/C=N/c1cccc(Cl)c1,7.97
1299,CN(C)/C=N/c1cccc([N+](=O)[O-])c1,7.29
1300,CN(C)/C=N/c1ccccc1,9.0
1301,CN(C)/C=N/c1ccccc1Br,6.71
1302,CN(C)/C=N/c1ccccc1Cl,6.85
1303,CN(C)/C=N/c1ccccc1[N+](=O)[O-],5.65
1304,CN(C)/N=C(\N)CC[Si](C)(C)C,10.2
1305,CN(C)C,9.88
1306,CN(C)C(=O)CS,8.1
1307,CN(C)C(=O)Cn1c(-c2ccccc2)c(C2CCCCC2)c2ccc(-c3noc(=O)[nH]3)cc21,4.8
1308,CN(C)C(=O)N(C)C,1.04
1309,CN(C)C(=O)OCC(=O)O,3.01
1310,CN(C)C(=O)c1ccccc1,1.2
1311,CN(C)C(=O)n1nc(C(C)(C)C)nc1SCC(=O)O,3.49
1312,CN(C)C(=S)OCC(=O)O,2.87
1313,CN(C)C(=S)SCC(=O)O,3.34
1314,CN(C)C(C)(C)C,10.52
1315,CN(C)C(C)(C)C=O,8.4
1316,CN(C)C(C)(C)CCCc1ccc(C(C)(C)C)cc1,10.4
1317,CN(C)C1(CCCc2ccc(C(C)(C)C)cc2)COC1,7.2
1318,CN(C)C1CC2c3ccccc3C1c1ccccc12,8.67
1319,CN(C)C1CCCCC1,10.48
1320,CN(C)C=O,1.6
1321,CN(C)CC#N,4.5
1322,CN(C)CC(C)(C)C,9.75
1323,CN(C)CC(C)(C)CCc1ccc(C(C)(C)C)cc1,9.4
1324,CN(C)CC(CSC#N)SC#N,6.1
1325,CN(C)CC(CSCc1ccccc1)SCc1ccccc1,7.3
1326,CN(C)CC(Cc1ccccc1)c1ccccc1,9.93
1327,CN(C)CC(Cl)CCl,7.5
1328,CN(C)CC(F)(F)F,4.8
1329,CN(C)CC(Oc1ccccc1)Oc1ccccc1,9.2
1330,CN(C)CC1(CCc2ccc(C(C)(C)C)cc2)COC1,8.0
1331,CN(C)CC1=CC2c3ccccc3C1c1ccccc12,8.04
1332,CN(C)CC1C2c3ccccc3C(c3ccccc32)C1COC(=O)N(C)C,8.99
1333,CN(C)CCBr,7.55
1334,CN(C)CCC#N,7.01
1335,CN(C)CCC(=O)C(C)(C)C,9.49
1336,CN(C)CCC(C#N)(c1ccccc1)c1ccccc1,8.31
1337,CN(C)CCC(C)(C)Cc1ccc(C(C)(C)C)cc1,9.5
1338,CN(C)CCC(c1ccccc1)c1ccccc1,9.7
1339,CN(C)CCC1(Cc2ccc(C(C)(C)C)cc2)COC1,9.2
1340,CN(C)CCC=C1c2ccccc2C=Cc2ccccc21,9.69
1341,CN(C)CCC=C1c2ccccc2CCc2ccccc21,9.42
1342,CN(C)CCC=C1c2ccccc2COc2ccccc21,8.5925
1343,CN(C)CCCC(=O)Oc1ccc([N+](=O)[O-])cc1,9.6
1344,CN(C)CCCC(=O)Oc1cccc([N+](=O)[O-])c1,9.82
1345,CN(C)CCCC(=O)Oc1ccccc1,9.7
1346,CN(C)CCCC(C)(C)c1ccc(C(C)(C)C)cc1,9.8
1347,CN(C)CCCC1(c2ccc(C(C)(C)C)cc2)COC1,9.6
1348,CN(C)CCCC1(c2ccc(F)cc2)OCc2cc(C#N)ccc21,9.5
1349,CN(C)CCCCC(=O)Oc1ccc([N+](=O)[O-])cc1,9.9
1350,CN(C)CCCCC(=O)Oc1cccc([N+](=O)[O-])c1,10.07
1351,CN(C)CCCCC(=O)Oc1ccccc1,10.0
1352,CN(C)CCCCc1ccc(C(C)(C)C)cc1,9.9
1353,CN(C)CCCCc1ccc(C2(C)COC2)cc1,9.9
1354,CN(C)CCCCc1ccc(C2(F)COC2)cc1,9.9
1355,CN(C)CCCCc1ccc(C2COC2)cc1,9.9
1356,CN(C)CCCN1c2cc(F)ccc2CCc2ccc(F)cc21,7.65
1357,CN(C)CCCN1c2ccccc2Sc2ccc(C#N)cc21,9.29
1358,CN(C)CCCN1c2ccccc2Sc2ccc(Cl)cc21,9.271818
1359,CN(C)CCCN1c2ccccc2Sc2ccccc21,9.36
1360,CN(C)CCCc1ccc(-c2ccc(Cl)cc2)cc1,9.96
1361,CN(C)CCCc1ccc(-c2ccccc2)cc1,9.88
1362,CN(C)CCCc1ccc(Br)cc1,10.62
1363,CN(C)CCCc1ccc(C(C)(C)C)cc1,10.03
1364,CN(C)CCCc1ccc(Cl)cc1,10.59
1365,CN(C)CCCc1ccc([N+](=O)[O-])cc1,10.74
1366,CN(C)CCCc1ccc2ccccc2c1,10.27
1367,CN(C)CCCc1ccccc1,10.96
1368,CN(C)CCOC(C)(c1ccccc1)c1ccccc1,8.75
1369,CN(C)CCOC(c1ccccc1)c1ccc(Br)cc1,8.64
1370,CN(C)CCOC(c1ccccc1)c1ccccc1,9.066667
1371,CN(C)Cc1c(C(C)(C)C)cccc1C(C)(C)C,9.2
1372,CN(C)Cc1ccccc1,8.995
1373,CN(C)Cc1nc(-c2cn(C)c3ccccc23)no1,5.6
1374,CN(C)Cc1no[n+]([O-])c1C#N,5.82
1375,CN(C)O,5.2
1376,CN(C)S(=O)(=O)NC(=O)CCc1ccccc1,5.86
1377,CN(C)S(=O)(=O)c1ccc(N)cc1,1.53
1378,CN(C)[C@H]1CCC[C@@H]1C#N,7.02
1379,CN(C)[C@H]1CC[C@@H](C)CC1,10.46
1380,CN(C)c1cc[n+](C)c([O-])n1,4.2
1381,CN(C)c1cc[n+](O)cc1,-1.84
1382,CN(C)c1ccc(/C=C/c2cc[n+]([O-])cc2)cc1,4.3
1383,CN(C)c1ccc(Br)cc1,4.25
1384,CN(C)c1ccc(C#N)cc1,1.78
1385,CN(C)c1ccc(C=O)cc1,1.6
1386,CN(C)c1ccc(Cl)cc1,4.39
1387,CN(C)c1ccc(SC#N)cc1,3.3
1388,CN(C)c1ccc([N+](=O)[O-])cc1,0.69
1389,CN(C)c1ccc([N+](C)(C)C)cc1,2.64
1390,CN(C)c1ccc2ccccc2c1,4.57
1391,CN(C)c1cccc(C#N)c1,2.97
1392,CN(C)c1cccc(Cl)c1,3.83
1393,CN(C)c1cccc([N+](=O)[O-])c1,2.58
1394,CN(C)c1cccc([N+](C)(C)C)c1,2.6
1395,CN(C)c1cccc2ccccc12,4.83
1396,CN(C)c1ccccc1,5.1
1397,CN(C)c1cccnc1,2.38
1398,CN(C)c1ccnc(N2CCc3ccccc3C2)c1,8.8
1399,CN(C)c1ccncc1,0.96
1400,CN(C)c1nc2c(o1)CCCC2,6.16
1401,CN(C)c1nc2c(s1)CCCC2,6.16
1402,CN(C)c1ncc(-c2ccccc2)s1,4.89
1403,CN(C)c1ncc(Br)s1,3.66
1404,CN(C)c1ncc([N+](=O)[O-])s1,0.48
1405,CN(C/C=C/C#CC(C)(C)C)Cc1cccc2ccccc12,8.5
1406,CN(C1=NCCCO1)c1ccccc1,10.71
1407,CN(C1=NCCN1)c1c(Br)cccc1Br,10.7
1408,CN(C1=NCCO1)c1ccccc1,8.51
1409,CN(CC#CCN1CCCC1=O)CCBr,5.6
1410,CN(CC(N)=O)C1CCC(OCc2cc(C(F)(F)F)cc(C(F)(F)F)c2)C1c1ccccc1,5.8
1411,CN(CC(N)=O)[C@@H]1CC[C@H](OCc2cc(C(F)(F)F)cc(C(F)(F)F)c2)[C@H]1c1ccccc1,5.8
1412,CN(CC1CO1)CC1CO1,6.45
1413,CN(CCC#N)CCC#N,4.24
1414,CN(CCCl)CCCl,6.45
1415,CN(CO)c1ccc(Cl)cc1,3.02
1416,CN(CO)c1ccccc1,3.72
1417,CN(Cc1ccc(OC2CN(C(=O)c3nnc(-c4ccccc4)o3)C2)cc1)CC1(C)COC1,8.5
1418,CN(O)C(=O)C(C)(C)C,9.94
1419,CN(O)C(=O)c1ccc([N+](=O)[O-])cc1,7.92
1420,CN(O)C(=O)c1ccccc1,8.07
1421,CN(O)C(N)=O,9.95
1422,CN(O)c1c(NCCc2ccccc2)c(=O)c1=O,8.5
1423,CN(c1ccc(Nc2c3ccccc3nc3ccccc23)cc1)S(C)(=O)=O,6.95
1424,CN(c1ccccc1)C(C)(C)C,7.5
1425,CN(c1ccccc1)C1CCCC1,6.71
1426,CN(c1ccccc1)C1CCCCC1,6.35
1427,CN(c1ccccc1Nc1c2ccccc2nc2ccccc12)S(C)(=O)=O,6.97
1428,CN(c1nc([N+](=O)[O-])n[nH]1)[N+](=O)[O-],3.12
1429,CN(c1nnn[nH]1)[N+](=O)[O-],2.88
1430,CN1C(=N)C(C)(C)c2ccccc21,9.25
1431,CN1C(=N)Cc2ccccc21,9.6
1432,CN1C(=O)C(C)(C)NC1=S,10.8
1433,CN1C(=O)C(c2ccccc2)(c2ccccc2)N=C1N,5.7
1434,CN1C(=O)C2(CCCCC2)NC1=S,11.23
1435,CN1C(=O)CN=C(c2ccccc2)c2cc(Cl)ccc21,3.525
1436,CN1C(=O)N(CCN2CCOCC2)C(=O)C(C)(C2=CCCCC2)C1=O,5.75
1437,CN1C(=O)N/C(=C\c2ccccc2)C1=O,9.6
1438,CN1C(=O)NC(=O)C(C)(C2=CCCCC2)C1=O,7.83
1439,CN1C(=S)NC(=O)C12CCCCC2,9.25
1440,CN1C(C)(C)CCCC1(C)C,11.25
1441,CN1C2=CCCC1CCC2,8.8
1442,CN1C=C(C#N)C=CC1,2.7
1443,CN1C=C(C#N)CCC1,2.7
1444,CN1C=CNC1,7.12
1445,CN1C=CNC1Br,3.82
1446,CN1CC(=O)N2[C@H](Cc3c([nH]c4ccccc34)[C@H]2c2ccc3c(c2)OCO3)C1=O,9.87
1447,CN1CC(O[Si](C)(C)C)C1,9.1
1448,CN1CC1,7.86
1449,CN1CC=CC1,9.92
1450,CN1CCC(=C2c3ccccc3C=Cc3ccccc32)CC1,8.87
1451,CN1CCC(=O)NC1=O,11.86
1452,CN1CCC(OC(c2ccccc2)c2ccccc2)CC1,8.9
1453,CN1CCC1,10.4
1454,CN1CCC2=C(C1)C(c1ccccc1)c1ccccc12,8.29
1455,CN1CCC=C(C#N)C1,6.35
1456,CN1CCCC(n2nc(Cc3ccc(Cl)cc3)c3ccccc3c2=O)CC1,9.54
1457,CN1CCCC1,10.58
1458,CN1CCCC1c1ccccc1,8.8
1459,CN1CCCC2CCN=C21,11.5
1460,CN1CCCCC1,9.09
1461,CN1CCCCCC1,10.96
1462,CN1CCN(C(=O)c2ccccc2)CC1,6.78
1463,CN1CCN2c3ccccc3Cc3ccccc3C2C1,7.75
1464,CN1CCOC(c2ccccc2)c2ccccc2C1,9.3
1465,CN1CCOCC1,7.53
1466,CN1CC[C@H]2CCC[C@@H](OC(=O)c3ccc(Cl)cc3)[C@@H]2C1,8.75
1467,CN1CC[C@H]2CCC[C@@H](OC(=O)c3ccc(Cl)cc3)[C@H]2C1,8.9
1468,CN1CC[C@H]2CCC[C@@H](OC(=O)c3ccccc3)[C@H]2C1,9.05
1469,CN1CCc2cccc(c2)CCc2ccc1cc2,6.76
1470,CN1Cc2c(ccc3c2OCO3)-c2ccc3cc4c(cc3c21)OCO4,2.6
1471,CN1[C@H]2CC[C@@H]1C[C@H](OC(c1ccccc1)c1ccccc1)C2,10.0
1472,CN=C1C(C)(C)c2ccccc2C1(C)C,7.0
1473,CN=C1CCCCC1,9.43
1474,CNC,10.88
1475,CNC(=O)C1CCCCN1,8.8
1476,CNC(=O)CS,8.05
1477,CNC(=O)NC,1.02
1478,CNC(=S)OC(C)C,11.56
1479,CNC(C)=S,-1.9
1480,CNC(C)CC1CCCCC1,10.52
1481,CNC(C)Cc1ccc(OC)c(OC)c1,9.8
1482,CNC(C)Cc1ccccc1,9.87
1483,CNC(N)=O,0.8
1484,CNC1(c2ccccc2Cl)CCCCC1=O,7.495
1485,CNC1=Nc2ccccc2C(C)N1,10.6
1486,CNCC#N,5.26
1487,CNCC(=O)N(C)C,8.86
1488,CNCC(=O)NC,8.28
1489,CNCC(C)c1ccccc1,9.87
1490,CNCC(F)(F)F,6.0
1491,CNCC(N)=O,8.35
1492,CNCC1CC2c3ccccc3C1c1ccccc12,10.18
1493,CNCCC#N,8.1
1494,CNCCC(=O)c1ccccc1,9.0
1495,CNCCC(Oc1ccc(C(F)(F)F)cc1)c1ccccc1,10.04
1496,CNCCC=C1c2ccccc2CCc2ccccc21,10.144
1497,CNCCCC12CCC(c3ccccc31)c1ccccc12,10.533333
1498,CNCCCC1c2ccccc2C=Cc2ccccc21,8.2
1499,CNCCCCc1ccccc1,10.76
1500,CNCCC[C@]12CC[C@H](c3ccccc31)c1ccccc12,10.5
1501,CNCCCc1ccccc1,10.58
1502,CNCCN(C)C(=O)Oc1ccc(OC)cc1,8.88
1503,CNCC[C@@H](Oc1ccccc1C)c1ccccc1,10.1575
1504,CNCC[C@H](Oc1cccc2ccccc12)c1cccs1,9.97
1505,CNCCc1ccccc1,10.23
1506,CNCc1cc(-c2ccc(F)cc2)n(S(=O)(=O)c2ccc(C)cc2)c1,9.4
1507,CNCc1cc(-c2cccc(F)c2)n(S(=O)(=O)c2ccc(C)cc2)c1,9.31
1508,CNCc1cc(-c2ccccc2)n(S(=O)(=O)c2ccc(C)cc2)c1,9.49
1509,CNCc1cc(-c2ccccc2)n(S(=O)(=O)c2ccc(OC)cc2)c1,9.48
1510,CNCc1cc(-c2ccccc2F)n(S(=O)(=O)c2ccc(C)cc2)c1,9.48
1511,CNCc1cc(=O)oc2cc(OCc3cccc(Cl)c3)ccc12,7.18
1512,CNCc1ccc(C)cc1,9.93
1513,CNCc1ccccc1,9.64
1514,CNCc1nc(-c2cn(C)c3ccccc23)no1,6.5
1515,CNCl,1.71
1516,CNO,6.05
1517,CNOC,4.75
1518,CNS(=O)(=O)C(F)(F)F,7.56
1519,CNS(=O)(=O)c1ccc(C(F)(F)F)cc1,10.7
1520,CNS(=O)(=O)c1ccc(Cl)cc1,10.96
1521,CN[C@]1(C)[C@@H]2CC[C@@H](C2)C1(C)C,11.085
1522,CN[N+](=O)[O-],6.25
1523,CNc1c(C)cccc1C,6.12
1524,CNc1c2ccccc2nc2cccc([N+](=O)[O-])c12,7.2
1525,CNc1cc[n+](C)c([O-])n1,4.47
1526,CNc1cc[n+](O)cc1,3.85
1527,CNc1ccc(C)cc1,5.36
1528,CNc1ccc(OC)cc1,5.93
1529,CNc1cccc(C)c1,4.94
1530,CNc1cccc2ccccc12,3.7
1531,CNc1ccccc1,4.8
1532,CNc1ccccc1C,4.59
1533,CNc1ccccn1,7.13
1534,CNc1cccnc1,2.12
1535,CNc1ccnc(N2CCc3ccccc3C2)c1,8.85
1536,CNc1cnccc1N,9.14
1537,CNc1ncnc2scnc12,2.84
1538,CO,15.52
1539,CO/C(C)=C\C(=O)O,5.81
1540,COC(=N)N,9.72
1541,COC(=O)/C=C(/C)O,9.48
1542,COC(=O)C(N)Cc1ccccc1,7.0
1543,COC(=O)C(c1ccccc1)C1CCCCN1,9.24
1544,COC(=O)C1=C(C(=O)OC)CC=C1,5.0
1545,COC(=O)C1=C(C)NC(C)=C(C(=O)OCCN(C)Cc2ccccc2)C1c1cccc([N+](=O)[O-])c1,7.3925
1546,COC(=O)C1=CCCN(C)C1,7.675
1547,COC(=O)C1=CCCNC1,8.7
1548,COC(=O)C1=CN2CCC1CC2,7.17
1549,COC(=O)C1C2c3ccccc3C(c3ccccc32)C1C(=O)N(C)C,-1.65
1550,COC(=O)C1CCCN(C)C1,8.45
1551,COC(=O)C1CN2CCC1CC2,9.4
1552,COC(=O)C1c2ccccc2-c2ccccc21,11.52
1553,COC(=O)CC(C)=O,10.6
1554,COC(=O)CCS,9.33
1555,COC(=O)CN,7.685
1556,COC(=O)CS,7.57
1557,COC(=O)Cc1ccccc1N,3.71
1558,COC(=O)Cc1csc(=N)n1C,9.77
1559,COC(=O)Cc1csc(N)n1,4.83
1560,COC(=O)Cn1ccnc1,7.1
1561,COC(=O)N(C)CC(=O)Oc1ccc(N(C)C)cc1,5.03
1562,COC(=O)N(C)COc1ccc(NC(C)=O)cc1,9.5
1563,COC(=O)N(C)Cn1cnc2c1c(=O)n(C)c(=O)n2C,8.6
1564,COC(=O)N1CCc2c(O)noc2C1,5.3
1565,COC(=O)[C@@H]1CSCN1,3.92
1566,COC(=O)[C@@H]1[C@H](OC(=O)c2ccccc2)C[C@@H]2CC[C@H]1N2C,8.63
1567,COC(=O)[C@H]1[C@@H](OC(=O)c2ccccc2)C[C@@H]2CC[C@H]1N2C,8.7
1568,COC(=O)[n+]1ccc(N)cc1,9.15
1569,COC(=O)c1c2ccccc2nc2ccccc12,3.45
1570,COC(=O)c1cc(Br)c(=O)n(N)c1,2.4
1571,COC(=O)c1ccc(N(C)C)cc1,2.61
1572,COC(=O)c1ccc(N)cc1,2.45
1573,COC(=O)c1ccc(NC=S)cc1,10.95
1574,COC(=O)c1ccc(Nc2c3ccccc3nc3ccccc23)cc1,6.21
1575,COC(=O)c1ccc(O)c([N+](=O)[O-])c1,5.4
1576,COC(=O)c1ccc(O)cc1,8.42
1577,COC(=O)c1ccc(OS(N)(=O)=O)cc1,8.28
1578,COC(=O)c1ccc2ccccc2n1,1.75
1579,COC(=O)c1ccc2ncccc2c1,3.8
1580,COC(=O)c1cccc(N)c1,3.55
1581,COC(=O)c1cccc(NC=S)c1,10.81
1582,COC(=O)c1ccccc1N(C)C,5.55
1583,COC(=O)c1ccccc1Nc1c2ccccc2nc2ccccc12,6.3
1584,COC(=O)c1ccccc1O,10.25
1585,COC(=O)c1ccccc1S,6.3
1586,COC(=O)c1ccccn1,2.21
1587,COC(=O)c1cccnc1,3.535
1588,COC(=O)c1ccncc1,3.38
1589,COC(=S)C1c2ccccc2-c2ccccc21,7.4
1590,COC1=CC2CCC1(C(=O)O)CC2,4.45
1591,COC1=CC=C2[C@@H]3Cc4ccc(OC)c5c4[C@]2(CCN3C)[C@@H]1O5,8.15
1592,COC1CC2CCN1CC2,8.87
1593,COC1CCN(S(=O)(=O)c2ccc(S(N)(=O)=O)c(C(F)(F)F)c2)CC1,8.12
1594,COC1CCN(S(=O)(=O)c2ccc(S(N)(=O)=O)c(Cl)c2)CC1,8.76
1595,COC1CCN(S(=O)(=O)c2ccc(S(N)(=O)=O)cc2)CC1,9.42
1596,COCC(=O)O,3.53
1597,COCC(C)CN(C)C,9.69
1598,COCC1(C)NCCc2c1oc1cc(S(=O)(=O)c3cccc(F)c3)ccc21,7.5
1599,COCC1=C(C(=O)O)C2C=CC1C2,4.59
1600,COCC1=C(C(=O)O)CC1,4.31
1601,COCC1=C(C(=O)O)CCC1,4.5
1602,COCCCCNc1ccccc1,4.6
1603,COCCCN,9.92
1604,COCCCN(C)C,9.36
1605,COCCN,9.67
1606,COCCN(C)C,8.96
1607,COCCN(C)c1ccccc1,4.81
1608,COCCN(CCOC)c1ccccc1,4.11
1609,COCCN1CCC[C@@H](Cn2c(-c3ccccc3C)nc3cn(-c4ccc(Cl)cc4)nc3c2=O)C1,8.5
1610,COCCNC1=C(NS(=O)(=O)c2ccccc2)C(=O)c2ccccc2C1=O,9.8
1611,COCCNc1ccc(C)cc1,4.64
1612,COCCNc1ccc(Cl)cc1,3.3
1613,COCCNc1ccc(OC)cc1,5.02
1614,COCCNc1cccc(C)c1,4.29
1615,COCCNc1cccc(OC)c1,3.7
1616,COCCNc1ccccc1,4.05
1617,COCCO,14.88
1618,COCCOc1ccc(-c2cc3c(C(=O)O)c[nH]c3cc2Cl)cc1,5.0
1619,COCCSC(C)O,14.21
1620,COCCn1c(C)c(C)c(S(=O)(=O)c2ccc(Cl)cc2)c1N,-0.59
1621,COCCn1cc(C(=O)c2cccc3ccccc23)c2ccncc21,5.8
1622,COC[n+]1ccn(C)c1/C=N/O,7.945
1623,COCc1ccc(C(=O)O)cc1,4.18
1624,COCc1cccc(COC)n1,3.43
1625,COCc1ccccc1C(=O)O,3.85
1626,COCc1ccccc1CN(C)C,9.19
1627,COCc1cn2c(C)c(C)nc2c2c1CCC(c1ccccc1)C2,7.79
1628,CON,4.62
1629,CON(C)C,3.65
1630,CON(C)C(=O)c1cn2c(C)c(C)nc2c2c1CCC(c1ccccc1)O2,6.49
1631,CON(C)C(=O)c1cn2c(C)c(C)nc2c2c1CCC1(CCc3ccccc31)O2,6.63
1632,CONC(=O)CCc1ccccc1,9.47
1633,CONC(=O)c1ccccc1,8.89
1634,COO,11.5
1635,CO[C@H]1C[C@@H]1C(=O)O,4.47
1636,CO[C@H]1C[C@H]1C(=O)O,4.76
1637,CO[n+]1ccc(O)cc1,2.57
1638,CO[n+]1ccccc1O,-1.3
1639,COc1c(C(=O)O)oc2ccccc12,3.7
1640,COc1c(C)cc2c(c1C(=O)O)COC2,3.13
1641,COc1c(C)cccc1C(=O)O,3.84
1642,COc1c(Cl)ccc2c1C(C)NC(NCC(F)F)=N2,8.9
1643,COc1c(O)ccc2c1C[N+]1(C)CCc3cc4c(cc3[C@@H]1C2)OCO4,8.45
1644,COc1c2ccccc2nc2ccccc12,7.0
1645,COc1cc(-n2cncc2-c2ccc3ccccc3c2)cc(OC)c1OC,5.58
1646,COc1cc(=O)nc2sc(S(N)(=O)=O)nn12,7.1
1647,COc1cc(C(=O)O)ccc1C,4.13
1648,COc1cc(C(=O)O[C@@H]2CCC[C@@H]3CCN(C)C[C@@H]32)cc(OC)c1OC,8.91
1649,COc1cc(C(=O)O[C@@H]2CCC[C@@H]3CCN(C)C[C@H]32)cc(OC)c1OC,8.82
1650,COc1cc(C(C)=O)ccc1O,7.65
1651,COc1cc(C)ccc1C(=O)O,4.38
1652,COc1cc(C)ccc1N=C1NCCN1,10.6
1653,COc1cc(C)n(-c2ccccc2)n1,1.5
1654,COc1cc(C=O)ccc1O,7.38
1655,COc1cc(Cl)c(N=C2NCCN2)c(Cl)c1,8.57
1656,COc1cc(Cl)ccc1OC(c1ccccc1)C1CNCCO1,7.7
1657,COc1cc(N)c(C#N)c(N)n1,4.17
1658,COc1cc(NS(=O)(=O)C(F)(F)F)cc(OC)c1Oc1ccc(C#N)c(Cl)c1,4.5
1659,COc1cc(NS(C)(=O)=O)cc(OC)c1Oc1ccc(C#N)c(Cl)c1,8.5
1660,COc1cc(OC)c(/C=C/S(=O)(=O)Cc2ccc(OC)c(N)n2)c(OC)c1,4.67
1661,COc1cc(OC)c(/C=C/S(=O)(=O)Cc2ccc(OC)c(NS(C)(=O)=O)n2)c(OC)c1,7.28
1662,COc1cc(OC)c(/C=C/S(=O)(=O)Cc2cnc(OC)c(N)c2)c(OC)c1,2.39
1663,COc1cc(OC)c(N=C2NCCN2)cc1Cl,10.15
1664,COc1cc(OC)c2c(c1Cl)O[C@]1(C(=O)CC(=O)C[C@@H]1C)C2=O,4.49
1665,COc1cc(OS(C)(=O)=O)ccc1-c1cn2cccnc2n1,3.95
1666,COc1cc([C@H]2CN=C(c3ccc4c(ccn4C)c3)O2)cc(OC)c1OC,5.0
1667,COc1cc([N+](=O)[O-])ccc1O,6.83
1668,COc1cc2c(OC)ncnc2c(OC)c1OC,3.34
1669,COc1cc2c(cc1O)CC[n+]1cc3c(OC)c(OC)ccc3cc1-2,9.6
1670,COc1cc2c(cc1OC)C(=O)C(CC1CCN(Cc3ccccc3)CC1)C2,9.08
1671,COc1cc2c(cc1OC)NC(N)=NC2,11.1
1672,COc1cc2c(cc1OC)NCC2,7.3
1673,COc1cc2c(cc1OC)[C@]13CCN4CC5=CCO[C@@H]6CC(=O)N2[C@@H]1[C@@H]6[C@@H]5C[C@@H]43,5.86
1674,COc1cc2ccc(=O)oc2cc1O,6.5
1675,COc1cc2ccccc2cc1C(=O)O,3.82
1676,COc1cc[n+](O)cc1,2.05
1677,COc1ccc(-c2c(O)c2=O)cc1,2.33
1678,COc1ccc(-c2ccc(/C=C3/SC(=S)N(CC(=O)O)C3=O)o2)cc1,3.62
1679,COc1ccc(-c2ccc(CCCN(C)C)cc2)cc1,9.85
1680,COc1ccc(-c2cn3cccnc3n2)c(OC)c1,4.34
1681,COc1ccc(-c2cn3ccsc3n2)c(OC)c1,4.67
1682,COc1ccc(-c2cnc(-c3ccc(C)cc3)o2)cc1,1.26
1683,COc1ccc(-c2cnc(-c3ccc(OC)cc3)o2)cc1,1.41
1684,COc1ccc(-c2cnc(-c3ccccc3)o2)cc1,1.05
1685,COc1ccc(-c2cncn2-c2cc(OC)c(OC)c(OC)c2)cc1,6.82
1686,COc1ccc(-c2ncc(-c3ccc(C)cc3)o2)cc1,1.34
1687,COc1ccc(-c2ncc(-c3ccccc3)o2)cc1,1.25
1688,COc1ccc(-c2nccn2-c2cc(OC)c(OC)c(OC)c2)cc1F,6.63
1689,COc1ccc(-c2nnc(C(=O)N3CC(Oc4ccc(CN(C)C)c(C)c4)C3)o2)cc1,9.3
1690,COc1ccc(-c2nnc(C(=O)N3CC(Oc4ccc(CN(C)C)c(F)c4)C3)o2)cc1,8.6
1691,COc1ccc(-c2nnc(C(=O)N3CC(Oc4ccc(CN(C)C)cc4)C3)o2)cc1,8.9
1692,COc1ccc(-c2nnc(C(=O)N3CC(Oc4ccc(CN(C)CC5(C)COC5)cc4)C3)o2)cc1,8.0
1693,COc1ccc(-c2nnc(C(=O)N3CC(Oc4ccc(CN5CC(OC)C5)cc4)C3)o2)cc1,8.5
1694,COc1ccc(-c2nnc(C(=O)N3CC(Oc4ccc(CN5CC6(CCCO6)C5)cc4)C3)o2)cc1,8.4
1695,COc1ccc(-c2nnc(C(=O)N3CC(Oc4ccc(CN5CC6(CCOC6)C5)cc4)C3)o2)cc1,8.6
1696,COc1ccc(-c2nnc(C(=O)N3CC(Oc4ccc(CN5CC6(COC6)C5)cc4)C3)o2)cc1,8.2
1697,COc1ccc(-c2nnc(C(=O)N3CC(Oc4ccc(CN5CCCC5)cc4)C3)o2)cc1,9.9
1698,COc1ccc(-c2nnc(C(=O)N3CC(Oc4ccc(CN5CCCC56COC6)cc4)C3)o2)cc1,6.0
1699,COc1ccc(-c2nnc(C(=O)N3CC(Oc4ccc(CN5CCCOCC5)cc4)C3)o2)cc1,8.1
1700,COc1ccc(-c2nnc(C(=O)N3CC(Oc4ccc(CN5CCOCC5)c(OC)c4)C3)o2)cc1,7.5
1701,COc1ccc(-c2nnc(C(=O)N3CCC(Oc4ccc(CN5CCOCC5)cc4)CC3)o2)cc1,6.5
1702,COc1ccc(-n2cc3nc(-c4ccccc4C)n(CC4CCCN(C(C)C)C4)c(=O)c3n2)cc1,10.0
1703,COc1ccc(/C=C/C(=O)O)cc1,4.6
1704,COc1ccc(/C=C/C(=O)O)cc1OC,4.55
1705,COc1ccc(/C=C2/SC(=S)NC2=O)cc1,5.8
1706,COc1ccc(/C=C\C(=O)O)cc1,4.03
1707,COc1ccc(/N=C/N(C)C)cc1,9.35
1708,COc1ccc(C(=N)c2ccccc2)c(OC)c1,8.3
1709,COc1ccc(C(=O)O)c(C)c1,4.54
1710,COc1ccc(C(=O)O)cc1,4.45
1711,COc1ccc(C(=O)O)cc1C,4.35
1712,COc1ccc(C(=O)S)cc1,-1.055
1713,COc1ccc(C(=O)c2ccc3n2CCC3C(=O)O)cc1,3.55
1714,COc1ccc(C(=O)c2coc(S(N)(=O)=O)c2)cc1,9.5
1715,COc1ccc(C(=O)c2csc(S(N)(=O)=O)c2)cc1,8.2
1716,COc1ccc(C(=O)n2c(-c3ccccc3[N+](=O)[O-])nc3ccccc32)cc1,4.71
1717,COc1ccc(C(=S)Nc2ccc(Br)cc2)cc1,10.95
1718,COc1ccc(C(=S)Nc2ccc(C)cc2)cc1,11.81
1719,COc1ccc(C(=S)Nc2ccc(Cl)c(Cl)c2)cc1,10.14
1720,COc1ccc(C(=S)Nc2ccc(Cl)cc2)cc1,10.93
1721,COc1ccc(C(=S)Nc2ccccc2)cc1,11.27
1722,COc1ccc(C(CCCN)(c2ccccc2)c2ccccc2)cc1,9.86
1723,COc1ccc(C(Cc2cc([N+](=O)[O-])ccc2OC)c2cn(C)c(N)n2)cc1,8.3
1724,COc1ccc(C(Cc2cc([N+](=O)[O-])ccc2OC)c2csc(N)n2)cc1,5.5
1725,COc1ccc(C)c(C(=O)O)c1,3.84
1726,COc1ccc(C2CCCN2C)cc1,8.9
1727,COc1ccc(C2CN2)cc1,8.7
1728,COc1ccc(C2NCCS2)cc1,5.45
1729,COc1ccc(C=O)cc1O,8.89
1730,COc1ccc(CC(=O)O)cc1,4.36
1731,COc1ccc(CC(C(C)=O)C(C)=O)cc1,10.57
1732,COc1ccc(CC(C)N)cc1,9.53
1733,COc1ccc(CCC(=O)O)cc1,4.72
1734,COc1ccc(CCCN(C)C)cc1,10.91
1735,COc1ccc(CCCN(C)C)cc1Cl,10.76
1736,COc1ccc(CCN)cc1,9.79
1737,COc1ccc(CCN)cc1OC,9.87
1738,COc1ccc(CCNCCCC(C#N)(c2ccc(OC)c(OC)c2)C(C)C)cc1OC,9.87
1739,COc1ccc(CN)c([N+](=O)[O-])c1,8.77
1740,COc1ccc(CN)cc1,9.67
1741,COc1ccc(CN)cc1OC,9.39
1742,COc1ccc(CN2CC(O[Si](C)(C)C)C2)cc1,8.17
1743,COc1ccc(CNC(=N)C(Cl)(Cl)Br)cc1,6.15
1744,COc1ccc(CNC(=N)C(Cl)(Cl)Cl)cc1,6.0
1745,COc1ccc(CNC(=N)C(F)(Cl)Cl)cc1,6.18
1746,COc1ccc(CON)cc1,4.42
1747,COc1ccc(C[C@H](C)N)cc1OC,9.6
1748,COc1ccc(Cc2c3ccccc3nc3ccccc23)cc1,7.94
1749,COc1ccc(Cc2cc(=O)c3ccc(O)cc3o2)cc1,7.35
1750,COc1ccc(Cc2nccc3cc(OC)c(OC)cc23)cc1OC,6.25
1751,COc1ccc(Cl)c(Nc2ccccc2CC(=O)O)c1Cl,3.95
1752,COc1ccc(Cl)c2cccnc12,4.13
1753,COc1ccc(Cl)cc1S(=O)(=O)NC(=O)NC(C)C,5.65
1754,COc1ccc(Cl)cc1S(=O)(=O)NC(=O)Nc1ccccc1,4.5
1755,COc1ccc(Cn2c(=O)n3ncnc3c3c4c(sc32)CN(CC2CCOCC2)CC4)cc1,6.6
1756,COc1ccc(Cn2cc(C(=O)NC(C)=O)c(=O)c3c(F)ccc(F)c32)cc1,8.0
1757,COc1ccc(Cn2cc(C(=O)NS(C)(=O)=O)c(=O)c3c(F)ccc(F)c32)cc1,4.5
1758,COc1ccc(Cn2cc(C(=O)O)c(=O)c3c(F)ccc(F)c32)cc1,6.0
1759,COc1ccc(F)cc1S(=O)(=O)NC(=O)NC(C)C,5.52
1760,COc1ccc(N(C)C)cc1,5.86
1761,COc1ccc(N(C)CO)cc1,4.59
1762,COc1ccc(N)cc1,5.076667
1763,COc1ccc(N)cc1Br,4.09
1764,COc1ccc(N)cn1,4.24
1765,COc1ccc(NC(=O)/C(C#N)=N/O)cc1,5.08
1766,COc1ccc(NC(=S)c2ccc(Cl)cc2)cc1,11.26
1767,COc1ccc(NC(=S)c2ccc(OC)cc2)cc1,11.85
1768,COc1ccc(NC(=S)c2cccc(Br)c2)cc1,10.99
1769,COc1ccc(NC(=S)c2ccccc2)cc1,11.36
1770,COc1ccc(NC(C)=S)cc1,11.96
1771,COc1ccc(NC=S)cc1,11.74
1772,COc1ccc(NS(=O)(=O)c2ccccc2)cc1,8.88
1773,COc1ccc(Nc2ccccc2)cc1,1.38
1774,COc1ccc(O)c(=O)cc1,7.75
1775,COc1ccc(O)c(Br)c1,8.62
1776,COc1ccc(O)c(C)c1,10.16
1777,COc1ccc(O)c([N+](=O)[O-])c1,7.39
1778,COc1ccc(O)cc1,10.24
1779,COc1ccc(O)cc1Br,9.09
1780,COc1ccc(O)cc1C,10.24
1781,COc1ccc(O)cc1[N+](=O)[O-],8.68
1782,COc1ccc(OC(=O)N(C)CCN)cc1,8.9
1783,COc1ccc(OC)c(N)c1,3.72
1784,COc1ccc(OC)c(N=C2NCCN2)c1,10.15
1785,COc1ccc(OC)c2c1nc(C)n2C,6.12
1786,COc1ccc(OC)c2c1nc(CCl)n2C,4.1
1787,COc1ccc(OC)nn1,1.61
1788,COc1ccc(S(=O)(=O)NCc2ccccc2)cc1,11.53
1789,COc1ccc(S(=O)(=O)Nc2ccc(C)cc2)cc1,9.8
1790,COc1ccc(S(=O)(=O)Nc2ccc(Cl)cc2)cc1,9.19
1791,COc1ccc(S(=O)(=O)Nc2ccc(F)cc2)cc1,9.32
1792,COc1ccc(S(=O)(=O)Nc2cccc([N+](=O)[O-])c2)cc1,8.44
1793,COc1ccc(S(=O)(=O)Nc2ccccc2)cc1,9.04
1794,COc1ccc(S(=O)(=O)c2coc(S(N)(=O)=O)c2)cc1,6.32
1795,COc1ccc(S(=O)(=O)c2csc(S(N)(=O)=O)c2)cc1,8.78
1796,COc1ccc(S(N)(=O)=O)cc1,9.93
1797,COc1ccc(S)cc1,6.76
1798,COc1ccc([C@@]2(F)C[C@@H]2N)cc1,7.5
1799,COc1ccc([C@@]2(F)C[C@@H]2N)cc1OC,7.4
1800,COc1ccc([C@H]2C[C@@H]2C(=O)O)cc1,4.62
1801,COc1ccc([N+](=O)[O-])c(CN)c1,8.72
1802,COc1ccc([N+](=O)[O-])c2cccnc12,3.55
1803,COc1ccc([Se]O)c([N+](=O)[O-])c1,10.71
1804,COc1ccc2[nH]cc(C3=CCN(Cc4ccccc4)CC3)c2c1,7.7
1805,COc1ccc2[nH]cc(CC(C)N)c2c1,10.3
1806,COc1ccc2c(=O)oc3c(OC)cc(CCN(C)C)c4c(=O)oc1c2c34,0.021
1807,COc1ccc2c(c1)CC(C)N2,6.2
1808,COc1ccc2c(c1)CCC(=O)C2,13.27
1809,COc1ccc2c(c1)CCN2,6.1
1810,COc1ccc2c(c1)N(CCCN(C)C)c1ccccc1S2,9.41
1811,COc1ccc2c(c1)N(CCN(C)C)CCO2,8.6
1812,COc1ccc2c(c1)N(C[C@H](C)CN(C)C)c1ccccc1S2,9.195
1813,COc1ccc2c(c1)[C@]13CCCC[C@@H]1[C@H](C2)N(C)CC3,9.185
1814,COc1ccc2c(c1)c(CC(=O)O)c(C)n2C(=O)c1ccc(Cl)cc1,4.415
1815,COc1ccc2c(c1)c(CCN(C)C)cn2C,9.2
1816,COc1ccc2c(c1OC(C)=O)[C@]13CCN(C)[C@H](C2)[C@@H]1CC[C@H](OC)C3,9.31
1817,COc1ccc2c(c[n+](C)c3c4cc5c(cc4ccc23)OCO5)c1O,5.3
1818,COc1ccc2c3c([nH]c2c1)C(C)NCC3,15.6
1819,COc1ccc2c3c1O[C@H]1C(=O)CC[C@H]4[C@@H](C2)N(C)CC[C@]314,8.05
1820,COc1ccc2c3c1O[C@H]1CCC[C@H]4[C@@H](C2)N(C)CC[C@]314,8.83
1821,COc1ccc2cc(C(C)C(=O)O)ccc2c1,4.57
1822,COc1ccc2cc(O)ccc2c1,9.64
1823,COc1ccc2cc([C@@H](C)C(=O)O)ccc2c1,4.13
1824,COc1ccc2cc([C@H](C)C(=O)O)ccc2c1,4.073333
1825,COc1ccc2cc3[n+](cc2c1O)CCc1cc2c(cc1-3)OCO2,5.0
1826,COc1ccc2ccc(OC)c(N3CCOCC3)c2c1N1CCOCC1,13.0
1827,COc1ccc2ccccc2n1,3.17
1828,COc1ccc2nc3c(c(N4CCOCC4)c2c1)CCC3,7.14
1829,COc1ccc2nc3cc(Cl)ccc3c(NCCCCn3cnc([N+](=O)[O-])n3)c2c1,8.84
1830,COc1ccc2nc3ccccc3cc2c1,3.82
1831,COc1ccc2nccc(N)c2c1,8.94
1832,COc1ccc2ncccc2c1,5.05
1833,COc1cccc(-c2cccc(C3(C)CCSC(N)=N3)c2)c1,7.0
1834,COc1cccc(-c2cccc(C3(C)COCC(N)=N3)c2)c1,9.8
1835,COc1cccc(-c2cccc(C3(C)CSCC(N)=N3)c2)c1,10.5
1836,COc1cccc(-c2cccc(C3(C)N=C(C)C(N)=N3)c2)c1,6.5
1837,COc1cccc(-c2cccc(C3(C)N=C(N)CCO3)c2)c1,9.3
1838,COc1cccc(-c2cccc(C3(C)N=C(N)CCS3)c2)c1,9.3
1839,COc1cccc(-c2cccc(C3(C)N=C(N)CN3C(C)=O)c2)c1,6.5
1840,COc1cccc(-c2cccc(C3(C)N=C(N)CS3)c2)c1,6.9
1841,COc1cccc(-c2cccc(C3(C4CCOCC4)N=C(C)C(N)=N3)c2)c1,6.0
1842,COc1cccc(-n2cc(C(=O)N(C)c3cccc(Cl)c3)c3ccccc3c2=O)c1,-1.37
1843,COc1cccc(-n2cc3nc(-c4ccccc4C)n(CC4CCCN(C(C)C)C4)c(=O)c3n2)c1,10.0
1844,COc1cccc(/C=C/C(=O)O)c1,4.38
1845,COc1cccc(/N=C/N(C)C)c1,8.6
1846,COc1cccc(=O)c(O)c1,7.24
1847,COc1cccc(C(=N)c2ccccc2)c1,6.59
1848,COc1cccc(C(=O)CCN2CCOCC2)c1,7.1
1849,COc1cccc(C(=O)NN(C(=O)c2cc(C)cc(C)c2)C(C)(C)C)c1C,0.0
1850,COc1cccc(C(=O)O)c1,4.06
1851,COc1cccc(C(=O)O)c1C,3.72
1852,COc1cccc(C)c1C(=O)O,3.46
1853,COc1cccc(C2NCCS2)c1,5.12
1854,COc1cccc(C=O)c1O,7.91
1855,COc1cccc(CC2CCCNC2)c1,9.9
1856,COc1cccc(CCC(=O)O)c1,4.65
1857,COc1cccc(CN)c1OC,9.41
1858,COc1cccc(CN2CC(O[Si](C)(C)C)C2)c1,7.81
1859,COc1cccc(Cn2nc(C(F)(F)F)c(Cc3ccc4c(c3)OCO4)c2OC)c1,6.0
1860,COc1cccc(N)c1,4.23
1861,COc1cccc(NS(=O)(=O)c2ccccc2)c1,7.95
1862,COc1cccc(Nc2ccccc2)c1,0.37
1863,COc1cccc(O)c1,9.51
1864,COc1cccc(OC)c1O,10.09
1865,COc1cccc(S(N)(=O)=O)c1,9.39
1866,COc1cccc(S)c1,6.39
1867,COc1cccc([N+](=O)[O-])c1O,6.74
1868,COc1cccc2c1-c1c(O)cccc1-2,9.15
1869,COc1cccc2c1N=C(NCC(F)F)NC2C,10.2
1870,COc1cccc2c1nc(C)c1ccn(-c3ccccc3C)c12,7.4
1871,COc1cccc2c3c(c(C)nc12)CCN3c1ccccc1C,9.5
1872,COc1cccc2ccc(C)nc12,5.69
1873,COc1cccc2cccnc12,4.88
1874,COc1cccc[n+]1O,1.23
1875,COc1ccccc(=O)c1O,8.0
1876,COc1ccccc1-c1ccccc1O,10.4
1877,COc1ccccc1/C=C/C(=O)O,4.57
1878,COc1ccccc1/C=C\C(=O)O,4.27
1879,COc1ccccc1/N=C/N(C)C,8.11
1880,COc1ccccc1C(=N)c1ccccc1,7.29
1881,COc1ccccc1C(=O)NO,8.9
1882,COc1ccccc1C(=O)O,4.05
1883,COc1ccccc1CCC(=O)O,4.8
1884,COc1ccccc1N,4.51
1885,COc1ccccc1NC(=O)C1CN(C)C(=O)C1=O,6.08
1886,COc1ccccc1O,9.8
1887,COc1ccccn1,3.2
1888,COc1cccnc1,4.89
1889,COc1cccnc1C=O,3.89
1890,COc1cccnn1,2.52
1891,COc1ccnc2ccccc12,6.45
1892,COc1ccncc1,6.65
1893,COc1ccncn1,2.5
1894,COc1ccnnc1,3.7
1895,COc1cnc(N)s1,4.98
1896,COc1cnc2ccccc2n1,0.28
1897,COc1cnccc1C=O,4.45
1898,COc1cnccc1N,9.03
1899,COc1cnccn1,0.75
1900,COc1cnnc2ccccc12,3.21
1901,COc1csc(C(=O)O)c1,3.41
1902,COc1nc([N+](=O)[O-])n[nH]1,5.35
1903,COc1nc2ccccc2c2ccccc12,2.38
1904,COc1nc2ccccc2nc1C,1.38
1905,COc1nc2ccccc2nc1OC,-1.15
1906,COc1ncc2ccccc2n1,1.31
1907,COc1nccc(C)n1,2.1
1908,COc1nccc2ccccc12,3.05
1909,COc1ncnc2ccccc12,3.13
1910,COc1ncnc2nccnc12,1.04
1911,COc1noc2c1CCNC2,7.1
1912,COc1noc2c1CN(C)CC2,6.6
1913,COc1noc2c1CN(Cc1ccccc1)CC2,6.0
1914,CP(C)(=O)O,3.08
1915,CS(=N)(=O)c1ccc(Cl)cc1,2.3
1916,CS(=N)(=O)c1ccccc1,2.7
1917,CS(=O)(=O)N(Cc1ccccc1-c1ccccc1)[C@H]1CCNC1,8.9
1918,CS(=O)(=O)NC(=O)CCCC[P+](c1ccccc1)(c1ccccc1)c1ccccc1,5.25
1919,CS(=O)(=O)NC(=O)CCc1ccccc1,4.94
1920,CS(=O)(=O)NC(=O)NCc1ccccc1,5.04
1921,CS(=O)(=O)NC(=O)Nc1ccc(C(F)(F)F)cc1,4.2
1922,CS(=O)(=O)NC(=O)c1ccc(C(F)(F)F)cc1,3.2
1923,CS(=O)(=O)NC(N)=O,5.1
1924,CS(=O)(=O)Nc1ccc(C(F)(F)F)cc1,8.0
1925,CS(=O)(=O)Nc1ccc([N+](=O)[O-])cc1Oc1ccccc1,6.56
1926,CS(=O)(=O)OCCCNCCCOS(C)(=O)=O,8.77
1927,CS(=O)(=O)c1ccc(-c2c(Cl)nc(Cl)n2-c2ccc(F)cc2F)cc1,1.07
1928,CS(=O)(=O)c1ccc(-c2cnc(Br)n2-c2ccc(F)c(F)c2)cc1,4.05
1929,CS(=O)(=O)c1ccc(NS(=O)(=O)C(F)(F)F)cc1,2.84
1930,CS(=O)(=O)c1ccc(Nc2c3ccccc3nc3ccccc23)cc1,5.81
1931,CS(=O)(=O)c1ccc(O)cc1,7.83
1932,CS(=O)(=O)c1ccc(S(=O)(=O)NCc2ccccc2)cc1,10.25
1933,CS(=O)Cc1ccccn1,3.1
1934,CS(=O)O,2.35
1935,CS(N)(=O)=Nc1ccc(C(F)(F)F)cc1,10.3
1936,CS(N)(=O)=O,15.266667
1937,CSC(=N)N,9.83
1938,CSC(=N)Nc1ccccc1,7.14
1939,CSC(=N)c1ccccc1,5.84
1940,CSC(=O)C1c2ccccc2-c2ccccc21,10.51
1941,CSC(=S)N(C)CC(=O)O,2.98
1942,CSC(C)=N,6.71
1943,CSC(C)C(=O)O,3.76
1944,CSC1NC=CN1,5.95
1945,CSCC(=O)O,3.67
1946,CSCCN,9.41
1947,CSCc1cccc(CSC)n1,4.19
1948,CSCc1ccccn1,5.4
1949,CS[C@H]1CCC[C@@H]1N(C)C,8.85
1950,CSc1cc(C)ncn1,3.25
1951,CSc1cc2ccccc2cn1,3.41
1952,CSc1ccc(C(=O)O)cc1,4.23
1953,CSc1ccc(N)c(Cl)c1,2.56
1954,CSc1ccc(N)c(I)c1,2.45
1955,CSc1ccc(N)c([N+](=O)[O-])c1,-0.28
1956,CSc1ccc(N)cc1,4.4
1957,CSc1ccc(N)cc1Cl,3.38
1958,CSc1ccc(N)cc1I,3.44
1959,CSc1ccc(N)cc1[N+](=O)[O-],2.47
1960,CSc1ccc(O)cc1,9.5
1961,CSc1ccc2ccccc2n1,3.71
1962,CSc1ccc2ncccc2c1,4.75
1963,CSc1cccc(N)c1,4.05
1964,CSc1cccc(O)c1,9.47
1965,CSc1cccc2ncccc12,4.5
1966,CSc1ccccc1C(=O)O,3.89
1967,CSc1ccccn1,3.62
1968,CSc1cccnc1,4.45
1969,CSc1ccnc2ccccc12,5.81
1970,CSc1ccncc1,5.97
1971,CSc1cnc2ccccc2c1,3.88
1972,CSc1cnc2ccccc2n1,0.26
1973,CSc1nc(C)cc(=O)n1C,0.9
1974,CSc1nc2c(O)c3cc(F)ccc3nc2s1,5.7
1975,CSc1nc2cncnc2n1C,2.98
1976,CSc1nccc2ccccc12,3.93
1977,CSc1nccn1C,5.95
1978,C[As](C)(=O)O,3.885
1979,C[C@@H](C(=O)NS(C)(=O)=O)c1ccc(OS(=O)(=O)C(F)(F)F)cc1,4.4
1980,C[C@@H](C(=O)O)c1ccc(OS(=O)(=O)C(F)(F)F)cc1,4.0
1981,C[C@@H](C=C(c1ccccc1)c1ccccc1)N(C)C,9.26
1982,C[C@@H](CC(C#N)(c1ccccc1)c1ccccc1)N(C)C,8.31
1983,C[C@@H](CN)c1ccccc1,9.94
1984,C[C@@H](Cc1ccccc1)N(C)C,9.4
1985,C[C@@H]1CCCC[C@@H]1C(=O)O,5.04
1986,C[C@@H]1CCCC[C@@H]1N,10.6
1987,C[C@@H]1CCC[C@H](C(=O)O)C1,4.88
1988,C[C@@H]1CCC[C@H](N(C)C)C1,10.51
1989,C[C@@H]1CCN2CC=C[C@H]12,10.59
1990,C[C@@H]1CC[C@@H]2CCCN21,12.02
1991,C[C@@H]1CN(OCc2ccccc2)C(=O)[C@@H]1N,6.1
1992,C[C@@H]1C[C@@H]1C(=O)O,5.03
1993,C[C@@H]1C[C@H](OC(=O)c2ccccc2)CC(C)(C)N1,8.97
1994,C[C@@H]1NC(NCC(F)F)=Nc2ccc(Cl)c(Cl)c21,8.5
1995,C[C@@H]1N[C@@H]1C,5.34
1996,C[C@@H]1N[C@H]1C,5.33
1997,C[C@@H]1N[S@](=O)(c2cccc(-c3cccc(C#N)c3)c2)=NC1=O,5.8
1998,C[C@@]1(C2CCCC2)Cc2cc(OCC(=O)O)c(Cl)c(Cl)c2C1=O,3.9
1999,C[C@H](C(=O)O)c1cccc(C(=O)c2ccccc2)c1,3.89
2000,C[C@H](c1ccccc1)N(CC(=O)O)S(=O)(=O)c1ccc(OC(F)F)cc1,3.4
2001,C[C@H]1CCC2CC[C@H](C)N21,11.74
2002,C[C@H]1CCCC[C@@H]1C(=O)O,4.74
2003,C[C@H]1CCCC[C@@H]1N,10.62
2004,C[C@H]1CCC[C@@H](C)N1,10.99
2005,C[C@H]1CCC[C@@H](C)N1C,10.21
2006,C[C@H]1CCN2CCC[C@@H]12,11.44
2007,C[C@H]1CC[C@@H](C(=O)O)CC1,5.04
2008,C[C@H]1CC[C@@H](C)[C@@H]1C(=O)O,4.69
2009,C[C@H]1CC[C@@H](C)[C@H]1C(=O)O,5.4
2010,C[C@H]1CC[C@@H]2CCCN12,11.74
2011,C[C@H]1CC[C@@H]2CC[C@@H](C)N12,11.48
2012,C[C@H]1CC[C@H](C(=O)O)CC1,4.89
2013,C[C@H]1CC[C@H](C)C1C(=O)O,4.74
2014,C[C@H]1CC[C@H]2CC[C@@H](C)N12,10.23
2015,C[C@H]1C[C@@H]2CCC[C@@H]2N1C,10.1
2016,C[C@H]1C[C@@H]2CCN1C2,10.62
2017,C[C@H]1NC(NCC(F)F)=Nc2ccc(Cl)c(Cl)c21,8.5
2018,C[C@]1(C2CCCC2)Cc2cc(OCC(=O)O)c(Cl)c(Cl)c2C1=O,3.9
2019,C[C@]12CCOC[C@@H]1[C@]1(COC(N)=N1)c1cc(-c3cc(F)cc(Cl)c3)ccc1O2,6.7
2020,C[C@]12CC[C@@H]3c4ccc(OS(N)(=O)=O)cc4CC[C@H]3[C@@H]1CCC2=O,8.37
2021,C[C@]12CC[C@H]3[C@@H](CCC4=CC(=O)CC[C@@]43C)[C@@H]1CC[C@@H]2O,2.24
2022,C[C@]12N[C@H](Cc3ccccc31)c1ccccc12,5.81
2023,C[N+](=O)[O-],10.48
2024,C[N+](C)(C)/N=C(/O)c1ccccc1,4.29
2025,C[N+](C)(C)CCCC(=O)O,4.02
2026,C[N+](C)(C)CCCc1ccc(O)cc1,9.8
2027,C[N+](C)(C)CCCc1cccc(O)c1,9.64
2028,C[N+](C)(C)CCCc1ccccc1O,9.78
2029,C[N+](C)(C)CCN,7.34
2030,C[N+](C)(C)CCS,7.98
2031,C[N+](C)(C)CCc1ccc(O)cc1,9.8
2032,C[N+](C)(C)CCc1cccc(O)c1,9.43
2033,C[N+](C)(C)CCc1ccccc1O,9.57
2034,C[N+](C)(C)Cc1ccc(O)cc1,8.75
2035,C[N+](C)(C)Cc1ccc(S)cc1,5.5
2036,C[N+](C)(C)Cc1cccc(O)c1,8.89
2037,C[N+](C)(C)Cc1ccccc1O,8.71
2038,C[N+](C)(C)NC(=O)c1ccc([N+](=O)[O-])cc1,3.11
2039,C[N+](C)(C)NC(=O)c1cccc([N+](=O)[O-])c1,3.16
2040,C[N+](C)(C)O,4.65
2041,C[N+](C)(C)c1cc([N+](=O)[O-])ccc1O,4.35
2042,C[N+](C)(C)c1ccc(O)c([N+](=O)[O-])c1,5.03
2043,C[N+](C)(C)c1ccc(O)cc1,8.25
2044,C[N+](C)(C)c1ccc2c(c1)CCC/C2=N\N,2.5
2045,C[N+](C)(C)c1cccc(O)c1,8.07
2046,C[N+](C)(C)c1ccccc1O,7.46
2047,C[N+]1(CC(=O)O)CCCCC1,2.01
2048,C[N+]1(CCC(=O)O)CCCCC1,3.43
2049,C[N+]1(CCCC(=O)O)CCCCC1,4.11
2050,C[N+]1(CCCCC(=O)O)CCCCC1,4.33
2051,C[N+]1(CCCCCC(=O)O)CCCCC1,4.44
2052,C[NH+](C)c1ccc(/C=C/c2cc[n+](O)cc2)cc1,1.05
2053,C[S+](C)c1ccc(O)cc1,7.31
2054,C[S+](C)c1cccc(O)c1,7.67
2055,C[Se](=O)O,5.19
2056,C[Se]CCN,9.53
2057,C[Si](C)(C)C#CC(=O)O,2.21
2058,C[Si](C)(C)CC(=O)O,5.22
2059,C[Si](C)(C)CCC(=O)O,4.91
2060,C[Si](C)(C)CCCC(=O)O,4.89
2061,C[Si](C)(C)CCCCC(=O)O,4.96
2062,C[Si](C)(C)CCCCCC(=O)O,5.06
2063,C[Si](C)(C)CCCN,10.75
2064,C[Si](C)(C)CCN,10.99
2065,C[Si](C)(C)CN,10.94
2066,C[Si](C)(C)CNC1CCCCC1,10.96
2067,C[Si](C)(C)CNC[Si](C)(C)C,11.0
2068,C[Si](C)(C)CNc1ccccc1,5.3
2069,C[Si](C)(C)OC1CN(C2CCCCC2)C1,9.02
2070,C[Si](C)(C)OC1CN(Cc2ccc(Cl)cc2)C1,7.72
2071,C[Si](C)(C)OC1CN(Cc2ccc(F)cc2)C1,7.91
2072,C[Si](C)(C)OC1CN(Cc2ccccc2)C1,8.08
2073,C[Si](C)(C)O[Si](C)(C)CCCC(=O)O,5.03
2074,C[Si](C)(C)c1ccc(C(=O)O)cc1,4.27
2075,C[Si](C)(C)c1ccc(N)cc1,4.36
2076,C[Si](C)(C)c1ccc(O)cc1,10.06
2077,C[Si](C)(C)c1cccc(C(=O)O)c1,4.24
2078,C[Si](C)(C)c1cccc(N)c1,4.64
2079,C[Si](C)(CC(=O)O)c1ccccc1,5.27
2080,C[Si](C)(CCCCl)CCCC(=O)O,4.98
2081,C[Si](C)(CCl)CCCC(=O)O,4.97
2082,C[Si](C)(CN)c1ccccc1,10.45
2083,C[n+]1c(NN)ccc2ccccc21,2.66
2084,C[n+]1c2ccccc2cc2c(N)cccc21,10.0
2085,C[n+]1c2ccccc2cc2cc(N)ccc21,9.8
2086,C[n+]1c2ccccc2cc2ccc(N)cc21,11.85
2087,C[n+]1cc(O)c2ccccc2c1,4.93
2088,C[n+]1cc(O)cc2ccccc21,5.42
2089,C[n+]1cc(O)ccn1,1.74
2090,C[n+]1cc(S)cc2ccccc21,2.4
2091,C[n+]1ccc(C(=O)Cc2ccccc2)cc1,9.02
2092,C[n+]1ccc(C(=O)O)cc1,1.72
2093,C[n+]1ccc(N)nc1[O-],4.52
2094,C[n+]1ccc(O)nc1,1.91
2095,C[n+]1ccc2c(O)cccc2c1,6.9
2096,C[n+]1ccc2cc(O)ccc2c1,6.06
2097,C[n+]1ccc2ccc(O)cc2c1,7.09
2098,C[n+]1ccc2cccc(O)c2c1,5.81
2099,C[n+]1cccc(/C=C(/O)c2ccccc2)c1,6.75
2100,C[n+]1cccc(C(=O)Cc2ccccc2)c1,10.265
2101,C[n+]1cccc(C(=O)O)c1,2.29
2102,C[n+]1cccc(CC(=O)c2ccccc2)c1,10.98
2103,C[n+]1cccc(O)c1,4.96
2104,C[n+]1cccc(S)c1,2.27
2105,C[n+]1cccc2c(O)cccc21,6.12
2106,C[n+]1cccc2c(S)cccc21,3.22
2107,C[n+]1cccc2c3ccccc3[nH]c21,7.4
2108,C[n+]1cccc2cc(O)ccc21,7.15
2109,C[n+]1cccc2cc(S)ccc21,4.12
2110,C[n+]1cccc2ccc(O)cc21,5.56
2111,C[n+]1cccc2cccc(O)c21,6.81
2112,C[n+]1ccccc1-c1ccccn1,0.31
2113,C[n+]1ccccc1/C=C/c1ccc(O)cc1,8.4
2114,C[n+]1ccccc1O,0.32
2115,C[n+]1ccccc1S,-1.42
2116,C[n+]1cccnc1[O-],2.5
2117,C[n+]1cnccc1[O-],1.84
2118,C[n+]1nc(-c2ccccc2)ccc1NCCN1CCOCC1,5.31
2119,Cc1[nH]c2c(NCc3ccccc3)nccc2c1C,8.79
2120,Cc1[nH]c2ccccc2c1C(=O)O,5.89
2121,Cc1[nH]c2ccccc2c1CC(=O)O,4.67
2122,Cc1[nH]ccc1C(=O)O,5.8
2123,Cc1c(-c2ccc(=O)n(Cc3ccccc3)n2)c2cc(Br)ccc2n1CC(=O)O,4.03
2124,Cc1c(-c2ccc(=O)n(Cc3ccccc3)n2)c2cc(Cl)cc(Cl)c2n1CC(=O)O,3.88
2125,Cc1c(-c2ccc(=O)n(Cc3ccccc3)n2)c2cc(Cl)cc(F)c2n1CC(=O)O,3.86
2126,Cc1c(-c2ccc(=O)n(Cc3ccccc3)n2)c2cc(Cl)ccc2n1CC(=O)O,4.03
2127,Cc1c(-c2ccc(=O)n(Cc3ccccc3)n2)c2cc(F)cc(Cl)c2n1CC(=O)O,3.86
2128,Cc1c(-c2ccc(=O)n(Cc3ccccc3)n2)c2cc(F)cc(F)c2n1CC(=O)O,3.85
2129,Cc1c(-c2ccc(=O)n(Cc3ccccc3)n2)c2cc(F)cc(S(C)(=O)=O)c2n1CC(=O)O,3.83
2130,Cc1c(-c2ccc(=O)n(Cc3ccccc3)n2)c2cc(S(C)(=O)=O)cc(F)c2n1CC(=O)O,3.83
2131,Cc1c(-c2ccc(=O)n(Cc3ccccc3)n2)c2cc(S(C)(=O)=O)ccc2n1CC(=O)O,4.0
2132,Cc1c(-c2ccc(=O)n(Cc3ccccc3)n2)c2cccc(Br)c2n1CC(=O)O,3.98
2133,Cc1c(-c2ccccc2)oc2c(C(=O)OCCN3CCCCC3)cccc2c1=O,7.3
2134,Cc1c(Br)cc(N)cc1Br,2.87
2135,Cc1c(Br)cccc1C(=O)O,3.36
2136,Cc1c(C(=O)O)[nH]c2ccccc12,4.33
2137,Cc1c(C(=O)O)cccc1[N+](=O)[O-],2.98
2138,Cc1c(C(=O)c2cccc3ccccc23)c2cccc3c2n1[C@H](CN1CCOCC1)CO3,4.14
2139,Cc1c(C(C)C)c(=O)n(-c2ccccc2)n1C,2.4
2140,Cc1c(C(F)(F)F)nc2c(OCc3ccccc3)cccn12,2.0
2141,Cc1c(Cl)cccc1C(=O)O,3.43
2142,Cc1c(F)cccc1[C@H]1COC(N)=N1,8.07
2143,Cc1c(I)cccc1C(=O)O,3.26
2144,Cc1c(N(C)C)c(=O)n(-c2ccccc2)n1C,1.645
2145,Cc1c(N)ccc2c1-c1ccccc1C2,4.83
2146,Cc1c(O)c(=O)ccn1C,6.6625
2147,Cc1c(OCCN(C)C)no[n+]1[O-],7.9
2148,Cc1c(OCCN)no[n+]1[O-],8.7
2149,Cc1c2cc[n+](C)cc2c(C)c2c3c([nH]c12)C=CC(=O)C3=O,5.1
2150,Cc1c2ccccc2c(CN2CCOCC2)c2ccccc12,6.6
2151,Cc1c[n+](C)c([O-])nc1N,4.76
2152,Cc1c[nH]c(C(=O)O)c1,4.6
2153,Cc1c[nH]cc1C(=O)O,5.65
2154,Cc1cc(-c2ccccc2)n[n+](C)c1NCCN1CCOCC1,5.12
2155,Cc1cc(-c2ccccc2)n[n+](CCN2CCOCC2)c1N,4.84
2156,Cc1cc(-c2ccccc2)nn2ccnc12,4.84
2157,Cc1cc(=O)n(-c2ccccc2)n1C,1.5475
2158,Cc1cc(=O)n(C)cn1,2.1
2159,Cc1cc(=O)n(C)n1-c1ccccc1,2.4
2160,Cc1cc(=O)n2ncnc2[nH]1,6.19
2161,Cc1cc(=O)oc2c(F)c(O)c(F)c(F)c12,4.2
2162,Cc1cc(=O)oc2c(F)c(O)c(F)cc12,4.7
2163,Cc1cc(=O)oc2c(F)c(O)ccc12,6.4
2164,Cc1cc(=O)oc2cc(O)c(Cl)cc12,6.1
2165,Cc1cc(=O)oc2cc(O)c(F)cc12,6.4
2166,Cc1cc(=O)oc2cc(O)cc(F)c12,5.9
2167,Cc1cc(=O)oc2cc(O)ccc12,7.8
2168,Cc1cc(=O)oc2cc(OS(N)(=O)=O)ccc12,8.0
2169,Cc1cc(=O)oc2ccc(O)cc12,9.14
2170,Cc1cc(=O)oc2cccc(O)c12,8.26
2171,Cc1cc(Br)c(N)c(Br)c1,0.69
2172,Cc1cc(Br)cc(Br)c1O,7.6
2173,Cc1cc(Br)cc(C)c1N,3.54
2174,Cc1cc(Br)cc(C)c1N(C)C,4.36
2175,Cc1cc(Br)ccc1C(=O)O,3.77
2176,Cc1cc(Br)ccc1N,3.58
2177,Cc1cc(C#N)cc(C)c1O,8.27
2178,Cc1cc(C(=O)O)c(C)o1,4.64
2179,Cc1cc(C(=O)O)c[nH]1,5.35
2180,Cc1cc(C(=O)O)ccc1Br,4.03
2181,Cc1cc(C(=O)O)ccc1Cl,4.07
2182,Cc1cc(C(=O)O)ccc1[N+](=O)[O-],3.65
2183,Cc1cc(C(=O)O)cs1,4.24
2184,Cc1cc(C(C)(C)C)c(O)c(C(C)(C)C)c1,12.55
2185,Cc1cc(C(C)(C)C)cc(C)c1C(=O)O,3.44
2186,Cc1cc(C(C)(C)C)cc(C)c1CC1=NCCN1,10.2
2187,Cc1cc(C(C)C)cc(C)c1O,10.9
2188,Cc1cc(C(C)C)ccc1O,10.56
2189,Cc1cc(C)[n+](C)c([S-])n1,3.15
2190,Cc1cc(C)c(C(=O)C(=O)O)c(C)c1,1.34
2191,Cc1cc(C)c(C(C(=O)O)c2ccccc2)c(C)c1,4.0
2192,Cc1cc(C)c(C(C)C)cc1O,10.76
2193,Cc1cc(C)c(C)c(C(=O)O)c1C,3.43
2194,Cc1cc(C)c(C)c(N)c1C,4.3
2195,Cc1cc(C)c(C)c(O)c1,10.64
2196,Cc1cc(C)c(C)nn1,4.81
2197,Cc1cc(C)c(N)c(C)c1,4.37
2198,Cc1cc(C)c(N=C2NCCN2)c(Cl)c1,9.59
2199,Cc1cc(C)c(O)c(C(C)C)c1,11.18
2200,Cc1cc(C)c(O)c(C)c1,10.9
2201,Cc1cc(C)c(O)c([N+](=O)[O-])c1,7.98
2202,Cc1cc(C)c(O)cc1C,10.55
2203,Cc1cc(C)c([N+](=O)[O-])c(C)c1O,8.98
2204,Cc1cc(C)c2cccc(C)c2n1,4.48
2205,Cc1cc(C)c2ccccc2n1,5.11
2206,Cc1cc(C)c2nc(C)cc(N)c2c1,10.4
2207,Cc1cc(C)cc(C(=N)c2ccccc2)c1,6.82
2208,Cc1cc(C)cc(C(=O)N(NC(=O)c2ccc3c(c2C)CCCO3)C(C)(C)C)c1,0.0
2209,Cc1cc(C)cc(C(=O)O)c1,4.3
2210,Cc1cc(C)cc(N)c1,4.81
2211,Cc1cc(C)cc(O)c1,10.13
2212,Cc1cc(C)cc(OC2=C(NS(=O)(=O)c3ccccc3)C(=O)c3ccccc3C2=O)c1,5.0
2213,Cc1cc(C)n(C)c(=O)n1,4.0
2214,Cc1cc(C)n(C)n1,3.96
2215,Cc1cc(C)nc(C)c1,7.35
2216,Cc1cc(C)nc(N)c1,7.84
2217,Cc1cc(C=O)c(O)c(C=O)c1,6.2
2218,Cc1cc(CC(=O)O)n(C)c1C(=O)c1ccc(Cl)cc1,4.7
2219,Cc1cc(CN(C)C)ccc1OC1CN(C(=O)c2nnc(-c3ccccc3)o2)C1,9.3
2220,Cc1cc(Cc2ccc(Cl)c(Oc3cc(C#N)cc(C#N)c3)c2F)n[nH]c1=O,10.5
2221,Cc1cc(Cl)c(N=C2NCCN2)c(Cl)c1,8.29
2222,Cc1cc(Cl)cc(Cl)c1N=C1NCCN1,9.03
2223,Cc1cc(Cl)cc(Cl)c1O,7.85
2224,Cc1cc(Cl)ccc1C(=O)O,3.75
2225,Cc1cc(Cl)ccc1O,9.6
2226,Cc1cc(Cl)n(C)c2nc3ccccc3c1-2,7.45
2227,Cc1cc(I)c(O)c(I)c1,6.0
2228,Cc1cc(I)ccc1C(=O)O,3.79
2229,Cc1cc(N(C)C)cc[n+]1O,4.37
2230,Cc1cc(N)c(C)cn1,9.68
2231,Cc1cc(N)c2ccccc2n1,9.44
2232,Cc1cc(N)cc(C)c1C,5.15
2233,Cc1cc(N)cc(C)c1[N+](=O)[O-],2.56
2234,Cc1cc(N)cc(N2CCc3ccccc3C2)n1,9.0
2235,Cc1cc(N)cc[n+]1[O-],4.1
2236,Cc1cc(N)ccc1[N+](=O)[O-],1.64
2237,Cc1cc(N)ccn1,9.44
2238,Cc1cc(N)nc(N2CCc3ccccc3C2)c1,6.5
2239,Cc1cc(N)nc2c1ccc1ccccc12,6.02
2240,Cc1cc(N)nc2ccc3ccccc3c12,7.14
2241,Cc1cc(O)c(=O)ccc1Br,6.6
2242,Cc1cc(O)c(C(C)C)cc1C,10.79
2243,Cc1cc(O)c(C(C)C)cc1Cl,9.98
2244,Cc1cc(O)cc(C)[o+]1,0.38
2245,Cc1cc(O)cc(C)c1C#N,8.21
2246,Cc1cc(O)cc(C)c1[N+](=O)[O-],8.25
2247,Cc1cc(O)cc([N+](C)(C)C)c1,8.2
2248,Cc1cc(O)ccc1C(C)C,10.31
2249,Cc1cc(O)ccc1Cl,9.4
2250,Cc1cc(O)ccc1[N+](=O)[O-],7.65
2251,Cc1cc(O)ccc1[N+](C)(C)C,8.34
2252,Cc1cc(O)ccc1[S+](C)C,7.6
2253,Cc1cc(OCC/C=N/N=C(N)N)cc(OS(=O)(=O)c2ccccc2C#N)c1,8.84
2254,Cc1cc(OCC/C=N/N=C(N)N)cc(OS(=O)(=O)c2ccccc2Cl)c1,8.71
2255,Cc1cc([N+](=O)[O-])c(C(C)C)cc1O,4.2
2256,Cc1cc([N+](=O)[O-])c(O)c([N+](=O)[O-])c1C,4.2
2257,Cc1cc([N+](=O)[O-])cc(C)c1N,0.98
2258,Cc1cc([N+](=O)[O-])cc(C)c1O,7.22
2259,Cc1cc([N+](=O)[O-])ccc1C(=O)O,2.91
2260,Cc1cc([N+](=O)[O-])ccc1N,1.97
2261,Cc1cc([N+](=O)[O-])ccc1O,7.1
2262,Cc1cc2cccc(C)c2nc1C,4.41
2263,Cc1cc2ccccc2c(C(=O)O)c1C,3.33
2264,Cc1cc2ccccc2nc1C,4.93
2265,Cc1cc2ncn(C)c2cc1C,6.0
2266,Cc1cc[nH]c1C(=O)O,5.1
2267,Cc1ccc(-c2cccc(C(=O)O)c2)cc1,4.0
2268,Cc1ccc(-c2cccc([S@]3(=O)=NC(=O)[C@H](C)N3)c2)cc1,6.0
2269,Cc1ccc(-c2cnc(-c3ccc(C)cc3)o2)cc1,1.12
2270,Cc1ccc(-c2cnc(-c3ccc(Cl)cc3)o2)cc1,0.58
2271,Cc1ccc(-c2cnc(-c3ccccc3)o2)cc1,0.91
2272,Cc1ccc(-c2nc3ccc(C)cn3c2CC(=O)N(C)C)cc1,6.02
2273,Cc1ccc(-c2ncc(-c3ccc(Cl)cc3)o2)cc1,0.88
2274,Cc1ccc(-c2ncc(-c3ccccc3)o2)cc1,1.04
2275,Cc1ccc(-c2nnc(-c3ccccc3)o2)cc1,1.81
2276,Cc1ccc(/C=C/C(=O)C(=O)O)cc1,1.96
2277,Cc1ccc(/C=C/C(=O)O)cc1,4.56
2278,Cc1ccc(/N=C/N(C)C)cc1,9.21
2279,Cc1ccc(=O)c(O)c(Br)c1,6.41
2280,Cc1ccc(Br)c(C(=O)O)c1,3.0
2281,Cc1ccc(Br)c(O)c(=O)c1,6.3
2282,Cc1ccc(Br)cc1C(=O)O,3.58
2283,Cc1ccc(C(=N)c2ccccc2)c(C)c1,6.79
2284,Cc1ccc(C(=O)/C=C/C(=O)O)cc1,3.44
2285,Cc1ccc(C(=O)C(=O)O)cc1,1.52
2286,Cc1ccc(C(=O)C(=O)O)cc1C,1.36
2287,Cc1ccc(C(=O)C[n+]2cccc3c4ccccc4ccc32)cc1,11.7
2288,Cc1ccc(C(=O)N(C)O)cc1,8.5
2289,Cc1ccc(C(=O)NO)cc1,8.9
2290,Cc1ccc(C(=O)O)[nH]1,5.0
2291,Cc1ccc(C(=O)O)c(Br)c1,3.09
2292,Cc1ccc(C(=O)O)c(C)c1,4.18
2293,Cc1ccc(C(=O)O)c(Cl)c1,3.27
2294,Cc1ccc(C(=O)O)c(I)c1,3.2
2295,Cc1ccc(C(=O)O)c([N+](=O)[O-])c1,2.68
2296,Cc1ccc(C(=O)O)cc1,4.135
2297,Cc1ccc(C(=O)O)cc1Br,3.96
2298,Cc1ccc(C(=O)O)cc1C,4.41
2299,Cc1ccc(C(=O)O)cc1Cl,4.06
2300,Cc1ccc(C(=O)O)cc1[N+](=O)[O-],3.62
2301,Cc1ccc(C(=O)O)o1,3.42
2302,Cc1ccc(C(=O)O)s1,1.595
2303,Cc1ccc(C(=O)Oc2ccccc2)c(O)c1,9.44
2304,Cc1ccc(C(=O)S)cc1,-1.3
2305,Cc1ccc(C(=O)c2ccc(CC(=O)O)n2C)cc1,3.5
2306,Cc1ccc(C(=O)c2ccc3n2CCC3C(=O)O)cc1,3.44
2307,Cc1ccc(C(=O)c2ccccc2C(=O)O)cc1,3.64
2308,Cc1ccc(C(=O)c2csc(S(N)(=O)=O)c2)cc1,9.3
2309,Cc1ccc(C(=S)Nc2ccc(Br)cc2)cc1,10.81
2310,Cc1ccc(C(=S)Nc2ccc(Cl)cc2)cc1,10.8
2311,Cc1ccc(C(=S)Nc2ccc(F)cc2)cc1,10.97
2312,Cc1ccc(C(=S)Nc2cccc(F)c2)cc1,10.63
2313,Cc1ccc(C(=S)Nc2ccccc2)cc1,11.5
2314,Cc1ccc(C(C)C)c(O)c1,10.65
2315,Cc1ccc(C(C)C)c(OCCN(C)C)c1,8.66
2316,Cc1ccc(C(C)C)cc1O,10.35
2317,Cc1ccc(C(N)=S)cc1,12.8
2318,Cc1ccc(C)c(C(=N)c2ccccc2)c1,6.79
2319,Cc1ccc(C)c(C(=O)C(=O)O)c1,1.45
2320,Cc1ccc(C)c(C(=O)O)c1,3.97
2321,Cc1ccc(C)c(N)c1,4.47
2322,Cc1ccc(C)c(O)c1,10.36
2323,Cc1ccc(C)c(OCCCC(C)(C)C(=O)O)c1,4.8
2324,Cc1ccc(C)nc1,6.4
2325,Cc1ccc(C)nn1,3.99
2326,Cc1ccc(C2=NCCC2)cc1,6.41
2327,Cc1ccc(C2CCCN2)cc1,9.99
2328,Cc1ccc(C2CN2)cc1,6.76
2329,Cc1ccc(C2NCCS2)cc1,5.35
2330,Cc1ccc(CCC(=O)O)cc1,4.74
2331,Cc1ccc(CCCN(C)C)cc1,10.84
2332,Cc1ccc(CCN)cc1,9.78
2333,Cc1ccc(CN)cc1,9.51
2334,Cc1ccc(CN2CC(O[Si](C)(C)C)C2)cc1,8.24
2335,Cc1ccc(CON)cc1,4.4
2336,Cc1ccc(C[n+]2ccc(C(=O)Cc3ccccc3)cc2)cc1,8.91
2337,Cc1ccc(Cl)c(C(=O)O)c1,3.12
2338,Cc1ccc(Cl)cc1C(=O)O,3.63
2339,Cc1ccc(I)c(C(=O)O)c1,2.95
2340,Cc1ccc(I)cc1C(=O)O,3.62
2341,Cc1ccc(N(C)C)cc1,5.56
2342,Cc1ccc(N(C)CO)cc1,3.73
2343,Cc1ccc(N(CC2CO2)CC2CO2)cc1,-0.48
2344,Cc1ccc(N)c(C)c1,4.75
2345,Cc1ccc(N)cc1,2.91
2346,Cc1ccc(N)cc1Br,4.02
2347,Cc1ccc(N)cc1C,4.94
2348,Cc1ccc(N)cc1Cl,4.05
2349,Cc1ccc(N)cc1[N+](=O)[O-],3.0
2350,Cc1ccc(N)nc1,7.22
2351,Cc1ccc(N2CCCC2)cc1,4.69
2352,Cc1ccc(N2CCc3ccccc3C2)nc1,6.5
2353,Cc1ccc(N=C2NCCN2)c(Cl)c1,9.456667
2354,Cc1ccc(NC(=O)/C(C#N)=N/O)cc1,5.07
2355,Cc1ccc(NC(=O)C2CN(C)C(=O)C2=O)cc1,5.79
2356,Cc1ccc(NC(=S)c2ccc(Cl)cc2)cc1,11.18
2357,Cc1ccc(NC(=S)c2cccc(Br)c2)cc1,10.89
2358,Cc1ccc(NC(=S)c2ccccc2)cc1,10.81
2359,Cc1ccc(NC(C)(C)C)cc1,7.3
2360,Cc1ccc(NC=S)cc1,11.64
2361,Cc1ccc(NS(=O)(=O)c2ccc(C)cc2)cc1,9.65
2362,Cc1ccc(NS(=O)(=O)c2ccc(Cl)cc2)cc1,8.78
2363,Cc1ccc(NS(=O)(=O)c2ccc(F)cc2)cc1,9.23
2364,Cc1ccc(NS(=O)(=O)c2ccc([N+](=O)[O-])cc2)cc1,6.78
2365,Cc1ccc(NS(=O)(=O)c2cccc([N+](=O)[O-])c2)cc1,7.8
2366,Cc1ccc(NS(=O)(=O)c2ccccc2)cc1,8.985
2367,Cc1ccc(N[N+](=O)[O-])cc1,4.88
2368,Cc1ccc(Nc2ccccc2)cc1,1.16
2369,Cc1ccc(O)c(=O)cc1,7.32
2370,Cc1ccc(O)c(C(C)C)c1,10.73
2371,Cc1ccc(O)c(C)c1,10.56
2372,Cc1ccc(O)c([N+](=O)[O-])c1,7.4
2373,Cc1ccc(O)c2[n+]1CCS2,4.7
2374,Cc1ccc(O)cc1,10.26
2375,Cc1ccc(O)cc1C,10.32
2376,Cc1ccc(O)cc1[N+](C)(C)C,8.28
2377,Cc1ccc(O)cc1[S+](C)C,8.01
2378,Cc1ccc(OC(=O)CCCCN(C)C)cc1,9.87
2379,Cc1ccc(OC(=O)CCCN(C)C)cc1,9.53
2380,Cc1ccc(OC(O)(CBr)c2ccccc2)cc1,11.23
2381,Cc1ccc(OCC(=O)O)cc1,3.15
2382,Cc1ccc(OCCN2CCN(C(=O)c3cccs3)CC2)cc1,6.4
2383,Cc1ccc(S(=O)(=O)N(C)CCC(=N)N)cc1,11.5
2384,Cc1ccc(S(=O)(=O)N2CCNCC2)cc1,7.41
2385,Cc1ccc(S(=O)(=O)NC(=O)OC(C)(C)C)cc1,5.05
2386,Cc1ccc(S(=O)(=O)NC(=O)OCc2ccc([N+](=O)[O-])cc2)cc1,3.8
2387,Cc1ccc(S(=O)(=O)NC(=O)OCc2ccccc2)cc1,4.21
2388,Cc1ccc(S(=O)(=O)Nc2ccc(Cl)cc2)cc1,9.02
2389,Cc1ccc(S(=O)(=O)Nc2ccc(F)cc2)cc1,9.2
2390,Cc1ccc(S(=O)(=O)Nc2cccc([N+](=O)[O-])c2)cc1,8.27
2391,Cc1ccc(S(=O)(=O)Nc2ccccc2)cc1,8.905
2392,Cc1ccc(S(=O)(=O)c2coc(S(N)(=O)=O)c2)cc1,8.67
2393,Cc1ccc(S(=O)(=O)c2csc(S(N)(=O)=O)c2)cc1,8.95
2394,Cc1ccc(S(=O)O)cc1,1.82
2395,Cc1ccc(S(N)(=O)=O)cc1,9.89
2396,Cc1ccc(S(N)(=O)=O)cc1C,9.62
2397,Cc1ccc(S)cc1,6.47
2398,Cc1ccc(SC2CC(=O)N2)cc1,13.45
2399,Cc1ccc(SCC(=O)O)cc1,3.57
2400,Cc1ccc(Sc2ccc([N+](=O)[O-])cc2C(=O)O)cc1,2.84
2401,Cc1ccc([C@@H](OCCN(C)C)c2ccccc2)cc1,8.5
2402,Cc1ccc([C@@]2(F)C[C@@H]2N)cc1,7.41
2403,Cc1ccc([C@@]2(F)C[C@H]2N)cc1,7.04
2404,Cc1ccc([C@H](C)C(=O)O)cc2c(C)ccc1-2,4.14
2405,Cc1ccc([C@H]2C[C@@H]2C(=O)O)cc1,4.6
2406,Cc1ccc([N+](=O)[O-])c(C(=O)O)c1,2.55
2407,Cc1ccc([N+](=O)[O-])cc1C(=O)O,3.17
2408,Cc1ccc([N+](C)(C)C)cc1O,8.2
2409,Cc1ccc([Se](=O)O)cc1,4.88
2410,Cc1ccc([Se]CC(=O)O)cc1,3.86
2411,Cc1ccc([Se]O)c([N+](=O)[O-])c1,10.71
2412,Cc1ccc2c(c1)CC(=O)CC2,12.94
2413,Cc1ccc2c(c1)CCN2,5.0
2414,Cc1ccc2c(c1)N1CCN2CC1,5.83
2415,Cc1ccc2c(c1)N1CC[NH+]2CC1,2.4
2416,Cc1ccc2c(c1)c1c3c(nccn32)CCC1,6.24
2417,Cc1ccc2c(c1)c1c3n2CCN=C3CCC1,8.57
2418,Cc1ccc2c(c1)ncn2C,5.65
2419,Cc1ccc2c(c1)sc(-c1ccc(N(C)C)cc1)[n+]2C,2.69
2420,Cc1ccc2ccc(C)nc2c1,5.01
2421,Cc1ccc2ccc(O)cc2c1,9.52
2422,Cc1ccc2cccc(C)c2n1,4.1
2423,Cc1ccc2ccccc2c1C(=O)O,3.11
2424,Cc1ccc2ccccc2n1,5.69
2425,Cc1ccc2cccnc2c1,5.25
2426,Cc1ccc2nc(C(F)(F)F)nc(O)c2c1,5.9
2427,Cc1ccc2nc(C)c3c(c2c1)OC(C)C3C,7.65
2428,Cc1ccc2nc(C)ccc2c1,5.85
2429,Cc1ccc2nc3c(c(N4CCOCC4)c2c1)CCC3,7.18
2430,Cc1ccc2nc3ccc(C)cc3cc2c1,4.5
2431,Cc1ccc2nc3sc(Cl)nc3c(O)c2c1,5.0
2432,Cc1ccc2ncccc2c1,5.1
2433,Cc1ccc2ncn(C)c2c1,5.7
2434,Cc1cccc(-n2nnnc2N)c1,1.08
2435,Cc1cccc(/C=C/C(=O)O)c1,4.44
2436,Cc1cccc(/N=C/N(C)C)c1,9.11
2437,Cc1cccc(=O)c(O)c1,7.26
2438,Cc1cccc(Br)c1C(=O)O,2.71
2439,Cc1cccc(C(=O)N(C)O)c1,8.52
2440,Cc1cccc(C(=O)O)c1,4.28
2441,Cc1cccc(C(=O)O)c1Br,2.9
2442,Cc1cccc(C(=O)O)c1C,3.73
2443,Cc1cccc(C(=O)O)c1Cl,3.0
2444,Cc1cccc(C(=O)O)c1I,2.92
2445,Cc1cccc(C(=O)O)c1[N+](=O)[O-],2.91
2446,Cc1cccc(C(=O)c2ccc3n2CCC3C(=O)O)c1,3.44
2447,Cc1cccc(C(C)C)c1O,10.85
2448,Cc1cccc(C(C)[N+](=O)[O-])c1,7.49
2449,Cc1cccc(C)c1C(=N)c1ccccc1,7.71
2450,Cc1cccc(C)c1C(=O)O,3.23
2451,Cc1cccc(C)c1CNc1cc(C(=O)N(C)C)nc2c(C)c(C)n(C)c12,7.13
2452,Cc1cccc(C)c1CNc1cccn2c(C)ncc12,6.03
2453,Cc1cccc(C)c1CNc1ccnc2c1cc(C)n2C,7.42
2454,Cc1cccc(C)c1CNc1nc(-n2ccccc2=O)cc2c(C)c(C)[nH]c12,4.71
2455,Cc1cccc(C)c1CNc1nc(N2CCCC2=O)cc2c(C)c(C)[nH]c12,6.32
2456,Cc1cccc(C)c1CNc1nccc2c(C)c[nH]c12,8.71
2457,Cc1cccc(C)c1CNc1nccc2c1cc(C)n2C,9.14
2458,Cc1cccc(C)c1CNc1nccn2c(C)c(C)cc12,7.92
2459,Cc1cccc(C)c1COc1cccn2c(C)c(C)nc12,7.41
2460,Cc1cccc(C)c1N,3.84
2461,Cc1cccc(C)c1N(C)C,5.85
2462,Cc1cccc(C)c1NC(=S)c1ccccc1,10.79
2463,Cc1cccc(C)c1O,10.6
2464,Cc1cccc(C)c1OCC(=O)O,3.36
2465,Cc1cccc(C)c1OCC(C)N,9.153333
2466,Cc1cccc(C)c1OC[C@@H](C)N,9.2
2467,Cc1cccc(C)c1Oc1ccccn1,2.26
2468,Cc1cccc(C)n1,6.85
2469,Cc1cccc(C2NCCS2)c1,5.26
2470,Cc1cccc(C=O)n1,4.55
2471,Cc1cccc(CN)c1,9.37
2472,Cc1cccc(C[N+](=O)[O-])c1,6.97
2473,Cc1cccc(Cl)c1C(=O)O,2.59
2474,Cc1cccc(Cl)c1N(CC1CC1)C1=NCCN1,11.3
2475,Cc1cccc(Cl)c1N=C1NCCN1,9.333333
2476,Cc1cccc(Cl)c1O,8.7
2477,Cc1cccc(I)c1C(=O)O,2.7
2478,Cc1cccc(N(C)C)c1,5.32
2479,Cc1cccc(N)c1,4.7
2480,Cc1cccc(N)c1C,4.56
2481,Cc1cccc(N)n1,7.4
2482,Cc1cccc(NC=S)c1,11.55
2483,Cc1cccc(NS(=O)(=O)c2ccccc2)c1,8.48
2484,Cc1cccc(Nc2ccccc2)c1,0.92
2485,Cc1cccc(O)c1,10.055
2486,Cc1cccc(O)c1C,10.51
2487,Cc1cccc(O)c1C(=O)Oc1ccccc1,8.63
2488,Cc1cccc(OC(O)(CBr)c2ccccc2)c1,11.21
2489,Cc1cccc(OCC(=O)O)c1,3.18
2490,Cc1cccc(S(=O)(=O)N2CCC[C@@H]2CCN2CCC(C)CC2)c1,10.4
2491,Cc1cccc(S(N)(=O)=O)c1,9.51
2492,Cc1cccc(SCC(=O)O)c1,3.52
2493,Cc1cccc([N+](=O)[O-])c1C(=O)O,2.13
2494,Cc1cccc([Se](=O)O)c1,4.8
2495,Cc1cccc([Se]CC(=O)O)c1,3.78
2496,Cc1cccc2c1C(=O)NC2=O,10.49
2497,Cc1cccc2cc3ccccc3nc12,4.5
2498,Cc1cccc2ccc(O)cc12,9.42
2499,Cc1cccc2cccnc12,4.87
2500,Cc1cccc2ncccc12,5.0
2501,Cc1cccc2oc(=O)cc(O)c12,4.2
2502,Cc1cccc2sc(C(=N)N)cc12,9.1
2503,Cc1ccccc(=O)c1O,7.92
2504,Cc1ccccc1-c1nc2cn(-c3ccc(C#N)cc3)nc2c(=O)n1CC1CCCN(C(C)C)C1,10.0
2505,Cc1ccccc1-c1nc2cn(-c3ccc(F)cc3)nc2c(=O)n1CC1CCCN(C(C)C)C1,10.0
2506,Cc1ccccc1-c1nc2cn(-c3cccc(C#N)c3)nc2c(=O)n1CC1CCCN(C(C)C)C1,9.9
2507,Cc1ccccc1-n1nnnc1N,1.23
2508,Cc1ccccc1/C=C/C(=O)O,4.5
2509,Cc1ccccc1/C=C/c1ccc(N(C)C)cc1,4.59
2510,Cc1ccccc1/N=C/N(C)C,8.27
2511,Cc1ccccc1C(=N)c1ccccc1,7.21
2512,Cc1ccccc1C(=O)O,3.92
2513,Cc1ccccc1C(=O)c1ccc2n1CCC2C(=O)O,3.44
2514,Cc1ccccc1C(=S)Nc1ccccc1,10.87
2515,Cc1ccccc1C(OCCN(C)C)c1ccccc1,8.4
2516,Cc1ccccc1CN,9.23
2517,Cc1ccccc1CN(C)C,8.71
2518,Cc1ccccc1C[N+](=O)[O-],7.6
2519,Cc1ccccc1N,4.45
2520,Cc1ccccc1N(C)C,6.0
2521,Cc1ccccc1NC(=N)Nc1ccccc1C,9.67
2522,Cc1ccccc1NC(=S)c1ccccc1,10.21
2523,Cc1ccccc1NC(C)(C)C,6.49
2524,Cc1ccccc1NC1CCCC1,5.07
2525,Cc1ccccc1NC1CCCCC1,5.34
2526,Cc1ccccc1O,10.26
2527,Cc1ccccc1OC(C)C(=O)O,3.37
2528,Cc1ccccc1OCC(=O)O,3.17
2529,Cc1ccccc1S(=O)O,1.47
2530,Cc1ccccc1SCC(=O)O,3.46
2531,Cc1ccccc1[Se]CC(=O)O,3.79
2532,Cc1ccccn1,5.973333
2533,Cc1cccnc1,5.81
2534,Cc1cccnc1C,6.57
2535,Cc1cccnc1N,7.24
2536,Cc1cccnn1,3.46
2537,Cc1ccn(C)c2nc3ccccc3c1-2,8.35
2538,Cc1ccnc(/N=C/c2ccc([N+](=O)[O-])cc2)n1,3.66
2539,Cc1ccnc(C)c1,6.77
2540,Cc1ccnc(N)c1,7.48
2541,Cc1ccnc(N2CCc3ccccc3C2)c1,6.6
2542,Cc1ccnc(SC(F)(F)c2nc3ccccc3o2)n1,3.6
2543,Cc1ccnc2ccccc12,5.51
2544,Cc1ccncc1,6.075
2545,Cc1ccncc1C,6.53
2546,Cc1ccncn1,1.99
2547,Cc1ccnnc1,3.22
2548,Cc1ccnnc1C,4.1
2549,Cc1ccno1,2.3
2550,Cc1cn(C)nc1C,3.56
2551,Cc1cn2ccc3c(c2n1)CC(c1ccccc1)CC3,7.63
2552,Cc1cn2nc(-c3ccccc3)cc(C)c2n1,5.3
2553,Cc1cn2nc(-c3ccccc3)ccc2n1,5.09
2554,Cc1cnc(N(C)C)s1,6.08
2555,Cc1cnc(N)s1,5.71
2556,Cc1cnc(N2CCc3ccccc3C2)cc1N,8.7
2557,Cc1cnc2ccccc2c1,5.15
2558,Cc1cnc2cncnc2n1,3.49
2559,Cc1cncc(C)c1,6.15
2560,Cc1cnccc1N,9.15
2561,Cc1cnn(C)c1C,3.58
2562,Cc1cnnc(C)c1,4.11
2563,Cc1cnncc1C,4.13
2564,Cc1cnoc1C,0.0
2565,Cc1coc(C)c1C(=O)O,4.55
2566,Cc1csc(C(=O)O)c1,3.66
2567,Cc1csc2nccn12,5.36
2568,Cc1cscn1,3.14
2569,Cc1n[nH]c(C)c1C,4.82
2570,Cc1nc(N)c2ncsc2n1,4.56
2571,Cc1nc2c(/C=C/c3ccccc3)cccn2c1C,7.2
2572,Cc1nc2c(/C=C\c3ccccc3)cccn2c1C,7.2
2573,Cc1nc2c(CCc3ccccc3)cccn2c1C,7.5
2574,Cc1nc2c(OCc3ccccc3)cccn2c1C,7.0
2575,Cc1nc2c(OCc3ccccc3)nccn2c1C,4.8
2576,Cc1nc2c(OCc3ccccc3)nccn2c1N,4.6
2577,Cc1nc2c3c(c(C(=O)N4CC(F)(F)C4)cn2c1C)CCC1(CCc2ccccc21)O3,6.55
2578,Cc1nc2c3c(ccn2c1C)CCC(c1ccccc1)C3,8.05
2579,Cc1nc2c3c(ccn2c1C)CCC(c1ccccc1)O3,7.73
2580,Cc1nc2c3ccccc3cc[n+]2c(C)c1[O-],4.0
2581,Cc1nc2ccccc2n(C)c1=O,0.51
2582,Cc1nc2ccccc2n1C,6.55
2583,Cc1nc2cncnc2nc1C,2.93
2584,Cc1ncc2nc(C)c(C)nc2n1,3.76
2585,Cc1ncc2nccnc2n1,4.87
2586,Cc1nccn1C,7.64
2587,Cc1nccn1CC1CCc2c(c3ccccc3n2C)C1=O,7.3
2588,Cc1ncnc2ccccc12,2.52
2589,Cc1ncnc2nccnc12,2.92
2590,Cc1nn(C)c(C)c1C,4.48
2591,Cc1nn(C)c(C)c1Cl,1.96
2592,Cc1nnc(C)c(C)c1C,5.36
2593,Cc1nnc2c(c1C)CCC2,5.36
2594,Cc1nnc2c(c1C)CCCC2,5.41
2595,Cc1noc(C)c1C,-1.0
2596,Cc1noc(CN(C)C)n1,5.6
2597,Cc1oc2ccccc2c(=O)c1C(=O)c1ccc(O)cc1,7.74
2598,Cc1oc2ccccc2c1C(=O)c1ccc(O)cc1,8.4
2599,Cc1oc2ccccc2c1C(=O)c1cccc(O)c1,8.4
2600,ClC1CC2CCN1CC2,6.98
2601,ClC1CN2CCC1CC2,8.79
2602,ClC1NC=CN1,3.55
2603,ClCC1CC2CCN1CC2,9.68
2604,ClCC1CN2CCC1CC2,10.15
2605,ClCCN1CCOCC1,6.27
2606,Clc1cc(Br)cc(Cl)c1N=C1NCCN1,7.72
2607,Clc1cc(Cl)c(N=C2NCCN2)c(Cl)c1,7.7
2608,Clc1cc(Cl)c(N=C2NCCN2)cc1Cl,7.7
2609,Clc1ccc(-c2cnc(-c3ccccc3)o2)cc1,0.7
2610,Clc1ccc(-c2ncc(-c3ccccc3)o2)cc1,0.41
2611,Clc1ccc(C2CN2)cc1,6.18
2612,Clc1ccc(C2NCCS2)cc1,5.01
2613,Clc1ccc(Cl)c(N=C2NCCN2)c1,8.333333
2614,Clc1ccc(N=C2NCCN2)c(Cl)c1,8.703333
2615,Clc1ccc(Nc2ccccc2)cc1,0.0
2616,Clc1cccc(-c2ccccn2)n1,3.7
2617,Clc1cccc(Br)c1N(CC1CC1)C1=NCCN1,10.8
2618,Clc1cccc(Br)c1N=C1NCCN1,7.93
2619,Clc1cccc(Cl)c1N(CC1CC1)C1=NCCN1,10.9
2620,Clc1cccc(Cl)c1NC1=NCCN1,8.082222
2621,Clc1cccc(N=C2NCCN2)c1Cl,8.55
2622,Clc1cccc(Nc2ccccc2)c1,2.34
2623,Clc1ccccc1N=C1NCCN1,9.15
2624,Clc1ccccn1,0.72
2625,Clc1cccnc1,2.77
2626,Clc1cncc(Cl)c1,0.55
2627,Cn1/c(=N/N)ccc2ccccc21,9.17
2628,Cn1/c(=N\N)sc2ccccc21,6.1
2629,Cn1c(=O)c2[nH]c([N+](=O)[O-])nc2n(C)c1=O,3.58
2630,Cn1c(=O)c2c([nH]c(=O)n2C)n(C)c1=O,6.0
2631,Cn1c(=O)c2c(ncn2C)n(C)c1=O,1.4
2632,Cn1c(=O)ccc2ccccc21,-0.71
2633,Cn1c(=O)cnc2ccccc21,-1.15
2634,Cn1c(=O)n(C)c2c(N)cccc21,3.06
2635,Cn1c(=O)nc2sc(S(N)(=O)=O)nn2c1=O,7.3
2636,Cn1c(=S)[nH]c2cc3c(cc21)CCCC3,10.78
2637,Cn1c(C(=O)O)cc(=O)n(C)c1=O,0.8
2638,Cn1c(N)nc2ccn(C)c2c1=O,10.6
2639,Cn1c2c(s/c1=N\N)CCCC2,8.2
2640,Cn1c2ccccc2c(=N)c2ccccc21,11.01
2641,Cn1cc(-c2cccc(C(F)(F)F)c2)c2sc(C(=N)NC3CCS(=O)(=O)CC3)cc2c1=O,8.4
2642,Cn1cc(-c2noc(CN)n2)c2ccccc21,6.4
2643,Cn1cc(Cl)cn1,0.16
2644,Cn1cc(N)cn1,5.52
2645,Cn1cc2ccccc2n1,2.13
2646,Cn1ccc(=N)c2ccccc21,12.4
2647,Cn1ccc(=N)cc1,12.5
2648,Cn1ccc(=NC(=O)c2ccccc2)cc1,9.89
2649,Cn1ccc(=O)c2ccccc21,2.36
2650,Cn1ccc(=S)c2ccccc21,0.56
2651,Cn1ccc(=S)cc1,1.36
2652,Cn1ccc(N)n1,3.81
2653,Cn1ccc2ccc3cccnc3c21,4.36
2654,Cn1cccc1-c1cccnc1,4.643333
2655,Cn1cccc1C(=O)O,4.51
2656,Cn1cccn1,2.48
2657,Cn1cccnc1=N,10.75
2658,Cn1ccnc1,7.0975
2659,Cn1ccnc1Br,3.82
2660,Cn1ccnc1F,2.3
2661,Cn1ccnc1N,8.54
2662,Cn1ccnc1N=[N+]=[N-],2.275
2663,Cn1ccnc1[N+](=O)[O-],0.0
2664,Cn1cnc(=O)c(-c2ccccc2)c1,1.99
2665,Cn1cnc2cc([N+](=O)[O-])c([N+](=O)[O-])cc21,1.6
2666,Cn1cnc2cc([N+](=O)[O-])ccc21,3.28
2667,Cn1cnc2ccc([N+](=O)[O-])cc21,3.35
2668,Cn1cnc2ccccc21,5.625
2669,Cn1cnc2ncn(C)c2c1=O,2.16
2670,Cn1cncc(-c2ccccc2)c1=O,1.5
2671,Cn1cncn1,2.31
2672,Cn1n[n+](C)nc1N,2.5
2673,Cn1nc(/N=N/O)nc1Cl,5.17
2674,Cn1nc(Cl)nc1NN=O,4.03
2675,Cn1nc(S(N)(=O)=O)s/c1=N\C(=O)C(F)(F)F,6.6
2676,Cn1nc([N+](=O)[O-])nc1NN=O,3.22
2677,Cn1ncc2ccccc21,0.51
2678,Cn1nnc(CC(=O)O)n1,3.44
2679,Cn1nnc(N[N+](=O)[O-])n1,1.7
2680,Cn1nncc1Nc1ccccc1,1.73
2681,Cn1nnnc1N,1.82
2682,FC(F)(F)c1ccc2cccnc2c1,3.16
2683,FC(F)(F)c1cccc(NC=S)c1,10.78
2684,FC(F)(F)c1cccc2ncccc12,3.09
2685,FC(F)(F)c1ccccc1N=C1NCCN1,8.8
2686,FC(F)(F)c1nnn[nH]1,1.7
2687,FC(F)C1Cc2ccc(Br)cc2CN1,6.12
2688,FC(F)C1Cc2ccccc2CN1,6.42
2689,FC1(F)CCCNC1,7.4
2690,FC1(F)CCNCC1,8.5
2691,FC1CCCNC1,9.3
2692,FC1CCNCC1,9.4
2693,Fc1cc(F)c(F)c(S)c1F,2.75
2694,Fc1ccc(NC(=S)c2ccc(Cl)cc2)cc1,10.41
2695,Fc1ccc(NC(=S)c2cccc(Br)c2)cc1,10.32
2696,Fc1ccc(NC(=S)c2ccccc2)cc1,10.77
2697,Fc1ccc(NC=S)cc1,11.25
2698,Fc1ccc(S)cc1,6.35
2699,Fc1ccc([C@@H]2CCNC[C@H]2COc2ccc3c(c2)OCO3)cc1,9.843333
2700,Fc1ccc2c(c1)N(CCCN1CCCC1)c1cc(F)ccc1CC2,7.75
2701,Fc1ccc2c(c1)N(CCCN1CCOCC1)c1cc(F)ccc1CC2,7.6
2702,Fc1ccc2cccnc2c1,4.04
2703,Fc1ccc2ncccc2c1,4.0
2704,Fc1cccc(Br)c1N(CC1CC1)C1=NCCN1,10.7
2705,Fc1cccc(C(F)(F)F)c1N(CC1CC1)C1=NCCN1,10.7
2706,Fc1cccc(Cl)c1N(CC1CC1)C1=NCCN1,10.8
2707,Fc1cccc(Cl)c1N=C1NCCN1,8.01
2708,Fc1cccc(F)c1N(CC1CC1)C1=NCCN1,10.3
2709,Fc1cccc(F)c1N=C1NCCN1,8.253333
2710,Fc1cccc(NC(=S)c2ccc(Cl)cc2)c1,10.16
2711,Fc1cccc(NC(=S)c2cccc(Br)c2)c1,10.01
2712,Fc1cccc(NC(=S)c2ccccc2)c1,10.29
2713,Fc1cccc(NC=S)c1,10.89
2714,Fc1cccc2cccnc12,3.1
2715,Fc1cccc2ncccc12,3.68
2716,Fc1ccccn1,-0.146667
2717,Fc1cccn2ccnc12,4.9
2718,Fc1cccnc1,2.97
2719,Fc1cnc2ccccc2c1,2.36
2720,Ic1cccc(C2NCCS2)c1,4.93
2721,Ic1ccccn1,1.82
2722,Ic1cccnc1,3.25
2723,Ic1nnn[nH]1,2.85
2724,N#C/C(=C\C(=O)O)c1ccccc1,3.07
2725,N#C/C(=N\O)C(=O)Nc1ccc(-c2ccccc2)cc1,5.03
2726,N#C/C(=N\O)C(=O)Nc1ccc(C(F)(F)F)cc1,4.87
2727,N#C/C(=N\O)C(=O)Nc1ccc(F)cc1,5.01
2728,N#C/C(=N\O)C(=O)Nc1cccc(C(F)(F)F)c1,4.88
2729,N#C/C(=N\O)C(=O)Nc1cccc(F)c1,4.92
2730,N#C/C(=N\O)C(=O)Nc1ccccc1,5.12
2731,N#C/C(=N\O)C(=O)Nc1ccccc1F,4.87
2732,N#C/C(=N\O)C(N)=O,5.12
2733,N#CC(Br)C#N,5.0
2734,N#CC(C#N)=C(Br)C(C#N)C#N,2.6
2735,N#CC(C#N)=C(C#N)C(C#N)C#N,1.9
2736,N#CC(C#N)=C(C#N)Nc1ccc(Br)cc1,4.45
2737,N#CC(C#N)=C(C#N)Nc1cccc([N+](=O)[O-])c1,3.45
2738,N#CC(C#N)=C(N)C(C#N)C#N,2.58
2739,N#CC(C#N)=C(c1ccccc1)C(C#N)C#N,2.3
2740,N#CC(C#N)=NNc1c(Cl)cccc1Cl,2.015
2741,N#CC(C#N)=NNc1ccc(OC(F)(F)F)cc1,2.61
2742,N#CC(C#N)=NNc1ccc([N+](=O)[O-])cc1Cl,1.765
2743,N#CC(C#N)=NNc1cccc(Cl)c1Cl,2.22
2744,N#CC(C#N)=NNc1ccccc1C(F)(F)F,2.15
2745,N#CC(C#N)=NNc1ccccc1Cl,2.535
2746,N#CC(C#N)=NNc1ccccc1[N+](=O)[O-],2.52
2747,N#CC(C#N)Cc1ccc(Cl)cc1,11.49
2748,N#CC(C#N)Cc1ccc([N+](=O)[O-])cc1,10.87
2749,N#CC(C#N)c1ccc([N+](=O)[O-])cc1,2.35
2750,N#CC(CC(=O)O)Cc1ccccc1,3.91
2751,N#CC(CCN1CCCCC1)(c1ccccc1)c1ccccc1,8.07
2752,N#CC(CCN1CCOCC1)(c1ccccc1)c1ccccc1,6.09
2753,N#CC(O)=C(C#N)C#N,1.9
2754,N#CC(c1ccc(Cl)cc1)c1ccc([N+](=O)[O-])cc1,10.7
2755,N#CC(c1ccccc1)c1ccc([N+](=O)[O-])cc1,10.9
2756,N#CC1=CN2CCC1CC2,5.84
2757,N#CC1CC2CCN1CC2,5.85
2758,N#CC1CN2CCC1CC2,7.85
2759,N#CCC#N,11.19
2760,N#CCC(C(=O)O)c1ccccc1,3.44
2761,N#CCC(N)c1ccccc1,6.7
2762,N#CCCC(=O)O,3.98
2763,N#CCCC(C(=O)O)c1ccccc1,3.92
2764,N#CCCC([N+](=O)[O-])[N+](=O)[O-],3.45
2765,N#CCCN,7.75
2766,N#CCCNCCC#N,5.23
2767,N#CCCNc1ccccc1,4.5
2768,N#CCN,5.37
2769,N#CCN1CCCCC1,4.55
2770,N#CCN1CCOCC1,2.0
2771,N#CC[N+](=O)[O-],4.86
2772,N#CCc1ccc(C#N)cc1[N+](=O)[O-],11.43
2773,N#CNC(=N)N,-0.4
2774,N#CO,3.67
2775,N#CS,0.85
2776,N#CSc1ccc(O)cc1,8.57
2777,N#C[C@H]1CCCC[C@@H]1C(=O)O,3.86
2778,N#Cc1c(-c2nc3cc(Cl)ccc3o2)c(=O)oc2cc(O)ccc12,6.0
2779,N#Cc1c(-c2nc3ccccc3o2)c(=O)oc2cc(O)ccc12,6.07
2780,N#Cc1c(CN2CCC(Br)CC2)no[n+]1[O-],4.01
2781,N#Cc1cc(NS(=O)(=O)c2ccccc2C(F)(F)F)ccc1C(F)(F)F,5.1
2782,N#Cc1cc(NS(=O)(=O)c2ccccc2C(F)(F)F)ccc1Cl,5.8
2783,N#Cc1ccc(C(=O)O)cc1,3.53
2784,N#Cc1ccc(C(=O)S)cc1,1.42
2785,N#Cc1ccc(CC(C#N)C#N)cc1,10.96
2786,N#Cc1ccc(CN)cc1,8.72
2787,N#Cc1ccc(Cc2c3ccccc3nc3ccccc23)cc1,5.93
2788,N#Cc1ccc(N)c2ccccc12,1.2
2789,N#Cc1ccc(N)cc1,1.74
2790,N#Cc1ccc(NS(=O)(=O)c2ccccc2)cc1,6.78
2791,N#Cc1ccc(NS(=O)(=O)c2ccccc2C(F)(F)F)cc1Cl,5.1
2792,N#Cc1ccc(O)cc1,7.89
2793,N#Cc1ccc(Oc2ccc(S(=O)(=O)Nc3ccc(F)cn3)cc2C#N)cc1Cl,5.8
2794,N#Cc1ccc(S(=O)(=O)C2(F)CCN(CCc3ccc(F)cc3F)CC2)cc1,6.4
2795,N#Cc1ccc(S(=O)(=O)NCc2ccccc2)cc1,10.35
2796,N#Cc1ccc2c(c1)CCN2,2.8
2797,N#Cc1cccc(C(=O)O)c1,3.6
2798,N#Cc1cccc(N)c1,2.83
2799,N#Cc1cccc(NS(=O)(=O)c2ccccc2)c1,7.15
2800,N#Cc1cccc(O)c1,8.63
2801,N#Cc1cccc(S(N)(=O)=O)c1,8.84
2802,N#Cc1ccccc1N,0.95
2803,N#Cc1ccccc1O,7.32
2804,N#Cc1ccccn1,-0.26
2805,N#Cc1cccnc1,1.48
2806,N#Cc1ccncc1,1.91
2807,N#Cc1cncc2ccccc12,2.04
2808,N=C(N)N,13.06
2809,N=C(N)N(CC1CC1)c1c(Br)cccc1Br,11.9
2810,N=C(N)N(c1ccccc1)c1ccccc1,10.42
2811,N=C(N)Nc1ccccc1,10.835
2812,N=C(N)Oc1ccccc1,8.29
2813,N=C(N)c1ccccc1,11.8
2814,N=C(Nc1ccccc1)Nc1ccccc1,9.94
2815,N=C(Nc1nsc2ccccc12)c1ccc(Cl)cc1,4.84
2816,N=C(Nc1nsc2ccccc12)c1ccccc1,5.4
2817,N=C(SCc1ccccc1)c1ccccc1,4.43
2818,N=C(Sc1ccccc1)c1ccccc1,4.48
2819,N=C(c1ccccc1)c1cccc(Cl)c1,5.69
2820,N=C(c1ccccc1)c1ccccc1,6.82
2821,N=C(c1ccccc1)c1ccccc1Cl,5.59
2822,N=C1C=C(N)C(=O)c2ccccc21,8.87
2823,N=C1CCCC1,8.95
2824,N=C1CCCCC1,9.15
2825,N=C1Cc2ccccc2N1,8.15
2826,N=c1c2ccccc2[nH]c2ccccc12,9.99
2827,NC(=O)C(CC(=O)O)c1ccccc1,4.23
2828,NC(=O)C(CCC(=O)O)c1ccccc1,4.64
2829,NC(=O)C(CCCCC(=O)O)c1ccccc1,4.79
2830,NC(=O)C(N)Cc1c[nH]c2ccccc12,7.55
2831,NC(=O)C(N)Cc1ccccc1,7.33
2832,NC(=O)C(c1ccccc1)(c1ccccc1)[C@@H]1CCN(CCc2ccc3c(c2)CCO3)C1,13.52
2833,NC(=O)C1=CN2CCC1CC2,7.32
2834,NC(=O)C1C2c3ccccc3C(c3ccccc32)C1C(N)=O,-0.96
2835,NC(=O)C1CC2CCN1CC2,9.04
2836,NC(=O)C1CCCCN1,8.9
2837,NC(=O)CNC1CCC(OCc2cc(C(F)(F)F)cc(C(F)(F)F)c2)C1c1ccccc1,6.6
2838,NC(=O)CN[C@@H]1CC[C@H](OCc2cc(C(F)(F)F)cc(C(F)(F)F)c2)[C@H]1c1ccccc1,6.6
2839,NC(=O)CS,8.22
2840,NC(=O)Cc1ccc(C(=O)O)cc1,4.06
2841,NC(=O)Cc1ccc(Nc2c3ccccc3nc3ccccc23)cc1,7.43
2842,NC(=O)Nc1ccc([N+](=O)[O-])cc1,14.0
2843,NC(=O)[C@@H](N)Cc1ccccc1,7.26
2844,NC(=O)[C@@H]1CCCN1,8.82
2845,NC(=S)NCc1ccccc1,0.86
2846,NC(=S)Nc1ccc(Br)cc1,12.35
2847,NC(=S)Nc1ccc(Cl)cc1,12.3
2848,NC(=S)Nc1ccc([N+](=O)[O-])cc1,10.75
2849,NC(=S)Nc1cccc(Cl)c1,12.0
2850,NC(=S)Nc1cccc([N+](=O)[O-])c1,11.1
2851,NC(=S)c1ccc(Br)cc1,12.46
2852,NC(=S)c1ccc([N+](=O)[O-])cc1,11.84
2853,NC(N)=S,6.313333
2854,NC12CC3CC(CC(C3)C1)C2,10.71
2855,NC12CCC(C1)C2,9.3
2856,NC12CCC(CC1)C2,10.19
2857,NC1=NS(=O)(=O)Nc2nsnc21,3.2
2858,NC1=NS(=O)(=O)c2ccccc21,11.4
2859,NC1=Nc2c(F)cc(Cl)cc2[C@H]2CCC[C@@H]12,8.2
2860,NC1=Nc2c(F)cccc2[C@H]2CCC[C@@H]12,8.5
2861,NC1=Nc2c(F)cccc2[C@H]2CCC[C@@]12F,6.6
2862,NC1=Nc2c(ccc(F)c2F)[C@H]2CCC[C@@H]12,8.0
2863,NC1=Nc2ccc(Cl)cc2[C@H]2CCC[C@@H]12,9.4
2864,NC1=Nc2ccc(Cl)cc2[C@H]2CCC[C@@]12F,7.6
2865,NC1=Nc2ccccc2[C@H]2CCC[C@@H]12,9.7
2866,NC1=Nc2ccccc2[C@H]2CCC[C@@]12F,7.9
2867,NC1CC1,9.1
2868,NC1CCCCC1,10.67
2869,NC1CCCc2ccccc21,9.66
2870,NC1CCN(OCc2ccccc2)C1=O,6.4
2871,NC1CCc2ccccc2C1,9.97
2872,NC1Cc2ccccc2C1,9.55
2873,NCC(F)(F)F,5.7
2874,NCC(F)F,7.195
2875,NCC(N)=O,8.05
2876,NCC1CCCCC1,10.52
2877,NCC=C(Cl)Cl,9.3
2878,NCCBr,8.5
2879,NCCC(=O)Oc1ccc([N+](=O)[O-])cc1,9.17
2880,NCCC(=O)c1ccccc1,8.3
2881,NCCC(F)(F)F,8.7
2882,NCCC=C(Cl)Cl,9.85
2883,NCCCBr,8.93
2884,NCCCC(F)(F)F,9.7
2885,NCCCCBr,10.0
2886,NCCCCCCBr,10.6
2887,NCCCCCc1ccccc1,10.51
2888,NCCCCOc1c2ccccc2cc2ccccc12,9.94
2889,NCCCCc1ccccc1,10.39
2890,NCCCCl,9.89
2891,NCCCF,9.9
2892,NCCC[n+]1cc(Br)c2ccccc2c1,9.53
2893,NCCC[n+]1ccc2c([N+](=O)[O-])cccc2c1,8.48
2894,NCCC[n+]1ccc2ccccc2c1,8.97
2895,NCCCc1ccccc1,10.27
2896,NCCCl,8.49
2897,NCCF,8.895
2898,NCC[n+]1cc(Br)c2ccccc2c1,6.71
2899,NCC[n+]1ccc2c([N+](=O)[O-])cccc2c1,6.65
2900,NCC[n+]1ccc2ccccc2c1,6.85
2901,NCCc1c[nH]c2ccccc12,10.2
2902,NCCc1ccc(Br)cc1,9.65
2903,NCCc1ccc(Cl)cc1,9.66
2904,NCCc1ccc([N+](=O)[O-])cc1,9.42
2905,NCCc1ccccc1,9.485
2906,NC[C@@H]1C[C@@]1(C(=O)N1Cc2ccccc2C1)c1cccs1,9.5
2907,NCc1cc(Cl)ccc1[N+](=O)[O-],8.19
2908,NCc1ccc(C=O)o1,8.1
2909,NCc1ccc(Cl)cc1,9.24
2910,NCc1ccc(Cl)cc1[N+](=O)[O-],8.34
2911,NCc1ccc([N+](=O)[O-])cc1,8.5
2912,NCc1ccccc1,9.48
2913,NCc1ccccc1[N+](=O)[O-],8.59
2914,NOCc1ccc(Cl)cc1,4.22
2915,NOCc1ccc([N+](=O)[O-])cc1,3.96
2916,NOCc1ccccc1,4.34
2917,NP(=O)(O)N(CCCl)CCCl,4.766667
2918,NS(=O)(=O)C(F)(F)Br,6.53
2919,NS(=O)(=O)C(F)(F)Cl,6.5
2920,NS(=O)(=O)C(F)(F)F,8.015
2921,NS(=O)(=O)C(F)(F)I,6.79
2922,NS(=O)(=O)C1=NN2CCS(=O)(=O)N=C2S1,6.7
2923,NS(=O)(=O)CCc1ccccc1,10.04
2924,NS(=O)(=O)Oc1ccc(C(=O)OC2CCCC2)cc1,8.73
2925,NS(=O)(=O)Oc1ccc(C(=O)OC2CCCCC2)cc1,8.81
2926,NS(=O)(=O)Oc1ccc(C(=O)OC2CCCCCC2)cc1,8.88
2927,NS(=O)(=O)Oc1ccc(C(=O)OC2CCCCCCC2)cc1,8.09
2928,NS(=O)(=O)Oc1ccc2c3c(c(=O)oc2c1)CCCCC3,8.27
2929,NS(=O)(=O)c1cc2c(s1)S(=O)(=O)CCC2,8.35
2930,NS(=O)(=O)c1ccc(C(F)(F)F)cc1,9.4
2931,NS(=O)(=O)c1ccc(Cl)c(Cl)c1,8.94
2932,NS(=O)(=O)c1ccc(Cl)cc1,9.725
2933,NS(=O)(=O)c1ccc(F)cc1,9.34
2934,NS(=O)(=O)c1ccc([N+](=O)[O-])cc1,8.63
2935,NS(=O)(=O)c1cccc(C(F)(F)F)c1,8.98
2936,NS(=O)(=O)c1cccc(Cl)c1,9.04
2937,NS(=O)(=O)c1cccc([N+](=O)[O-])c1,9.19
2938,NS(=O)(=O)c1ccccc1,9.7
2939,NS(=O)(=O)c1nc2ccccc2s1,7.8
2940,NS(=O)(=O)c1nn2c(=O)n(CCCl)c(=O)nc2s1,7.1
2941,N[C@@H]1C[C@@H]1c1ccccc1,8.47
2942,N[C@@H]1C[C@H]1c1ccccc1,8.2
2943,N[C@@H]1C[C@]1(F)c1ccc(C(F)(F)F)cc1,6.6
2944,N[C@@H]1C[C@]1(F)c1ccc(Cl)cc1,6.81
2945,N[C@@H]1C[C@]1(F)c1ccc(F)cc1,6.88
2946,N[C@@H]1C[C@]1(F)c1ccccc1,6.98
2947,N[C@H](COCc1cc(C(F)(F)F)cc(C(F)(F)F)c1)c1ccccc1,7.93
2948,N[C@H]1CCCC[C@@H]1C(=O)Oc1ccc([N+](=O)[O-])cc1,8.57
2949,N[C@H]1CCCC[C@H]1C(=O)Oc1ccc([N+](=O)[O-])cc1,8.42
2950,N[C@H]1CCC[C@H]1C(=O)Oc1ccc([N+](=O)[O-])cc1,8.36
2951,N[C@H]1CCc2ccccc21,9.21
2952,N[C@H]1C[C@@H]1c1ccccc1,8.5
2953,N[C@H]1C[C@@]1(F)c1ccccc1,7.2
2954,N[C@H]1C[C@]1(F)c1ccc(C(F)(F)F)cc1,7.0
2955,N[C@H]1C[C@]1(F)c1ccc(Cl)cc1,7.19
2956,N[C@H]1C[C@]1(F)c1ccc(F)cc1,7.31
2957,N[C@H]1C[C@]1(F)c1ccccc1,7.35
2958,N[C@]1(c2ccccc2)C[C@]1(F)c1ccccc1,5.8
2959,N[n+]1ccccc1O,2.1
2960,Nc1c(Br)cccc1Br,0.36
2961,Nc1c2c(nc3ccccc13)CCCC2,9.91
2962,Nc1c2c(ncn2Cc2ccccc2)nc[n+]1[O-],6.7
2963,Nc1c2ccccc2nc2c1ccc1c([N+](=O)[O-])cccc12,7.1
2964,Nc1c2ccccc2nc2cccc([N+](=O)[O-])c12,7.3
2965,Nc1c2ccccc2nc2ccccc12,9.6
2966,Nc1c[nH]nc1[N+](=O)[O-],9.5
2967,Nc1cc(-c2ccccc2)nc2ccccc12,8.2
2968,Nc1cc(/C=C/c2c[nH]c3ccccc23)nc2ccccc12,9.5
2969,Nc1cc(/C=C/c2ccccc2)nc2ccccc12,9.3
2970,Nc1cc(Br)cc(Br)c1,2.49
2971,Nc1cc(N)c2ccccc2n1,9.45
2972,Nc1cc(N2CCc3ccccc3C2)nc2c1CCC2,9.4
2973,Nc1cc([N+](=O)[O-])c2ccccc2c1,2.62
2974,Nc1cc([N+](=O)[O-])cc2ccccc12,2.24
2975,Nc1cc2c(cc1Br)CCCC2,3.05
2976,Nc1cc2ccccc2cn1,5.05
2977,Nc1cc2ccccc2nn1,3.66
2978,Nc1cc[n+]([O-])cc1,3.61
2979,Nc1cc[nH]n1,4.11
2980,Nc1ccc(-c2ccccc2)cc1,4.38
2981,Nc1ccc(Br)cc1,3.79
2982,Nc1ccc(Br)cc1Br,2.3
2983,Nc1ccc(C(=O)c2ccccc2)cc1,2.24
2984,Nc1ccc(C(F)(F)F)cc1,2.57
2985,Nc1ccc(C=O)cc1,1.74
2986,Nc1ccc(Cl)c2ccccc12,3.4
2987,Nc1ccc(Cl)cc1,3.975
2988,Nc1ccc(Cl)cc1Cl,2.07
2989,Nc1ccc(Cl)cn1,4.83
2990,Nc1ccc(F)cc1,4.645
2991,Nc1ccc(I)cc1,3.79
2992,Nc1ccc([I+]c2ccccc2)cc1,1.66
2993,Nc1ccc([N+](=O)[O-])c(F)c1,-0.3
2994,Nc1ccc([N+](=O)[O-])c2ccccc12,0.53
2995,Nc1ccc([N+](=O)[O-])cc1,3.0325
2996,Nc1ccc2c([N+](=O)[O-])cccc2c1,3.16
2997,Nc1ccc2c(c1)-c1ccccc1C2,4.68
2998,Nc1ccc2c(c1)CCC2,5.35
2999,Nc1ccc2c(c1)CCCC2,5.2
3000,Nc1ccc2c(c1)Cc1c(F)cccc1-2,3.54
3001,Nc1ccc2c(c1Br)CCCC2,3.05
3002,Nc1ccc2cc([N+](=O)[O-])ccc2c1,2.9
3003,Nc1ccc2ccc([N+](=O)[O-])cc2c1,3.13
3004,Nc1ccc2cccc([N+](=O)[O-])c2c1,2.86
3005,Nc1cccc(-c2ccccc2)c1,4.28
3006,Nc1cccc(Br)c1,3.41
3007,Nc1cccc(C(F)(F)F)c1,3.49
3008,Nc1cccc(Cl)c1,3.59
3009,Nc1cccc(Cn2c(-c3ccccc3)ccc2-c2ccccc2)n1,6.86
3010,Nc1cccc(F)c1,3.495
3011,Nc1cccc(I)c1,3.59
3012,Nc1cccc(N2CCc3ccccc3C2)n1,6.0
3013,Nc1cccc([I+]c2ccccc2)c1,1.87
3014,Nc1cccc([N+](=O)[O-])c1,3.233333
3015,Nc1cccc2c([N+](=O)[O-])cccc12,2.8
3016,Nc1cccc2c1CCCC2,4.5
3017,Nc1cccc2cc([N+](=O)[O-])ccc12,3.15
3018,Nc1cccc2ccc([N+](=O)[O-])cc12,2.83
3019,Nc1cccc2cccc([N+](=O)[O-])c12,2.79
3020,Nc1cccc2ccccc12,3.92
3021,Nc1cccc2ccnnc12,3.68
3022,Nc1ccccc1,4.257143
3023,Nc1ccccc1-c1ccccc1,3.81
3024,Nc1ccccc1Br,2.4
3025,Nc1ccccc1Cl,2.64
3026,Nc1ccccc1F,3.08
3027,Nc1ccccn1,3.954
3028,Nc1cccnc1,3.58
3029,Nc1cccnc1N,6.84
3030,Nc1cccnc1N1CCc2ccccc2C1,5.0
3031,Nc1cccnn1,5.19
3032,Nc1ccnc(-c2cccc(Cl)n2)c1,7.7
3033,Nc1ccnc(N2CCc3ccccc3C2)c1,8.5
3034,Nc1ccnc2cc(Cl)ccc12,8.22
3035,Nc1ccncc1,9.145
3036,Nc1ccncc1Br,7.15
3037,Nc1ccncc1F,4.77
3038,Nc1ccncc1N,9.06
3039,Nc1ccnnc1,6.69
3040,Nc1cn[nH]c1,5.57
3041,Nc1cnc2cc3ccccc3cc2c1,4.78
3042,Nc1cncc2ccccc12,6.28
3043,Nc1cncnc1,2.83
3044,Nc1cnnc2ccccc12,6.84
3045,Nc1nc2ccc(OC(F)(F)F)cc2s1,6.5
3046,Nc1nc2cccc[n+]2o1,7.18
3047,Nc1nc2ccccc2c2ccccc12,7.31
3048,Nc1nc2ccccc2s1,4.51
3049,Nc1ncc(-c2ccccc2)s1,4.9
3050,Nc1ncc(Br)s1,3.61
3051,Nc1ncc(Cl)s1,3.66
3052,Nc1ncc(Sc2ccccc2)s1,4.16
3053,Nc1ncc2ccccc2n1,4.8
3054,Nc1ncc2n1CC(Cc1cccc3c1OCO3)CC2,9.2
3055,Nc1nccc2ccccc12,7.62
3056,Nc1nccs1,5.44
3057,Nc1ncnc2c1nnn2Cc1ccco1,2.6
3058,Nc1ncnc2scnc12,2.77
3059,Nc1nncc2ccccc12,6.6
3060,Nc1nnnn1-c1ccc(Cl)cc1,0.78
3061,Nc1nnnn1-c1ccc([N+](=O)[O-])cc1,0.34
3062,Nc1nnnn1-c1cccc(Cl)c1,0.7
3063,Nc1nnnn1-c1cccc([N+](=O)[O-])c1,0.47
3064,Nc1nnnn1-c1ccccc1,1.12
3065,Nc1nnnn1Cc1ccccc1,1.44
3066,Nc1nsc2ccccc12,2.45
3067,Nn1nnnc1-c1ccccc1,-0.62
3068,O/C(=C/[n+]1ccccc1)c1ccccc1,4.8
3069,O/C(=C\c1ccccc1)c1ccco1,8.5
3070,O/N=C/C(F)(F)F,8.9
3071,O/N=C/c1nc(-c2cccs2)no1,8.03
3072,O=C(C1=C(O)C(=O)c2ccccc2C1=O)c1ccccc1,2.17
3073,O=C(C1CCCCC1)N1CC(=O)N2CCc3ccccc3C2C1,15.02
3074,O=C(CC(=O)C(F)(F)F)c1ccccc1,6.3
3075,O=C(CC(=O)C(F)(F)F)c1cccs1,6.31
3076,O=C(CC(=O)c1ccc([N+](=O)[O-])cc1)Nc1ccccc1,8.7
3077,O=C(CC(=O)c1ccccc1)Nc1ccccc1,9.54
3078,O=C(CC(CO[N+](=O)[O-])O[N+](=O)[O-])Oc1ccccc1C(=O)O,3.69
3079,O=C(CCC(CO[N+](=O)[O-])O[N+](=O)[O-])Oc1ccccc1C(=O)O,3.69
3080,O=C(CCCC(CO[N+](=O)[O-])O[N+](=O)[O-])Oc1ccccc1C(=O)O,3.69
3081,O=C(CCCCC(CO[N+](=O)[O-])O[N+](=O)[O-])Oc1ccccc1C(=O)O,3.69
3082,O=C(CCCCCCO[N+](=O)[O-])Oc1ccccc1C(=O)O,3.69
3083,O=C(CCCCCO[N+](=O)[O-])Oc1ccccc1C(=O)O,3.69
3084,O=C(CCCCN1CCOCC1)c1ccccc1,7.5
3085,O=C(CCCCO[N+](=O)[O-])Oc1ccccc1C(=O)O,3.69
3086,O=C(CCCN1CCOCC1)c1ccccc1,7.26
3087,O=C(CCCO[N+](=O)[O-])Oc1ccccc1C(=O)O,3.69
3088,O=C(CCN1CCCCC1)c1ccccc1,9.23
3089,O=C(CCN1CCOCC1)c1cccc(Br)c1,6.8
3090,O=C(CCN1CCOCC1)c1ccccc1,6.5
3091,O=C(CCNCCC(=O)c1ccccc1)c1ccccc1,8.69
3092,O=C(CCO[N+](=O)[O-])Oc1ccccc1C(=O)O,3.69
3093,O=C(CCc1ccccc1)NO,8.18
3094,O=C(CCl)CCl,11.0
3095,O=C(CN1CCC(S(=O)(=O)c2ccccc2)CC1)c1ccc(F)cc1F,6.3
3096,O=C(CN1CCOCC1)c1ccccc1,5.97
3097,O=C(C[N+](=O)[O-])c1ccccc1,5.19
3098,O=C(C[n+]1cccc2c3ccccc3ccc21)c1ccc([N+](=O)[O-])cc1,9.45
3099,O=C(C[n+]1cccc2c3ccccc3ccc21)c1ccccc1,11.35
3100,O=C(C[n+]1ccccc1)c1ccccc1,10.92
3101,O=C(Cc1ccccc1)NC1=C(c2ccoc2)C(=O)c2ccccc2C1=O,12.5
3102,O=C(Cc1ccccc1)NO,9.26
3103,O=C(Cc1ccccc1)c1cc[n+](Cc2ccc([N+](=O)[O-])cc2)cc1,8.68
3104,O=C(Cc1ccccc1)c1cc[n+](Cc2cccc([N+](=O)[O-])c2)cc1,8.68
3105,O=C(Cc1ccccc1)c1cc[n+](Cc2ccccc2)cc1,8.8
3106,O=C(Cc1ccccc1)c1cc[n+]([CH-]c2cccc([N+](=O)[O-])c2)cc1,11.61
3107,O=C(Cc1ccccc1Nc1c(Cl)cccc1Cl)OCCCCN1CCOCC1,8.4
3108,O=C(Cc1ccccc1Nc1c(Cl)cccc1Cl)OCCCN1CCOCC1,7.99
3109,O=C(Cc1ccccc1Nc1c(Cl)cccc1Cl)OCCN1CCOCC1,7.52
3110,O=C(NBr)c1ccccc1,7.3
3111,O=C(NC1=C(c2ccoc2)C(=O)c2ccccc2C1=O)c1ccccc1,12.1
3112,O=C(NO)C1CCCCC1,9.87
3113,O=C(NO)c1ccc([N+](=O)[O-])cc1,8.02
3114,O=C(NO)c1cccc([N+](=O)[O-])c1,8.07
3115,O=C(NO)c1cccc2ccccc12,7.7
3116,O=C(NO)c1ccccc1,8.71
3117,O=C(NOC(=O)c1ccccc1)c1ccccc1,6.0
3118,O=C(O)/C(I)=C/c1ccccc1,3.3
3119,O=C(O)/C(I)=C\c1ccccc1,2.24
3120,O=C(O)/C=C(\I)c1ccccc1,3.4
3121,O=C(O)/C=C/C(=O)c1ccccc1,3.34
3122,O=C(O)/C=C/CCl,4.14
3123,O=C(O)/C=C/SC1CCCCC1,4.7
3124,O=C(O)/C=C/c1ccc2c(c1)OCO2,4.6
3125,O=C(O)/C=C/c1cccc(C(F)(F)F)c1,4.6
3126,O=C(O)/C=C/c1cccc(Cl)c1,4.8
3127,O=C(O)/C=C/c1cccc([N+](=O)[O-])c1,4.08
3128,O=C(O)/C=C/c1ccccc1,4.425
3129,O=C(O)/C=C/c1ccco1,4.29
3130,O=C(O)/C=C/c1cccs1,4.25
3131,O=C(O)/C=C/c1ccoc1,4.31
3132,O=C(O)/C=C\SC1CCCCC1,4.95
3133,O=C(O)/C=C\c1cccc(Cl)c1,3.71
3134,O=C(O)/C=C\c1cccc([N+](=O)[O-])c1,3.63
3135,O=C(O)/C=C\c1ccccc1,3.88
3136,O=C(O)C#CBr,1.9
3137,O=C(O)C#CCl,1.89
3138,O=C(O)C#CI,2.0
3139,O=C(O)C#COc1ccccc1,3.09
3140,O=C(O)C#CSc1ccccc1,2.11
3141,O=C(O)C#Cc1ccccc1,2.26
3142,O=C(O)C(=O)/C=C/c1ccccc1,1.97
3143,O=C(O)C(=O)c1ccccc1,1.22
3144,O=C(O)C(F)F,1.24
3145,O=C(O)C(F)c1ccccc1,2.45
3146,O=C(O)C12CC3(F)CC(F)(CC(F)(C3)C1)C2,3.24
3147,O=C(O)C12CC3CC(CC(C3)C1)C2,4.95
3148,O=C(O)C12CC3CC(CC(F)(C3)C1)C2,4.22
3149,O=C(O)C12CCC(C1)C2,3.96
3150,O=C(O)C12CCC(CC1)C2,4.89
3151,O=C(O)C1=C/C=C\C=C/C=C\1,4.4
3152,O=C(O)C1C2CCC1CC2,4.85
3153,O=C(O)C1C=Cc2ccccc21,6.635
3154,O=C(O)C1CC1,4.83
3155,O=C(O)C1CC1(Br)Br,3.57
3156,O=C(O)C1CC1(Cl)Cl,3.51
3157,O=C(O)C1CCC1,4.79
3158,O=C(O)C1CCCC1,4.99
3159,O=C(O)C1CCCCC1,4.89
3160,O=C(O)C1CCCCO1,3.84
3161,O=C(O)C1CCCOC1,4.25
3162,O=C(O)C1CCCc2ccccc2O1,3.63
3163,O=C(O)C1CCOc2ccc(Cl)cc21,4.9
3164,O=C(O)C1CCc2ccccc2O1,3.38
3165,O=C(O)C1COCCO1,3.15
3166,O=C(O)C1Cc2ccccc2O1,3.25
3167,O=C(O)C1c2ccccc2-c2ccccc21,10.685
3168,O=C(O)C1c2ccccc2Oc2ccccc21,3.89
3169,O=C(O)C=C=Cc1ccccc1,3.7
3170,O=C(O)CBr,2.87
3171,O=C(O)CC#Cc1ccccc1,3.44
3172,O=C(O)CC(c1ccccc1)c1ccccc1Cl,4.7
3173,O=C(O)CC1CCCCC1,4.8
3174,O=C(O)CC1CCCCO1,4.39
3175,O=C(O)CCBr,3.86
3176,O=C(O)CCC(=O)C=C=Cc1ccccc1,13.3
3177,O=C(O)CCC(=O)c1ccc(-c2ccccc2)cc1,4.46
3178,O=C(O)CCC(=O)c1ccc2ccccc2c1,4.96
3179,O=C(O)CCC(=O)c1cccc2ccccc12,4.48
3180,O=C(O)CCC1CCCCC1,4.91
3181,O=C(O)CCCC1CCCCC1,4.95
3182,O=C(O)CCCCC1CCSS1,4.82
3183,O=C(O)CCCC[P+](c1ccccc1)(c1ccccc1)c1ccccc1,5.19
3184,O=C(O)CCCCc1ccccc1,4.88
3185,O=C(O)CCCN1C(=O)S/C(=C\C=C\c2ccccc2)C1=O,3.89
3186,O=C(O)CCCOC(=O)CCCBr,4.6
3187,O=C(O)CCCP,4.53
3188,O=C(O)CCCc1c[nH]c2ccccc12,4.82
3189,O=C(O)CCCc1ccccc1,4.78
3190,O=C(O)CCCc1cccs1,4.54
3191,O=C(O)CCCl,4.04
3192,O=C(O)CCP,4.23
3193,O=C(O)CCc1c[nH]c2ccccc12,4.87
3194,O=C(O)CCc1ccc(Br)cc1,4.33
3195,O=C(O)CCc1ccc(Cl)cc1,4.65
3196,O=C(O)CCc1ccc([N+](=O)[O-])cc1,4.54
3197,O=C(O)CCc1ccccc1,4.615
3198,O=C(O)CCc1ccco1,4.36
3199,O=C(O)CCc1cccs1,4.34
3200,O=C(O)CCc1ccoc1,4.44
3201,O=C(O)CCc1ccsc1,4.45
3202,O=C(O)CCc1nnnn1-c1ccccc1,5.0
3203,O=C(O)CCl,2.85
3204,O=C(O)CF,2.61
3205,O=C(O)CI,3.16
3206,O=C(O)CN(Cc1ccccc1)S(=O)(=O)c1ccc(OC(F)F)cc1,3.4
3207,O=C(O)CN1C(=O)c2cccc3cccc(c23)C1=O,4.8
3208,O=C(O)COc1cc2c(c(Cl)c1Cl)C(=O)C(C1CCCC1)C2,3.9
3209,O=C(O)COc1cc2c(c(Cl)c1Cl)C(=O)C(CC1CCCC1)C2,3.8
3210,O=C(O)COc1cc2c(c(Cl)c1Cl)C1=CC(=O)CCC1(C1CCCC1)C2,3.83
3211,O=C(O)COc1ccc([N+](=O)[O-])cc1,2.89
3212,O=C(O)COc1ccccc1,3.175
3213,O=C(O)COc1ccccc1[N+](=O)[O-],2.9
3214,O=C(O)CP,4.07
3215,O=C(O)CS/C=C/c1ccccc1,3.5
3216,O=C(O)CSC(c1ccccc1)(c1ccccc1)c1ccccc1,4.32
3217,O=C(O)CSCCc1ccccc1,3.8
3218,O=C(O)CSCc1ccccc1,3.73
3219,O=C(O)CSc1ccc([N+](=O)[O-])cc1,3.2
3220,O=C(O)CSc1cccc([N+](=O)[O-])c1,3.4
3221,O=C(O)CSc1ccccc1,3.52
3222,O=C(O)CSc1ccccc1[N+](=O)[O-],3.18
3223,O=C(O)C[Se]c1ccc([N+](=O)[O-])cc1,3.46
3224,O=C(O)C[Se]c1cccc([N+](=O)[O-])c1,3.55
3225,O=C(O)C[Se]c1ccccc1,3.75
3226,O=C(O)C[Se]c1ccccc1[N+](=O)[O-],3.45
3227,O=C(O)Cc1c(-c2ccccc2)ccc2ccccc12,6.9
3228,O=C(O)Cc1c[nH]c2ccccc12,4.39
3229,O=C(O)Cc1cc(-c2ccccc2)c2ccccc2c1,7.0
3230,O=C(O)Cc1cc(-c2ccccc2)cc2ccccc12,6.7
3231,O=C(O)Cc1cc2ccccc2cc1-c1ccccc1,7.1
3232,O=C(O)Cc1ccc(-c2ccccc2)c2ccccc12,6.8
3233,O=C(O)Cc1ccc(-c2ccccc2)cc1,4.46
3234,O=C(O)Cc1ccc(Cl)s1,3.89
3235,O=C(O)Cc1ccc2c(-c3ccccc3)cccc2c1,6.6
3236,O=C(O)Cc1ccc2cc(-c3ccccc3)ccc2c1,6.6
3237,O=C(O)Cc1ccc2ccc(-c3ccccc3)cc2c1,6.7
3238,O=C(O)Cc1ccc2cccc(-c3ccccc3)c2c1,6.8
3239,O=C(O)Cc1ccc2ccccc2c1,4.26
3240,O=C(O)Cc1ccc2ccccc2c1-c1ccccc1,7.2
3241,O=C(O)Cc1cccc2c(-c3ccccc3)cccc12,6.7
3242,O=C(O)Cc1cccc2cc(-c3ccccc3)ccc12,6.9
3243,O=C(O)Cc1cccc2ccc(-c3ccccc3)cc12,6.9
3244,O=C(O)Cc1cccc2ccccc12,4.24
3245,O=C(O)Cc1ccccc1,4.27
3246,O=C(O)Cc1ccccc1Nc1c(Cl)cccc1Cl,4.256
3247,O=C(O)Cc1ccco1,3.72
3248,O=C(O)Cc1cccs1,3.85
3249,O=C(O)Cc1ccoc1,4.07
3250,O=C(O)Cc1ccsc1,4.07
3251,O=C(O)Cc1nnnn1-c1ccccc1,3.1
3252,O=C(O)Cn1c2ccccc2c2ccccc21,3.55
3253,O=C(O)Cn1ccc2ccccc21,3.4
3254,O=C(O)Cn1cccc1,3.3
3255,O=C(O)[C@@H]1C[C@@H]1Br,4.09
3256,O=C(O)[C@@H]1C[C@@H]1Cl,4.12
3257,O=C(O)[C@@H]1C[C@@H]1c1ccccc1,4.82
3258,O=C(O)[C@@]1(Cl)[C@H]2CCC[C@H]21,2.82
3259,O=C(O)[C@H]1C[C@@H]1Cl,4.12
3260,O=C(O)[C@H]1C[C@@H]1c1ccc(Cl)cc1,4.53
3261,O=C(O)[C@H]1C[C@@H]1c1ccc([N+](=O)[O-])cc1,4.45
3262,O=C(O)[C@H]1C[C@@H]1c1cccc(Cl)c1,4.51
3263,O=C(O)[C@H]1C[C@@H]1c1cccc([N+](=O)[O-])c1,4.41
3264,O=C(O)[C@H]1C[C@@H]1c1ccccc1,4.54
3265,O=C(O)[C@H]1C[C@@H]2CC[C@H]1C2,5.02
3266,O=C(O)[C@H]1C[C@H]2CC[C@@H]1C2,5.08
3267,O=C(O)[C@H]1[C@@H]2C=C[C@H]1CC2,4.58
3268,O=C(O)[C@]1(Cl)[C@H]2CCC[C@H]21,3.03
3269,O=C(O)[c+]1cccccc1,3.29
3270,O=C(O)c1c(Br)cccc1[N+](=O)[O-],1.37
3271,O=C(O)c1c(Cl)cccc1[N+](=O)[O-],1.41
3272,O=C(O)c1c2ccccc2cc2ccccc12,3.65
3273,O=C(O)c1c[nH]c2ccccc12,5.27
3274,O=C(O)c1cc(-c2ccccc2)oc(=O)c1,3.3
3275,O=C(O)c1cc(=O)cc(-c2ccccc2)o1,1.51
3276,O=C(O)c1cc(=O)cco1,1.5
3277,O=C(O)c1cc(=S)ss1,1.2
3278,O=C(O)c1cc(Br)cs1,3.11
3279,O=C(O)c1cc(Cl)cc([N+](=O)[O-])c1,2.17
3280,O=C(O)c1cc(Cl)co1,2.69
3281,O=C(O)c1cc([N+](=O)[O-])ccc1C(=O)c1ccccc1,2.86
3282,O=C(O)c1cc([N+](=O)[O-])ccc1F,2.73
3283,O=C(O)c1cc([N+](=O)[O-])ccc1Sc1ccccc1,3.22
3284,O=C(O)c1cc([N+](=O)[O-])cs1,2.83
3285,O=C(O)c1cc2ccccc2o1,2.84
3286,O=C(O)c1cc2ccccc2oc1=O,3.6
3287,O=C(O)c1cc2ccccc2s1,3.1
3288,O=C(O)c1cc[nH]c1,4.98
3289,O=C(O)c1ccc(/C=C/[N+](=O)[O-])cc1,3.94
3290,O=C(O)c1ccc(=O)oc1,3.26
3291,O=C(O)c1ccc(Br)c([N+](=O)[O-])c1,3.24
3292,O=C(O)c1ccc(Br)cc1,3.93
3293,O=C(O)c1ccc(Br)s1,3.3
3294,O=C(O)c1ccc(C2CC2)cc1,4.42
3295,O=C(O)c1ccc(CCl)cc1,4.13
3296,O=C(O)c1ccc(Cl)c(Cl)c1,3.9
3297,O=C(O)c1ccc(Cl)c([N+](=O)[O-])c1,3.33
3298,O=C(O)c1ccc(Cl)cc1,3.9375
3299,O=C(O)c1ccc(Cl)cc1Cl,2.74
3300,O=C(O)c1ccc(Cl)s1,3.41
3301,O=C(O)c1ccc(F)c([N+](=O)[O-])c1,3.37
3302,O=C(O)c1ccc(F)cc1,4.15
3303,O=C(O)c1ccc(I)cc1,3.93
3304,O=C(O)c1ccc(I)o1,2.94
3305,O=C(O)c1ccc(OCc2ccccc2)cc1,4.44
3306,O=C(O)c1ccc(Oc2ccccc2)cc1,4.52
3307,O=C(O)c1ccc([N+](=O)[O-])cc1,3.6625
3308,O=C(O)c1ccc([N+](=O)[O-])cc1Cl,1.96
3309,O=C(O)c1ccc([N+](=O)[O-])o1,2.06
3310,O=C(O)c1ccc([N+](=O)[O-])s1,2.68
3311,O=C(O)c1ccc2[nH]ccc2c1,4.1
3312,O=C(O)c1ccc2cc3ccccc3cc2c1,4.18
3313,O=C(O)c1ccc2ccccc2c1,4.325
3314,O=C(O)c1ccc[nH]1,1.85
3315,O=C(O)c1ccc[se]1,3.43
3316,O=C(O)c1cccc(/C=C/[N+](=O)[O-])c1,3.9
3317,O=C(O)c1cccc(=O)cc1,3.2
3318,O=C(O)c1cccc(Br)c1,3.863333
3319,O=C(O)c1cccc(C(F)(F)F)c1,3.79
3320,O=C(O)c1cccc(C2CC2)c1,4.28
3321,O=C(O)c1cccc(Cl)c1,3.866667
3322,O=C(O)c1cccc(F)c1,3.885
3323,O=C(O)c1cccc(I)c1,3.876667
3324,O=C(O)c1cccc(Oc2ccccc2)c1,3.95
3325,O=C(O)c1cccc([N+](=O)[O-])c1,3.6675
3326,O=C(O)c1cccc([N+](=O)[O-])c1C(=O)c1ccccc1,2.87
3327,O=C(O)c1cccc([N+](=O)[O-])c1Cl,2.02
3328,O=C(O)c1cccc2cc3ccccc3cc12,3.7
3329,O=C(O)c1cccc2ccccc12,3.7
3330,O=C(O)c1ccccc1,4.018571
3331,O=C(O)c1ccccc1-c1ccccc1,3.46
3332,O=C(O)c1ccccc1Br,2.93
3333,O=C(O)c1ccccc1C(=O)c1ccccc1,3.54
3334,O=C(O)c1ccccc1Cl,3.43
3335,O=C(O)c1ccccc1F,3.435
3336,O=C(O)c1ccccc1I,2.93
3337,O=C(O)c1ccccc1Oc1ccccc1,3.53
3338,O=C(O)c1ccccc1[N+](=O)[O-],2.21
3339,O=C(O)c1cccccc1=O,3.73
3340,O=C(O)c1ccco1,1.325
3341,O=C(O)c1cccs1,3.46
3342,O=C(O)c1ccoc1,1.675
3343,O=C(O)c1ccsc1,4.03
3344,O=C(O)c1coc2ccccc12,4.18
3345,O=C(O)c1coc2ccccc2c1=O,8.85
3346,O=C(O)c1csc(Br)c1,3.7
3347,O=C(O)c1csc(Br)n1,3.28
3348,O=C(O)c1csc(Cl)c1,3.8
3349,O=C(O)c1csc(Cl)n1,3.3
3350,O=C(O)c1csc([N+](=O)[O-])c1,3.24
3351,O=C(O)c1csc2ccccc12,4.24
3352,O=C(O)c1cssc1=S,2.8
3353,O=C(O)c1ncccn1,0.86
3354,O=C(O)c1nsc2ccccc12,2.76
3355,O=C(O)c1sccc1[N+](=O)[O-],2.68
3356,O=C(OCc1ccccc1)c1ccc(O)cc1,8.31
3357,O=C(OCc1ccccc1)c1cccnc1,3.94
3358,O=C(OO)c1ccccc1,7.3
3359,O=C(Oc1ccc([N+](=O)[O-])cc1)C1c2ccccc2-c2ccccc21,9.9
3360,O=C(Oc1ccc([N+](=O)[O-])cc1[N+](=O)[O-])c1ccc(O)cc1,7.68
3361,O=C(Oc1cccc([N+](=O)[O-])c1)C1c2ccccc2-c2ccccc21,9.84
3362,O=C(S)c1ccccc1,2.44
3363,O=C(c1ccc(Cl)cc1)c1ccc(OC2CN3CCC2CC3)cc1,9.1
3364,O=C(c1ccc(Cl)cc1)c1ccc2n1CCC2C(=O)O,3.4
3365,O=C(c1ccc(Cl)cc1)n1c(-c2ccccc2[N+](=O)[O-])nc2ccccc21,4.69
3366,O=C(c1ccc(F)cc1)c1ccc2n1CCC2C(=O)O,3.51
3367,O=C(c1ccc([N+](=O)[O-])cc1)n1c(-c2ccccc2[N+](=O)[O-])nc2ccccc21,4.79
3368,O=C(c1ccc2ccccc2c1)c1ccc2n1CCC2C(=O)O,3.44
3369,O=C(c1ccc2n1CCC2C(=O)O)C1CCC1,3.54
3370,O=C(c1cccc(Cl)c1)c1ccc2n1CCC2C(=O)O,3.44
3371,O=C(c1cccc(F)c1)c1ccc2n1CCC2C(=O)O,3.46
3372,O=C(c1ccccc1)N(O)c1ccccc1,2.895
3373,O=C(c1ccccc1)c1ccc(O)cc1,8.01
3374,O=C(c1ccccc1)c1ccc2n1CCC2C(=O)O,3.496667
3375,O=C(c1ccccc1)c1cccc(O)c1,9.0
3376,O=C(c1ccccc1)c1cccc([N+](=O)[O-])c1C(=O)O,2.39
3377,O=C(c1ccccc1)c1ccccc1O,9.3
3378,O=C(c1ccccc1)n1c(-c2ccccc2[N+](=O)[O-])nc2ccccc21,4.9
3379,O=C(c1ccccc1)n1cnc2ccccc21,1.8
3380,O=C(c1ccccc1Cl)c1ccc2n1CCC2C(=O)O,4.33
3381,O=C(c1cccs1)N1CCN(CCOc2ccc(Cl)cc2)CC1,6.35
3382,O=C(c1cccs1)N1CCN(CCOc2ccc(Cl)cc2Cl)CC1,5.23
3383,O=C(c1nnc(-c2ccccc2)o1)N1CC(Oc2ccc(CN3CC4(CCCO4)C3)cc2)C1,8.4
3384,O=C(c1nnc(-c2ccccc2)o1)N1CC(Oc2ccc(CN3CC4(CCOC4)C3)cc2)C1,8.6
3385,O=C(c1nnc(-c2ccccc2)o1)N1CC(Oc2ccc(CN3CC4(COC4)C3)cc2)C1,8.0
3386,O=C1/C(=N/O)C=Cc2ccccc21,7.52
3387,O=C1C(=O)C(c2ccccc2)C1=O,0.37
3388,O=C1C(NC2CCCC2)=C(NS(=O)(=O)c2ccccc2)C(=O)c2ccccc21,10.1
3389,O=C1C(NCc2ccccc2)=C(NS(=O)(=O)c2ccccc2)C(=O)c2ccccc21,10.4
3390,O=C1C(NS(=O)(=O)c2ccccc2)=C(Oc2ccc(Br)cc2)C(=O)c2ccccc21,5.0
3391,O=C1C(NS(=O)(=O)c2ccccc2)=C(Oc2ccccc2)C(=O)c2ccccc21,5.0
3392,O=C1C(NS(=O)(=O)c2ccccc2)=C(c2ccc(Cl)cc2)C(=O)c2ccccc21,5.0
3393,O=C1C(NS(=O)(=O)c2ccccc2)=C(c2cccc(Cl)c2)C(=O)c2ccccc21,4.5
3394,O=C1C(NS(=O)(=O)c2ccccc2)=C(c2ccccc2Cl)C(=O)c2ccccc21,4.9
3395,O=C1C(NS(=O)(=O)c2ccccc2)=C(c2ccco2)C(=O)c2ccccc21,5.1
3396,O=C1C(NS(=O)(=O)c2ccccc2)=C(c2ccoc2)C(=O)c2ccccc21,5.0
3397,O=C1C(O)=C(/C=C/c2ccccc2)C(=O)c2ccccc21,4.44
3398,O=C1C(O)=C(Cc2ccccc2)C(=O)c2ccccc21,4.9
3399,O=C1C(O)=C(c2ccccc2)C(=O)c2ccccc21,4.35
3400,O=C1C2=C(CCCC2)C(=O)N1c1ccc(Cl)cc1,6.43
3401,O=C1C=C(O)C(=O)c2ccccc21,3.19
3402,O=C1C=C(O)CC1,4.2
3403,O=C1C=C(O)CC1Cc1ccc(Br)cc1,3.96
3404,O=C1C=C(O)CC1Cc1ccccc1,4.01
3405,O=C1C=CC(=NO)C=C1,6.36
3406,O=C1C=CC(=O)c2c(O)cccc21,8.7
3407,O=C1C=CCC=C1,-1.14
3408,O=C1C=Cc2ccccc2/C1=N\O,7.77
3409,O=C1CC(=O)C(Cc2ccccc2)N1,6.08
3410,O=C1CC(=O)CC2(CCCCC2)C1,5.2
3411,O=C1CC(=O)c2ccccc2O1,5.64
3412,O=C1CC(Sc2ccc([N+](=O)[O-])cc2)N1,12.97
3413,O=C1CC(Sc2ccccc2)N1,13.33
3414,O=C1CC(c2ccccc2)C=C1O,8.28
3415,O=C1CC(c2ccccc2)CC(O)=C1Nc1ccccc1Cl,4.6
3416,O=C1CC(c2ccccc2)CC(O)=C1Oc1ccccc1Cl,3.7
3417,O=C1CC(c2ccccc2)CC(O)=C1Sc1ccccc1[N+](=O)[O-],2.63
3418,O=C1CC(c2ccccc2)NC(=O)N1,11.22
3419,O=C1CCC(=O)C1,4.5
3420,O=C1CCC(=O)C1=O,8.48
3421,O=C1CCC(=O)N1,9.59
3422,O=C1CCC(=O)N1O,6.04
3423,O=C1CCC(C2CCCCC2)C(=O)C1,5.5
3424,O=C1CCC(Cc2ccc(Br)cc2)=C1O,8.6
3425,O=C1CCC(Cc2ccccc2)=C1O,8.88
3426,O=C1CCC(Cl)C1=O,7.05
3427,O=C1CCC(O)=C1Cc1ccc(Br)cc1,4.2
3428,O=C1CCC(O)=C1Cc1ccccc1,4.44
3429,O=C1CCCC(=O)C1,5.26
3430,O=C1CCCC(=O)N1,11.43
3431,O=C1CCCC(=O)N1O,7.6
3432,O=C1CCCC2CCCC(=O)C12,11.13
3433,O=C1CCCN(Cc2ccc3c(c2)OCO3)C1,7.6
3434,O=C1CCCc2nc3c(ccn4ccnc34)cc21,2.0
3435,O=C1CCN(Cc2ccc3c(c2)OCO3)C1,6.1
3436,O=C1CCN(Cc2ccc3c(c2)OCO3)CC1,7.5
3437,O=C1CCON1,6.7
3438,O=C1CC[C@H]2N1CC[C@H]1c3ccccc3CCN12,4.89
3439,O=C1CCc2cc(Cl)c([N+](=O)[O-])cc2C1,11.34
3440,O=C1CCc2cc(Cl)ccc2C1,12.51
3441,O=C1CCc2cc(I)ccc2C1,12.36
3442,O=C1CCc2cc([N+](=O)[O-])ccc2C1,10.09
3443,O=C1CCc2ccc(Cl)cc2C1,12.3
3444,O=C1CCc2ccc([N+](=O)[O-])cc2C1,11.76
3445,O=C1CCc2ccccc2C1,12.83
3446,O=C1CCc2ccccc2N1CCCN1CCC(c2ccc3[nH]ccc3c2)CC1,9.0
3447,O=C1CN2CCC1CC2,7.27
3448,O=C1COC(=O)C1,3.76
3449,O=C1COC(=O)C1Br,2.23
3450,O=C1COC(=O)C1Cl,2.13
3451,O=C1COC(=O)C1I,2.31
3452,O=C1COCC(=O)C1=O,7.62
3453,O=C1CSC(=O)N1,6.68
3454,O=C1CSCC(=O)C1,4.34
3455,O=C1C[C@H]2OCC=C3CN4CC[C@@]56c7ccccc7N1[C@@H]5[C@@H]2[C@@H]3C[C@@H]46,8.18
3456,O=C1Cc2ccccc2C1,12.2
3457,O=C1Cn2c(cc3ccccc32)C(=O)N1,9.3
3458,O=C1N=C(O)NC1(c1ccccc1)c1ccccc1,6.075
3459,O=C1N=S(=O)(Nc2ccccc2)c2ccccc21,4.1
3460,O=C1NC(=O)/C(=C/c2ccccc2)S1,6.14
3461,O=C1NC(=O)/C(=C\c2ccc(-c3ccc(Cl)c(Cl)c3)o2)S1,7.9
3462,O=C1NC(=O)/C(=C\c2cccc(OCc3ccc(Cl)cc3Cl)c2)S1,5.7
3463,O=C1NC(=O)C(Cc2ccccc2)S1,6.19
3464,O=C1NC(=O)C2(CCOc3ccc(F)cc32)N1,8.3
3465,O=C1NC(=O)C2CCC12,9.63
3466,O=C1NC(=O)[C@@H]2CCCC[C@H]12,9.72
3467,O=C1NC(=O)[C@@H]2CCC[C@H]12,9.53
3468,O=C1NC(=O)[C@@]2(CCOc3ccc(Cl)cc32)O1,5.6
3469,O=C1NC(=O)[C@@]2(CCOc3ccc(F)cc32)N1,8.183333
3470,O=C1NC(=O)c2c1cccc2[N+](=O)[O-],8.8
3471,O=C1NC(=O)c2cc(Cl)ccc21,9.48
3472,O=C1NC(=O)c2cc([N+](=O)[O-])ccc21,8.68
3473,O=C1NC(=O)c2ccccc21,9.91
3474,O=C1NC(=S)NC12CCCCC2,8.79
3475,O=C1NCCN1,3.09
3476,O=C1NS(=O)(=O)c2ccccc21,2.053333
3477,O=C1Nc2ccccc2C1=O,11.9
3478,O=C1OC(c2ccccc2)CC(O)=C1Nc1ccccc1Cl,4.2
3479,O=C1OC(c2ccccc2)CC(O)=C1Oc1ccccc1Cl,3.4
3480,O=C1OC(c2ccccc2)CC(O)=C1Sc1ccccc1Cl,2.4
3481,O=C1OC2C3CC4C2C4(C(=O)O)C13Br,3.5
3482,O=C1OCCN1/N=C/c1cc(O)c([N+](=O)[O-])o1,2.7
3483,O=C1[C@H]2CCCC[C@H]2C(=O)N1O,6.0
3484,O=C1[C@H]2C[C@H](CN3CCCC[C@@H]23)C2=CCCCN12,7.7
3485,O=C1c2ccccc2C(=O)C1Cc1ccccc1,5.9
3486,O=C1c2ccccc2C(=O)N1O,6.13
3487,O=CC(=O)O,1.26
3488,O=CC(c1ccccc1)c1ccccc1,9.405
3489,O=CC1=CC=CC1,7.4
3490,O=CC1CCCC1=O,5.83
3491,O=CC1CCCCC1=O,6.35
3492,O=CC1c2ccccc2-c2ccccc21,6.8
3493,O=CC1c2ccccc2C(=O)c2ccccc21,6.0
3494,O=CCC=O,4.57
3495,O=CCCCC(=O)O,5.02
3496,O=CN(O)c1ccccc1,7.92
3497,O=CN1CCNCC1,7.98
3498,O=CNO,8.77
3499,O=CNOC(=O)/C=C/c1ccccc1,5.9
3500,O=CO,3.69
3501,O=COO,7.1
3502,O=Cc1c(O)cccc1Cl,8.26
3503,O=Cc1cc(Br)cc([N+](=O)[O-])c1O,4.46
3504,O=Cc1cc(Br)ccc1O,7.4
3505,O=Cc1cc(Cl)cc([N+](=O)[O-])c1O,4.46
3506,O=Cc1cc(Cl)ccc1O,7.4
3507,O=Cc1cc([N+](=O)[O-])cc(Br)c1O,3.48
3508,O=Cc1ccc(-c2cnc(-c3ccccc3)o2)cc1,0.57
3509,O=Cc1ccc(-c2ncc(-c3ccccc3)o2)cc1,0.02
3510,O=Cc1ccc(C2=C(NS(=O)(=O)c3ccccc3)C(=O)c3ccccc3C2=O)cc1,4.6
3511,O=Cc1ccc(O)cc1,7.565
3512,O=Cc1ccc(O)cc1Cl,6.6
3513,O=Cc1ccc2ccccc2n1,3.1
3514,O=Cc1cccc(C2=C(NC(=O)Cc3ccccc3)C(=O)c3ccccc3C2=O)c1,11.4
3515,O=Cc1cccc(C2=C(NC(=O)c3ccccc3)C(=O)c3ccccc3C2=O)c1,10.9
3516,O=Cc1cccc(C2=C(NS(=O)(=O)c3ccccc3)C(=O)c3ccccc3C2=O)c1,5.0
3517,O=Cc1cccc(C=O)n1,1.92
3518,O=Cc1cccc(Cl)c1O,6.61
3519,O=Cc1cccc(O)c1,8.86
3520,O=Cc1ccccc1C(=O)O,4.56
3521,O=Cc1ccccc1O,8.33
3522,O=Cc1ccccn1,3.86
3523,O=Cc1cccnc1,3.73
3524,O=Cc1ccnc2ccccc12,4.25
3525,O=Cc1ccncc1,4.63
3526,O=NNc1nc([N+](=O)[O-])nn1-c1ccccc1,3.33
3527,O=P(O)(C1CCCCC1)C1CCCCC1,3.47
3528,O=P1(O)CCC1,3.07
3529,O=P1(O)CCCC1,2.51
3530,O=P1(O)CCCCC1,2.73
3531,O=P1(O)NCCCO1,4.1
3532,O=S(=O)(CS(=O)(=O)C(F)(F)F)c1ccc(C(F)(F)F)cc1,4.0
3533,O=S(=O)(CS(=O)(=O)C(F)(F)F)c1ccc(F)cc1,4.6
3534,O=S(=O)(CS(=O)(=O)C(F)(F)F)c1ccc(OC(F)(F)F)cc1,4.1
3535,O=S(=O)(Cc1ccccc1)c1ccccc1O,7.12
3536,O=S(=O)(Cc1ccccc1)c1nc[nH]n1,6.23
3537,O=S(=O)(NBr)c1ccccc1,4.95
3538,O=S(=O)(NCc1ccccc1)c1ccc(Br)cc1,10.71
3539,O=S(=O)(Nc1ccc(Br)cc1)c1ccccc1,7.78
3540,O=S(=O)(Nc1ccc(Cl)cc1)C(F)(F)F,3.9
3541,O=S(=O)(Nc1ccc(Cl)cc1)c1ccc(Br)cc1,8.24
3542,O=S(=O)(Nc1ccc(Cl)cc1)c1ccc(Cl)cc1,8.3
3543,O=S(=O)(Nc1ccc(Cl)cc1)c1ccc(F)cc1,8.61
3544,O=S(=O)(Nc1ccc(Cl)cc1)c1ccccc1,8.33
3545,O=S(=O)(Nc1ccc(F)cc1)c1ccc(Br)cc1,8.38
3546,O=S(=O)(Nc1ccc(F)cc1)c1ccc(Cl)cc1,8.41
3547,O=S(=O)(Nc1ccc(F)cc1)c1ccc(F)cc1,8.73
3548,O=S(=O)(Nc1ccc(F)cc1)c1ccccc1,8.85
3549,O=S(=O)(Nc1cccc(C(F)(F)F)c1)C(F)(F)F,3.5
3550,O=S(=O)(Nc1cccc(C(F)(F)F)c1)c1ccccc1,7.63
3551,O=S(=O)(Nc1cccc(F)c1)c1ccccc1,7.54
3552,O=S(=O)(Nc1ccccc1)C(F)(F)F,4.85
3553,O=S(=O)(Nc1ccccc1)c1ccc(Br)cc1,8.5
3554,O=S(=O)(Nc1ccccc1)c1ccc(Cl)cc1,8.225
3555,O=S(=O)(Nc1ccccc1)c1ccc(F)cc1,8.9
3556,O=S(=O)(Nc1ccccc1)c1cccc(Br)c1,8.25
3557,O=S(=O)(Nc1ccccc1)c1ccccc1,8.66
3558,O=S(=O)(Nc1ncccn1)c1ccccc1,3.03
3559,O=S(=O)(c1ccc(F)cc1)C1(F)CCN(CCc2ccc(F)cc2F)CC1,6.3
3560,O=S(=O)(c1ccc(F)cc1)C1CCN(CCc2ccc(F)cc2F)CC1,7.2
3561,O=S(=O)(c1cccc(F)c1)c1ccc2c3c(oc2c1)C1(CCCOC1)NCC3,7.5
3562,O=S(=O)(c1cccc(F)c1)c1ccc2c3c(oc2c1)C1(CCOC1)NCC3,7.5
3563,O=S(=O)(c1cccc(F)c1)c1ccc2c3c(oc2c1)C1(CCOCC1)NCC3,7.4
3564,O=S(=O)(c1ccccc1)C1CCN(CCc2ccc(F)cc2F)CC1,7.3
3565,O=S(=O)(c1ccccc1)c1ccc(O)nn1,7.1
3566,O=S(O)CCCCc1ccccc1,2.23
3567,O=S(O)CCCc1ccccc1,2.05
3568,O=S(O)CCc1ccccc1,1.995
3569,O=S(O)Cc1ccccc1,1.86
3570,O=S(O)c1ccccc1,1.72
3571,O=S1(=O)C=C(O)c2ccccc21,7.65
3572,O=S1(=O)NCN(CC(F)(F)F)c2ccc(Cl)cc21,9.01
3573,O=S1(=O)NCN(CCF)c2ccc(Cl)cc21,9.35
3574,O=S1(=O)Nc2cccc3cccc1c23,6.2
3575,O=S1NC(CCc2ccccc2)=NO1,5.23
3576,O=[N+](O)C1=CC=CC1,3.25
3577,O=[N+]([O-])/C=C/c1ccc(O)cc1,7.98
3578,O=[N+]([O-])/C=C/c1cccc(O)c1,9.05
3579,O=[N+]([O-])C1=Cc2ccccc2OC1N1CCOCC1,8.33
3580,O=[N+]([O-])C1=Cc2ccccc2OC1Nc1ccc([N+](=O)[O-])cc1,1.0
3581,O=[N+]([O-])C1=Cc2ccccc2OC1Nc1ccc([N+](=O)[O-])cc1[N+](=O)[O-],0.0
3582,O=[N+]([O-])C1=Cc2ccccc2OC1Nc1cccc([N+](=O)[O-])c1,2.47
3583,O=[N+]([O-])C1=Cc2ccccc2OC1Nc1ccccc1[N+](=O)[O-],-0.26
3584,O=[N+]([O-])C1=Cc2ccccc2OC1n1cccn1,2.48
3585,O=[N+]([O-])CCc1ccccc1,8.55
3586,O=[N+]([O-])CSc1ccccc1,6.67
3587,O=[N+]([O-])Cc1ccc([N+](=O)[O-])cc1,5.89
3588,O=[N+]([O-])Cc1cccc(Cl)c1,6.63
3589,O=[N+]([O-])Cc1cccc([N+](=O)[O-])c1,6.3
3590,O=[N+]([O-])Cc1ccccc1,6.77
3591,O=[N+]([O-])Nc1ccccc1,4.74
3592,O=[N+]([O-])c1cc(-c2ccccc2)ccc1O,6.73
3593,O=[N+]([O-])c1cc(Br)c(O)c(Br)c1,3.7
3594,O=[N+]([O-])c1cc(Br)ccc1O,6.36
3595,O=[N+]([O-])c1cc(Cl)c(N=C2NCCN2)c(Cl)c1,6.86
3596,O=[N+]([O-])c1cc(Cl)c(O)c(Cl)c1,3.7
3597,O=[N+]([O-])c1cc(Cl)ccc1O,3.5
3598,O=[N+]([O-])c1cc(Cl)ccc1[Se]O,10.23
3599,O=[N+]([O-])c1cc([N+](=O)[O-])c(O)c([N+](=O)[O-])c1,0.8
3600,O=[N+]([O-])c1cc([N+](=O)[O-])c2nnn(O)c2c1,1.6
3601,O=[N+]([O-])c1cc2cc(O)ccc2cc1Cl,8.56
3602,O=[N+]([O-])c1cc[n+](O)cc1,-1.7
3603,O=[N+]([O-])c1ccc(-c2ccc(O)cc2)cc1,9.01
3604,O=[N+]([O-])c1ccc(-c2cnc(-c3ccccc3)o2)cc1,0.35
3605,O=[N+]([O-])c1ccc(-c2ncc(-c3ccccc3)o2)cc1,-0.61
3606,O=[N+]([O-])c1ccc(/C=N/c2ncccn2)cc1,3.12
3607,O=[N+]([O-])c1ccc(C(=S)Nc2ccccc2)cc1,9.81
3608,O=[N+]([O-])c1ccc(C2NCCS2)cc1,4.55
3609,O=[N+]([O-])c1ccc(NC=S)cc1,10.11
3610,O=[N+]([O-])c1ccc(NS(=O)(=O)c2ccccc2)cc1,6.63
3611,O=[N+]([O-])c1ccc(O)c([N+](=O)[O-])c1,4.6
3612,O=[N+]([O-])c1ccc(O)cc1,7.0
3613,O=[N+]([O-])c1ccc(OS(=O)(=O)O)cc1,7.14
3614,O=[N+]([O-])c1ccc(S(=O)(=O)NCc2ccccc2)cc1,10.07
3615,O=[N+]([O-])c1ccc(S(=O)(=O)Nc2ccc(Cl)cc2)cc1,6.24
3616,O=[N+]([O-])c1ccc(S(=O)(=O)Nc2ccc(F)cc2)cc1,6.45
3617,O=[N+]([O-])c1ccc(S(=O)(=O)Nc2cccc([N+](=O)[O-])c2)cc1,5.51
3618,O=[N+]([O-])c1ccc(S(=O)(=O)Nc2ccccc2)cc1,7.41
3619,O=[N+]([O-])c1ccc(S(=O)O)cc1,1.86
3620,O=[N+]([O-])c1ccc(S)c([N+](=O)[O-])c1,3.4
3621,O=[N+]([O-])c1ccc(S)cc1,4.64
3622,O=[N+]([O-])c1ccc([N+](=O)[O-])c(O)c1,4.1
3623,O=[N+]([O-])c1ccc([Se](=O)O)cc1,4.0
3624,O=[N+]([O-])c1ccc2c(O)cccc2c1,8.49
3625,O=[N+]([O-])c1ccc2c(c1)CNC(C(F)F)C2,5.83
3626,O=[N+]([O-])c1ccc2c(c1)S(=O)(=O)NCN2CCF,8.45
3627,O=[N+]([O-])c1ccc2cc(O)ccc2c1,7.69
3628,O=[N+]([O-])c1ccc2ccc(O)cc2c1,8.81
3629,O=[N+]([O-])c1ccc[nH]1,10.6
3630,O=[N+]([O-])c1cccc(-c2ccc(O)cc2)c1,9.14
3631,O=[N+]([O-])c1cccc(C2NCCS2)c1,4.63
3632,O=[N+]([O-])c1cccc(NC=S)c1,10.3
3633,O=[N+]([O-])c1cccc(NS(=O)(=O)c2ccc(Br)cc2)c1,7.42
3634,O=[N+]([O-])c1cccc(NS(=O)(=O)c2ccc(Cl)cc2)c1,7.51
3635,O=[N+]([O-])c1cccc(NS(=O)(=O)c2ccc(F)cc2)c1,7.85
3636,O=[N+]([O-])c1cccc(NS(=O)(=O)c2ccccc2)c1,7.42
3637,O=[N+]([O-])c1cccc(Nc2ccccc2)c1,-1.27
3638,O=[N+]([O-])c1cccc(O)c1,6.036667
3639,O=[N+]([O-])c1cccc(S(=O)(=O)Nc2ccc(Cl)cc2)c1,7.19
3640,O=[N+]([O-])c1cccc(S(=O)(=O)Nc2ccc(F)cc2)c1,7.27
3641,O=[N+]([O-])c1cccc(S(=O)(=O)Nc2ccccc2)c1,7.5
3642,O=[N+]([O-])c1cccc(S(=O)O)c1,1.21
3643,O=[N+]([O-])c1cccc(S)c1,5.24
3644,O=[N+]([O-])c1cccc([N+](=O)[O-])c1O,3.7
3645,O=[N+]([O-])c1cccc([Se](=O)O)c1,4.07
3646,O=[N+]([O-])c1cccc2c[n+](CCCO)ccc12,10.45
3647,O=[N+]([O-])c1cccc2c[n+](CCO)ccc12,11.67
3648,O=[N+]([O-])c1cccc2cnccc12,3.46
3649,O=[N+]([O-])c1cccc2nc3ccccc3c(NCCc3ccccc3)c12,7.4
3650,O=[N+]([O-])c1cccc2nc3ccccc3c(NCc3ccccc3)c12,7.4
3651,O=[N+]([O-])c1ccccc1O,5.3875
3652,O=[N+]([O-])c1ccccc1[Se]O,10.47
3653,O=[N+]([O-])c1ccncc1,1.86
3654,O=[N+]([O-])c1cnc([N+](=O)[O-])[nH]1,2.86
3655,O=[N+]([O-])c1n[nH]c(Oc2ccccc2)n1,4.2
3656,O=[N+]([O-])c1ncn(CCCCNc2ccnc3cc(C(F)(F)F)ccc23)n1,7.53
3657,O=[N+]([O-])c1ncn(CCCCNc2ccnc3cc(Cl)ccc23)n1,7.31
3658,O=[N+]([O-])c1ncn(CCCCNc2ccnc3cccnc23)n1,6.81
3659,O=[N+]([O-])c1ncn(CCCNCc2cc(C(F)(F)F)cc(C(F)(F)F)c2)n1,9.44
3660,O=[N+]([O-])c1ncn(CCCNCc2ccc(C(F)(F)F)cc2)n1,9.65
3661,O=[N+]([O-])c1ncn(CCCNc2c3ccccc3nc3ccccc23)n1,9.2
3662,O=[N+]([O-])c1ncn(CCCNc2ccnc3cc(Cl)ccc23)n1,7.31
3663,O=[N+]([O-])c1ncn(CCCNc2ccnc3cccnc23)n1,6.81
3664,O=[PH](O)CCc1ccccc1,1.98
3665,O=[PH](O)c1ccccc1,1.63
3666,O=[Se](O)c1ccc(-c2ccccc2)cc1,4.53
3667,O=[Se](O)c1ccc2ccccc2c1,4.67
3668,O=[Se](O)c1cccc(-c2ccccc2)c1,4.87
3669,O=[Se](O)c1ccccc1,1.945
3670,O=[Se](O)c1ccccc1-c1ccccc1,4.67
3671,O=c1[nH]c(CCc2ccccc2)no1,5.73
3672,O=c1[nH]c(CCc2ccccc2)ns1,6.5
3673,O=c1[nH]c2ccc(F)c(Cl)c2cc1O,7.33
3674,O=c1[nH]c2cccc(Cl)c2cc1O,7.6
3675,O=c1[nH]c2ccccc2[nH]c1=O,9.67
3676,O=c1[nH]c2ccccc2c(=O)o1,8.25
3677,O=c1[nH]c2ccccc2cc1O,8.7
3678,O=c1[nH]ccc2nnnn12,6.95
3679,O=c1c(O)c(-c2ccccc2)c1=O,0.37
3680,O=c1c(O)c1-c1ccc(F)cc1,2.07
3681,O=c1c(O)c1-c1ccccc1,2.01
3682,O=c1c2ccccc2[nH]c2ccc(Cl)cc12,8.29
3683,O=c1c2ccccc2n(CCCCCl)c2ccc(Cl)cc12,8.85
3684,O=c1c2ccccc2n(CCCCl)c2ccc(Cl)cc12,8.65
3685,O=c1cc(-c2ccc(O)cc2)oc2ccccc12,8.27
3686,O=c1cc(-c2ccc(O)cc2)ss1,8.27
3687,O=c1cc(-c2cccc(O)c2)oc2ccccc12,9.75
3688,O=c1cc(-c2ccccc2)oc2c(O)cccc12,7.82
3689,O=c1cc(-c2ccccc2)oc2cc(O)c([N+](=O)[O-])cc12,5.3
3690,O=c1cc(-c2ccccc2)oc2cc(O)ccc12,7.39
3691,O=c1cc(-c2ccccc2)oc2ccc(O)cc12,9.09
3692,O=c1cc(-c2ccccc2O)oc2ccccc12,8.85
3693,O=c1cc(C(F)(F)F)c2cc(F)c(O)c(F)c2o1,4.0
3694,O=c1cc(C(F)(F)F)c2cc(F)c(O)cc2o1,5.7
3695,O=c1cc(C(F)(F)F)c2ccc(O)cc2o1,7.3
3696,O=c1cc(O)c2ccccc2o1,4.1
3697,O=c1cc[nH]cc1,11.12
3698,O=c1ccc(Br)ccc1O,6.32
3699,O=c1ccc(O)c(Br)cc1,4.9
3700,O=c1ccc2ccc(O)cc2o1,6.18
3701,O=c1ccc2ccccc2cc1O,10.0
3702,O=c1cccc(O)cc1,5.64
3703,O=c1ccccc(Br)c1O,5.96
3704,O=c1cccccc1O,6.87
3705,O=c1cccccc1S,5.9
3706,O=c1n(CCCN2CCN(c3cccc(Cl)c3)CC2)nc2ccccn12,6.74
3707,O=c1oc2cc(O)ccc2cc1-c1ccccc1,7.8
3708,O=c1oc2cc(O)ccc2cc1-c1nc2cc(Cl)ccc2o1,6.8
3709,O=c1oc2cc(O)ccc2cc1-c1nc2ccccc2o1,6.84
3710,O=c1sc2cc(CCCF)ccc2n1CCN1CCCCCC1,10.4
3711,OB1OCCc2ccccc21,8.4
3712,OB1OCc2ccccc21,7.306667
3713,OC(CBr)(Oc1ccccc1)c1ccccc1,11.18
3714,OCC(Cl)Cl,13.18
3715,OCC(F)(F)F,12.37
3716,OCCC[n+]1cc(Br)c2ccccc2c1,11.99
3717,OCCCl,14.37
3718,OCCO,14.04
3719,OCCS,9.535
3720,OCC[n+]1cc(Br)c2ccccc2c1,13.08
3721,O[n+]1c2ccccc2nc2ccccc21,1.12
3722,O[n+]1ccc(OCc2ccccc2)cc1,1.99
3723,Oc1c(Br)cccc1Br,6.6
3724,Oc1c(Cl)c(Cl)c(Cl)c(Cl)c1Cl,5.0
3725,Oc1c(Cl)cc(Cl)c(Cl)c1Cl,5.7
3726,Oc1c(Cl)cc(Cl)cc1Cl,6.2
3727,Oc1c(Cl)ccc(Cl)c1Cl,6.12
3728,Oc1c(Cl)cccc1Cl,6.975
3729,Oc1c(F)cc(Cc2ccccc2)cc1F,7.19
3730,Oc1c(F)ccc(Cc2ccccc2)c1F,7.05
3731,Oc1c(F)cccc1F,7.12
3732,Oc1c2cc(F)ccc2nc2sc(Cl)nc12,4.9
3733,Oc1c2ccccc2nc2sc(Cl)nc12,5.9
3734,Oc1cc(Br)cc(Br)c1,8.01
3735,Oc1cc(Cl)c(Cl)c(Cl)c1,7.7
3736,Oc1cc(Cl)c(Cl)cc1Cl,7.0
3737,Oc1cc(Cl)cc(Cl)c1,8.07
3738,Oc1cc[n+](O)cc1,2.4
3739,Oc1cc[n+](OCc2ccccc2)cc1,2.58
3740,Oc1ccc(-c2cc(=S)ss2)cc1,7.86
3741,Oc1ccc(-c2ccccc2)cc1,9.485
3742,Oc1ccc(Br)cc1,9.24
3743,Oc1ccc(Br)cc1Br,7.77
3744,Oc1ccc(Cl)c(Cl)c1,8.58
3745,Oc1ccc(Cl)c2ccccc12,8.64
3746,Oc1ccc(Cl)cc1,9.316667
3747,Oc1ccc(Cl)cc1Cl,7.85
3748,Oc1ccc(F)cc1,9.885
3749,Oc1ccc(I)cc1,9.32
3750,Oc1ccc(OCc2ccccc2)cc1,10.47
3751,Oc1ccc2c(c1)C1c3cccc[n+]3C2CC1(c1ccoc1)c1ccoc1,8.8
3752,Oc1ccc2c(c1)CCC2,10.29
3753,Oc1ccc2c(c1)CCCC2,10.33
3754,Oc1ccc2c(c1)Cc1ccccc1-2,9.51
3755,Oc1ccc2cc(Br)ccc2c1,9.2
3756,Oc1ccc2cc(Cl)ccc2c1,9.31
3757,Oc1ccc2cc(I)ccc2c1,9.23
3758,Oc1ccc2cc3ccccc3cc2c1,9.92
3759,Oc1ccc2ccc(Cl)cc2c1,9.09
3760,Oc1ccc2ccc3ccccc3c2c1,9.28
3761,Oc1ccc2cccc(-c3ccccc3)c2c1,9.38
3762,Oc1ccc2cccc(Br)c2c1,8.94
3763,Oc1ccc2cccc(Cl)c2c1,8.69
3764,Oc1ccc2cccc(I)c2c1,8.98
3765,Oc1ccc2ccccc2c1,9.5
3766,Oc1ccc[n+]2c1C1c3ccccc3C2CC1(c1ccoc1)c1ccoc1,4.88
3767,Oc1cccc(-c2ccccc2)c1,9.59
3768,Oc1cccc(Br)c1,8.99
3769,Oc1cccc(C(F)(F)F)c1,8.9
3770,Oc1cccc(Cl)c1,8.96
3771,Oc1cccc(Cl)c1Cl,7.71
3772,Oc1cccc(F)c1,9.29
3773,Oc1cccc(I)c1,9.02
3774,Oc1cccc2c1-c1ccccc1-2,8.64
3775,Oc1cccc2c1C1c3cccc[n+]3C2CC1(c1ccoc1)c1ccoc1,8.6
3776,Oc1cccc2c1CCC2,10.2
3777,Oc1cccc2c1CCCC2,10.46
3778,Oc1cccc2cc3ccccc3cc12,9.88
3779,Oc1cccc2ccccc12,9.44
3780,Oc1cccc[n+]1O,-0.71
3781,Oc1cccc[n+]1OCc1ccccc1,-1.7
3782,Oc1ccccc1,10.02
3783,Oc1ccccc1-c1ccccc1,9.945
3784,Oc1ccccc1Br,8.4
3785,Oc1ccccc1Cl,8.676667
3786,Oc1ccccc1F,8.77
3787,Oc1ccccc1I,8.4
3788,Oc1ccccc1SCc1ccccc1,9.06
3789,Oc1noc2cc(Cl)ccc12,4.035
3790,S=C(/N=N/c1ccccc1)NNc1ccccc1,4.64
3791,S=C(NC(=S)c1ccccc1)Nc1ccccc1,10.72
3792,S=C(NCc1ccccc1)c1ccccc1,12.16
3793,S=C(Nc1ccc(Br)cc1)c1ccc(Cl)cc1,10.24
3794,S=C(Nc1ccc(Br)cc1)c1cccc(Br)c1,9.96
3795,S=C(Nc1ccc(Br)cc1)c1ccccc1,10.42
3796,S=C(Nc1ccc(Cl)c(Cl)c1)c1ccccc1,9.96
3797,S=C(Nc1ccc(Cl)cc1)c1ccc(Cl)cc1,10.25
3798,S=C(Nc1ccc(Cl)cc1)c1cccc(Br)c1,10.1
3799,S=C(Nc1ccc(Cl)cc1)c1ccccc1,10.85
3800,S=C(Nc1ccccc1)c1ccc(Cl)cc1,10.76
3801,S=C(Nc1ccccc1)c1cccc(Br)c1,10.49
3802,S=C(Nc1ccccc1)c1ccccc1,10.86
3803,S=C(S)N1CCCC1,2.97
3804,S=C1NC(=S)C(c2ccccc2)N1,2.495
3805,S=C1NCCO1,11.05
3806,S=CNCc1ccccc1,12.3
3807,S=CNc1ccc(Cl)cc1,10.8
3808,S=CNc1cccc(Cl)c1,10.8
3809,S=CNc1ccccc1Cl,10.03
3810,S=c1[nH]c(CCc2ccccc2)no1,3.58
3811,S=c1[nH]c2ccccc2o1,6.33
3812,SCc1ccccc1,9.43
3813,Sc1ccc(Br)cc1,5.8
3814,Sc1ccc(Cl)c(Cl)c1,5.48
3815,Sc1ccc(Cl)cc1,5.82
3816,Sc1cccc(Cl)c1,5.76
3817,Sc1ccccc1,6.485
3818,Sc1nnco1,3.85
3819,[4H]c1c([4H])c([4H])c(C(=O)O)c([4H])c1[4H],4.18
3820,[O-][S+](Cc1ccccc1)c1ccccc1O,7.7
3821,[O-][n+]1c2ccccc2[n+](O)c2ccccc21,-1.62
3822,[O-]c1ccc2ccccc2[n+]1O,6.88
3823,[O-]c1cccc[n+]1O,5.98
3824,c1cc(-c2ccoc2)ccn1,5.72
3825,c1cc(CC2CCCNC2)c2ccoc2c1,9.8
3826,c1cc(N2CCCC2)ccn1,-0.53
3827,c1cc(N2CCOCC2)ccn1,8.79
3828,c1cc([C@H]2CC[C@]3(CC2)OO[C@]2(O3)C3CC4CC(C3)CC2C4)ccc1OCCN1CCOCC1,6.81
3829,c1cc2c(cc1CN1CC3(COC3)C1)OCO2,8.0
3830,c1cc2c(cc1CN1CC3CC(C1)O3)OCO2,7.1
3831,c1cc2c(cc1CN1CCC1)OCO2,9.5
3832,c1cc2c(cc1CN1CCC13COC3)OCO2,6.2
3833,c1cc2c(cc1CN1CCC3(CC1)COC3)OCO2,8.3
3834,c1cc2c(cc1CN1CCC3(COC3)C1)OCO2,8.1
3835,c1cc2c(cc1CN1CCCC1)OCO2,9.7
3836,c1cc2c(cc1CN1CCCC13COC3)OCO2,6.3
3837,c1cc2c(cc1CN1CCCC3(COC3)C1)OCO2,7.9
3838,c1cc2c(cc1CN1CCCCC1)OCO2,9.6
3839,c1cc2c(cc1CN1CCCCC13COC3)OCO2,7.0
3840,c1cc2c(cc1CN1CCOCC1)OCO2,7.0
3841,c1cc2c(cn1)CCCC2,6.65
3842,c1cc2c(nn1)CCCC2,4.3
3843,c1cc2nccnc2cn1,2.5
3844,c1ccc(-c2ccc3ccn4ccnc4c3n2)cc1,1.96
3845,c1ccc(-c2ccc3nccn3n2)cc1,4.71
3846,c1ccc(-c2ccccn2)cc1,4.48
3847,c1ccc(-c2ccco2)nc1,4.18
3848,c1ccc(-c2ccncc2)cc1,5.3
3849,c1ccc(-c2ccoc2)nc1,4.65
3850,c1ccc(-c2cnc(-c3ccccc3)o2)cc1,0.84
3851,c1ccc(-c2nc3ccccc3s2)cc1,0.7
3852,c1ccc(-c2nnc(-c3ccccc3)o2)cc1,1.96
3853,c1ccc(-n2ccnc2)cc1,5.1
3854,c1ccc(C(CCN2CCCCC2)c2ccccc2)cc1,8.96
3855,c1ccc(C(CCN2CCOCC2)c2ccccc2)cc1,7.25
3856,c1ccc(C(OCCN2CCCCC2)c2ccccc2)cc1,8.03
3857,c1ccc(C2(N3CCCCC3)CCCCC2)cc1,9.97
3858,c1ccc(C2(c3ccccc3)CC2C2=NCCN2)cc1,10.3
3859,c1ccc(C2=NCCC2)cc1,7.2
3860,c1ccc(C2=NCCN2)nc1,8.98
3861,c1ccc(C2=NSC(N3CCOCC3)=NS2)cc1,8.33
3862,c1ccc(C2=Nc3ccccc3CO2)cc1,3.48
3863,c1ccc(C2CCCN2)cc1,9.6
3864,c1ccc(C2CN2)cc1,6.47
3865,c1ccc(C2CN3CCC2CC3)cc1,10.2
3866,c1ccc(C2NCCS2)cc1,5.2
3867,c1ccc(CC2=NCCC2)cc1,6.9
3868,c1ccc(CC2=NCCN2)cc1,4.25
3869,c1ccc(CC2CCCN2)cc1,10.35
3870,c1ccc(CN(CC2CO2)CC2CO2)cc1,5.75
3871,c1ccc(CN(Cc2ccccc2)Cc2ccccc2)cc1,7.44
3872,c1ccc(CN2CCCC2)cc1,9.51
3873,c1ccc(CNC23OC4C5C6CC(C7C6C4C72)C53)cc1,7.07
3874,c1ccc(CNc2ccnc(N3CCc4ccccc4C3)c2)cc1,8.6
3875,c1ccc(CSc2ccccn2)cc1,3.23
3876,c1ccc(CSc2ccncc2)cc1,5.41
3877,c1ccc(CSc2nnc(-c3ccncc3)o2)cc1,3.16
3878,c1ccc(Cc2c3ccccc3nc3ccccc23)cc1,7.46
3879,c1ccc(Cc2ccccn2)cc1,5.13
3880,c1ccc(Cn2ccnc2)cc1,6.66
3881,c1ccc(N(CC2CO2)CC2CO2)cc1,-0.4
3882,c1ccc(N2CCCC2)cc1,4.3
3883,c1ccc(N2CCc3ccccc3C2)nc1,6.4
3884,c1ccc(N=C(Nc2ccccc2)Nc2ccccc2)cc1,9.1
3885,c1ccc(NC2=NCCCO2)cc1,9.33
3886,c1ccc(NC2=NCCN2)cc1,9.915
3887,c1ccc(NC2CCCC2)cc1,5.3
3888,c1ccc(NC2CCCCC2)cc1,5.6
3889,c1ccc(Nc2ccccc2)cc1,0.76
3890,c1ccc(Oc2ccccn2)cc1,2.35
3891,c1ccc(Oc2cccnc2)cc1,4.24
3892,c1ccc(Oc2ccncc2)cc1,6.16
3893,c1ccc([C@@H]2CN3CCC[C@@H]3c3ccccc32)cc1,9.12
3894,c1ccc2c(CC3=NCCN3)cccc2c1,10.35
3895,c1ccc2c(c1)C1CCN2C1,7.1
3896,c1ccc2c(c1)C1CCN2CC1,7.79
3897,c1ccc2c(c1)C1CCN2c2ccccc21,4.54
3898,c1ccc2c(c1)C1c3ccccc3C2C2CNCC12,10.18
3899,c1ccc2c(c1)CCCN2,4.96
3900,c1ccc2c(c1)CCN2,5.49
3901,c1ccc2c(c1)CCNC2,9.48
3902,c1ccc2c(c1)CCc1cc3ccn4ccnc4c3nc1-2,2.43
3903,c1ccc2c(c1)N1CCN2CC1,5.65
3904,c1ccc2c(c1)N1CC[NH+]2CC1,2.5
3905,c1ccc2c(c1)[nH]c1c2cc[n+]2cc3c(cc12)CCCC3,10.6
3906,c1ccc2c(c1)ccc1cccnc12,4.25
3907,c1ccc2c(c1)ccc1ncccc12,5.15
3908,c1ccc2c(c1)cnc1ccccc12,4.58
3909,c1ccc2c(c1)nnc1ccccc12,2.2
3910,c1ccc2c3c([nH]c2c1)CNCC3,8.4
3911,c1ccc2cc3ncccc3cc2c1,4.92
3912,c1ccc2cnccc2c1,5.376667
3913,c1ccc2cnncc2c1,3.47
3914,c1ccc2nc3ccc4ccccc4c3cc2c1,4.39
3915,c1ccc2nc3ccccc3cc2c1,5.48
3916,c1ccc2nc3ccccc3nc2c1,1.31
3917,c1ccc2ncccc2c1,4.8725
3918,c1ccc2ncncc2c1,3.51
3919,c1ccc2nnccc2c1,2.29
3920,c1ccc2scnc2c1,1.38
3921,c1ccn2ccnc2c1,6.9
3922,c1ccncc1,5.21
3923,c1ccnnc1,2.29
3924,c1cnc2c(c1)CCCC2,6.6
3925,c1cnc2ncccc2c1,3.39
3926,c1cnc2nccn2c1,4.9
3927,c1cnc2ncncc2n1,4.13
3928,c1cncc(-c2ccc[nH]2)c1,4.32
3929,c1cncc(-c2ccco2)c1,4.62
3930,c1cncc(-c2ccoc2)c1,4.93
3931,c1cncnc1,1.303333
3932,c1cnoc1,-0.83
3933,c1cnsc1,-0.51
3934,c1coc(-c2ccncc2)c1,5.6
3935,c1coc(C2CN3CCC2CC3)c1,10.03
3936,c1cocn1,0.8
3937,c1csc(C2CCCN2)c1,9.35
3938,c1cscn1,2.54
