,SMILES,Solubility
0,[Br-].CCCCCCCCCCCCCCCCCC[N+](C)(C)C,-3.6161271205
1,O=C1Nc2cccc3cccc1c23,-3.2547670983
2,Clc1ccc(C=O)cc1,-2.1770779444
3,[Zn++].CC(c1ccccc1)c2cc(C(C)c3ccccc3)c(O)c(c2)C([O-])=O.CC(c4ccccc4)c5cc(C(C)c6ccccc6)c(O)c(c5)C([O-])=O,-3.9244090954
4,C1OC1CN(CC2CO2)c3ccc(Cc4ccc(cc4)N(CC5CO5)CC6CO6)cc3,-4.6620645831
5,Cc1cccc(C=C)c1,-3.1231503041
6,CCC1CCC(CCC(O)=O)C1,-3.286116314
7,CC12CC(O)C3C(CCC4=CC(=O)C=CC34C)C1CC(O)C2(O)C(=O)CO,-2.6645485391
8,Fc1ccc(cc1)C(=O)c2ccc(F)cc2,-4.396652184700001
9,O=C(OCCCOCCCOC(=O)c1ccccc1)c2ccccc2,-4.595502563999999
10,CN(C)c1ccc(C=O)cc1,-2.2827688499
11,CC(=O)OC(C)(C)Cc1ccccc1,-2.3946499685
12,Cc1ccc(O)c(C)c1.Cc2ccc(C)c(O)c2.Cc3cc(C)cc(O)c3.Cc4ccc(O)cc4C.Cc5cccc(O)c5C.Cc6cccc(C)c6O,-1.9803097957
13,CC(C)(C)c1ccc(OCC2CO2)cc1,-3.4302388798
14,COCCCCC(=O)c1ccc(cc1)C(F)(F)F,-3.5440597008
15,CC(C)=CCC\C(C)=C/CO,-2.3206011661000003
16,CC(Oc1ccc(Cl)cc1C)C(O)=O,-2.4660307863
17,[Zn++].CCCCC(CC)CO[P]([S-])(=S)OCC(C)C.CCCCC(CC)CO[P]([S-])(=S)OCC(C)C,-2.9581950472000003
18,FC(F)(F)c1cccc(Cl)c1,-3.4115138849
19,CCC(C)(CCC(C)C)C(=O)OCC1CO1,-3.5134687407
20,CC(C)CCCCCOC(=O)CCS,-4.4543816995
21,CC(C)=C1CCC(=CC1)C,-4.2873429345
22,[Na+].[Al+3].[O-][Si]([O-])=O.[O-][Si]([O-])=O,-3.4731390517
23,[Zn++].CC(=C)C([O-])=O,-2.3632080977000003
24,CCNCC(O)c1cccc(O)c1,-3.4541026398000003
25,[Zn++].CCC(C)O[P]([S-])(=S)OC(C)CC(C)C.CCC(C)O[P]([S-])(=S)OC(C)CC(C)C,-2.9908768679000004
26,ClCc1ccc(Cl)cc1Cl,-3.5129421932
27,CC1(C)C2CCC(=C)C1C2,-4.2923134549
28,CCCCCCCC\C=C/CCCCCCCC(O)=O.NCCNCCO,-4.8091341894
29,CCCCCCCCCCCCOC(=O)C(C)O,-4.6341446203
30,NO,-0.763033718
31,C=CC(=O)OCCOc1ccccc1,-2.5636257131
32,CCCC[N+](CCCC)(CCCC)Cc1ccccc1.Oc2ccc(c3ccccc23)[S]([O-])(=O)=O,-2.6418192727000003
33,OC(=O)CCCCCCCCC=C,-3.5528261452
34,C[N+](C)(CCCN[S](=O)(=O)CCC(F)(F)C(F)(F)C(F)(F)C(F)(F)C(F)(F)C(F)(F)F)CC([O-])=O,-4.0571851475
35,CCC(Cc1ccccc1)(N(C)C)C(=O)c2ccc(cc2)N3CCOCC3,-4.7932278922
36,CC(C)CCCCCCc1ccc(O)cc1,-4.587250024599999
37,CC(=C)c1cccc(c1)C(C)=C,-4.4511392252
38,[Mo],-4.2038484637
39,CC(C)(C)CCCCCC(=O)OC=C,-4.581332510899999
40,Cc1ccc(cc1)C(C)(C)C,-4.4720217682
41,OC(=O)C1CCCCC1,-1.445031941
42,[Na+].[Na+].[Na+].[Na+].[Na+].[O-][S](=O)(=O)OCC[S](=O)(=O)c1cccc(Nc2nc(Cl)nc(Nc3cc(cc4C=C(\C(=N/Nc5ccc6c(cccc6[S]([O-])(=O)=O)c5[S]([O-])(=O)=O)C(=O)c34)[S]([O-])(=O)=O)[S]([O-])(=O)=O)n2)c1,-0.4108977358
43,C(CCCN=C\C=C\c1ccccc1)CCN=C/C=C/c2ccccc2,-3.8937390711
44,CC(C)(C)CC(C)(C)c1cc(Cc2cc(cc(n3nc4ccccc4n3)c2O)C(C)(C)CC(C)(C)C)c(O)c(c1)n5nc6ccccc6n5,-7.973715535399999
45,[Cl-].CCN(CC[N+](C)(C)C)c1ccc(cc1)N=Nc2ccc(cc2Cl)[N+]([O-])=O,-3.0386996230000003
46,C1CN(CCO1)Sc2sc3ccccc3n2,-3.8109627954
47,CC1(C)[C@H]2C[C@@H]3O[C@]3(C)[C@@H]1C2,-2.5936884915
48,[Na+].[Na+].[Na+].[Na+].NC(=O)Nc1cc(Nc2nc(Cl)nc(Nc3cccc(c3)[S](=O)(=O)CCO[S]([O-])(=O)=O)n2)ccc1N=Nc4cc5c(cc(cc5[S]([O-])(=O)=O)[S]([O-])(=O)=O)cc4[S]([O-])(=O)=O,-0.4261364852
49,[Na+].[Na+].CCCCCCCCCCCCNc1nc(Cl)nc(Nc2ccc3c(O)c(N=Nc4ccc(cc4)N=Nc5ccc(cc5)[S]([O-])(=O)=O)c(cc3c2)[S]([O-])(=O)=O)n1,-3.358911212
50,CCCN(CCC)C(=O)SCC,-2.7031744039
51,C1CC(CCC1COCC2CO2)COCC3CO3,-1.8357972344
52,CC(CC1=CC(=CC(=O)N1O)C)CC(C)(C)C.NCCO,-3.9054642035
53,[OH-].[Ca++].[Ca++].[Ca++].[Ca++].[Ca++].[O-][P]([O-])([O-])=O.[O-][P]([O-])([O-])=O.[O-][P]([O-])([O-])=O,-4.1419008964
54,O=[P+]1Oc2ccccc2c3ccccc13,-1.7796231349
55,C=COC(=O)c1ccccc1,-2.6229591952
56,COC(=O)c1ccc(cc1)C(C)(C)C,-3.7398163758
57,Cc1cccc(CC(C)(C)CO)c1,-2.8265354685000004
58,CC(=O)OC\C=C(C)/CCC=C(C)C,-3.7549532157
59,CC1(C)[C@H]2CC=C(CCO)[C@@H]1C2,-2.6959998037
60,CC1CC(=O)CC(C)(C)C1,-1.6471414632
61,C=CC(=O)OCCOc1ccccc1c2ccccc2,-3.9515188418
62,SCCC(=O)OCC(COC(=O)CCS)(COC(=O)CCS)COC(=O)CCS,-5.1231687481
63,Cc1cc(cc(C)c1O)C(C)(C)c2cc(C)c(O)c(C)c2,-4.952868802799999
64,CCCCCCCCCCCCCCCCCC(=O)OCC(COC(=O)CCCCCCCCCCCCCCCCC)OC(=O)CCCCCCCCCCCCCCCCC,-5.4730005799
65,CCOC(=O)CC(C)CC(C)(C)C,-3.8230431676
66,[Ca++].[O-][Si]([O-])=O,-2.6500869941
67,CCc1ccc(C)nc1,-1.0042604536
68,CC(C)[C@@H]1CC[C@@H](C)C[C@H]1OC(=O)[C@H](C)O,-2.9799872046
69,C[C@]12C[C@H](O)[C@H]3[C@@H](CCC4=CC(=O)C=C[C@]34C)[C@@H]1CC[C@]2(O)C(=O)CO,-3.1784471289
70,[Na+].[Na+].Cc1ccc(Nc2ccc(Nc3ccc(C)cc3[S]([O-])(=O)=O)c4C(=O)c5ccccc5C(=O)c24)c(c1)[S]([O-])(=O)=O,-1.4270312571
71,[O--].[O--].[O--].[O--].[O--].[O--].[O--].[O--].[O--].[Al+3].[Al+3].[Mo].[Mo],-4.2291529922
72,CC(=C)C(=O)OCCOc1ccccc1,-2.9526471698
73,CCCCOCCOCCOCc1cc2OCOc2cc1CCC,-4.1510889183
74,CF,-0.1758743764999999
75,C(COc1ccccc1)Oc2ccccc2,-3.9885265275
76,CCc1cc(Cc2cc(CC)c(N)c(CC)c2Cl)c(Cl)c(CC)c1N,-7.2780387128
77,[Na+].Cc1cc(C)c(Nc2cc(c(N)c3C(=O)c4ccccc4C(=O)c23)[S]([O-])(=O)=O)c(C)c1CNC(=O)c5ccccc5,-1.4396051212999998
78,CCCC(CCC)C(O)=O,-1.8579774272
79,[Zn++].[S-]c1sc2ccccc2n1.[S-]c3sc4ccccc4n3,-4.285895804
80,Oc1ccccc1.ClCC2CO2.C=O,-4.0347567611
81,CCCCCC/C=C/C1CC(=O)OC1=O,-4.0217535152
82,CC(=C)C(O)=O.CC(C)(c1ccc(O)cc1)c2ccc(O)cc2.ClCC3CO3,-5.229282852
83,CC1=CC[C@H]2C[C@@H]1C2(C)C,-4.7725704235
84,C[Si](C)(C)O[Si](C)(C)C,-4.909505216
85,FC(=C)C(F)(F)F,-2.7599573667
86,O=C1Oc2ccccc2C=C1,-1.8860303607
87,CC(=C)C1CCC(=CC1)C,-3.8464965295
88,[Na+].CCN(CC)c1ccc([C+](c2ccc(cc2)N(CC)Cc3cccc(c3)[S]([O-])(=O)=O)c4ccc(cc4)N(CC)Cc5cccc(c5)[S]([O-])(=O)=O)c(C)c1,-0.6229779303
89,S=[W]=S,-4.1391336425
90,[Na+].[Na+].CC1=NN(C(=O)C1N=Nc2ccc(c3ccc(cc3[S]([O-])(=O)=O)N=NC4C(=NN(C4=O)c5ccccc5)C)c(c2)[S]([O-])(=O)=O)c6ccccc6,-1.642781181
91,CC(=O)O[C@H]1C[C@H]2CC[C@@]1(C)C2(C)C,-3.0887781924
92,[Pb++].[O-][Si]([O-])=O,-6.6197116003
93,CCCC(=O)OC(C)(C)Cc1ccccc1,-4.1359426126
94,[Na+].[Na+].[O-][S](=O)(=O)c1ccc(N\N=C\2C=CC(=O)C(=N/Nc3ccc(c4ccccc34)[S]([O-])(=O)=O)\C2=O)c5ccccc15,-2.6038411441
95,CCCOCC(C)OCC(C)O,-0.0700526508
96,CC1(C)CC(CC(C)(CN=C=O)C1)N=C=O,-4.1708247593
97,CCCCCCCC\C=C/CCCCCCCC(O)=O.NCCNCCN,-4.4100874366000005
98,CCN(CC[n+]1ccccc1)c2ccc(cc2)N=Nc3ccc(cc3Cl)[N+]([O-])=O.CC([O-])=O,-1.5218900849
99,O=C(Oc1ccccc1)Oc2ccccc2,-4.2169166627
100,CCCCC(CC)C(=O)OC=C,-4.1519109764
101,CC(=C)C(=O)NCNC(=O)C(C)=C,-1.1892367555
102,C\1C\C=C/CC\C=C1,-2.9659771733
103,CO[Si](CCCN=C=O)(OC)OC,-3.2569810012
104,CCO[Si](CCCCl)(OCC)OCC,-3.3285834497000004
105,CCCCOC(=O)c1ccccc1C(=O)OCCCC,-4.3876832538
106,[Na+].[Na+].Cc1cc(C)c(c(C)c1Nc2ccc(Nc3c(C)cc(C)c(c3C)[S]([O-])(=O)=O)c4C(=O)c5ccccc5C(=O)c24)[S]([O-])(=O)=O,-1.7922611704
107,Oc1ccc(c(O)c1O)C(=O)c2ccccc2,-3.3451078238
108,CCCCCCCCC\C=C\CC1CC(=O)OC1=O,-4.4255032449
109,CC(C)CC(C)CC(C)\C=C(/C)C1CC(=O)OC1=O,-4.4255032449
110,CCCCCCCC\C=C/CCCCCCCC(=O)OCC(O)COB(O)O.CCCCCCCC\C=C/CCCCCCCC(=O)OCC(O)COB(O)OCC(O)COC(=O)CCCCCCC\C=C/CCCCCCCC.CCCCCCCC\C=C/CCCCCCCC(=O)OCC(O)COB(OCC(O)COC(=O)CCCCCCC\C=C/CCCCCCCC)OCC(O)COC(=O)CCCCCCC\C=C/CCCCCCCC,-5.345705158
111,CCCCCCCCCC(=O)Oc1ccc(cc1)C(O)=O,-5.424547549700001
112,CCO[Si](CCCSSCCC[Si](OCC)(OCC)OCC)(OCC)OCC,-5.676541808600001
113,COc1ccc(\C=C\C(=O)OCCC(C)C)cc1,-5.4919252104
114,CCCCCCCCCCCCCCCC(=O)NCC(O)=O,-5.593122621900001
115,C\1C\C=C/CC\C=C/CC/C=C1,-5.3651562541
116,CC(CCN(CCC(C)CC(C)(C)C)C(=S)S[Zn]SC(=S)N(CCC(C)CC(C)(C)C)CCC(C)CC(C)(C)C)CC(C)(C)C,-6.1025269393
117,BrCc1ccc(cc1)c2ccccc2C#N,-6.6566491092
118,CCCCCCCCCCCCCCCCCC(=O)OC1CC(C)(C)NC(C)(C)C1.CCCCCCCCCCCCCCCC(=O)OC2CC(C)(C)NC(C)(C)C2,-6.214524895199999
119,CCCCC(CC)CNC(=O)CCCCCC(C)C,-5.731545252999999
120,CO[C@H]1C[C@@H](O[C@@H](C)[C@@H]1O)OC2[C@H](C)O[C@H](C[C@@H]2OC)OC3[C@@H](C)/C=C/C=C/4CO[C@@H]5[C@H](O)C(=C[C@@H](C(=O)O[C@H]6C[C@@H](C\C=C3/C)O[C@@]7(C6)O[C@@H]([C@@H](C)C=C7)C8CCCCC8)[C@]45O)C,-7.5558815137
121,c1ccc(cc1)c2ccc(cc2)c3ccccc3,-6.183335848
122,c1cc2ccc3cccc4ccc(c1)c2c34,-6.1787966156
123,CCCCOC(=O)c1ccc(cc1)C(=O)OCCCC,-6.40319542
124,CCC(CC)CC1(CCCCC1)C#N,-6.5873382321000005
125,COc1ccc(cc1)N2CCN(CC2)c3ccc(cc3)[N+]([O-])=O,-6.9290130346000005
126,CC(C)CCCCCCCOC(=O)CCCCCCCCC(=O)OCCCCCCCC(C)C,-7.2523945018
127,CCCCN(CCCC)c1ccc2c(Oc3cc(C)c(Nc4ccccc4)cc3C25OC(=O)c6ccccc56)c1,-7.4042503575
128,FC1(F)Oc2cccc(C=O)c2O1,-2.1558333574
129,CCNc1cc(C#N)c(N)c2C(=O)c3ccccc3C(=O)c12,-7.6382805905
130,CCCCCCCC\C=C/CCCCCCCCNCCCN.CCCCCCCC\C=C/CCCCCCCC(O)=O.CCCCCCCC\C=C/CCCCCCCC(O)=O,-8.2501920599
131,CCCCC(CC)COC(=O)c1ccc(Nc2nc(Nc3ccc(cc3)C(=O)NC(C)(C)C)nc(Nc4ccc(cc4)C(=O)OCC(CC)CCCC)n2)cc1,-8.1852587653
132,O=[V]=O,-4.4002500912
133,[Cl-].CCCCCCCCCCCC[n+]1ccccc1,-0.4539105371
134,Cc1cccc(C)c1OCC(O)=O,-2.2566445306
135,CCCCC(CC)C(=O)O[Co]OB(O[Co])O[Co](OC(=O)C(CC)CCCC)OC(=O)C(CC)CCCC,-1.8254561435
136,[Na+].[Na+].OCC1=CC(=N/Nc2ccc(c3ccccc23)[S]([O-])(=O)=O)\C(=O)/C(=N/Nc4ccc(c5ccccc45)[S]([O-])(=O)=O)C1=O,-0.8171647444
137,CC(=O)c1ccc(O)cc1,-1.1383824511
138,[O--].[O--].[Mg++].[Ca++],-1.9883562334
139,[Na+].[Na+].Nc1ccc2cc(c(N=Nc3ccc(N=Nc4cccc(C([O-])=O)c4O)c5ccccc35)c(O)c2c1)[S]([O-])(=O)=O,-2.7868204517
140,CC(C)=CCC\C(C)=C\C=C\C(C)=O,-3.2972120668
141,C=CN1CCN(C=C)C1=O,-1.1558864442
142,Nc1cc(ccc1O)[N+]([O-])=O,-2.2056018566
143,[Mg++],-2.4020693383
144,O=[Ca],-1.7683268794999998
145,[O-][N+](=O)c1ccc2NC(=O)Nc2c1,-3.2740875474
146,Cc1ccc(cc1)[S](=O)(=O)/C(=C/N2CC(=O)NC2=S)C#N,-3.5292992951
147,CCC1=C(O)C(=O)C=CO1,-1.1759580204
148,COC(=O)Cc1ccccc1,-2.2114017234
149,O.[Pb].O[S](O)(=O)=O,-4.226296415899999
150,Cc1c(Cl)cccc1[N+]([O-])=O,-3.2706864295
151,[OH-].[OH-].[Ca++],-1.9107299257
152,[Si+4].[Si+4].[Si+4].[O-][P]([O-])([O-])=O.[O-][P]([O-])([O-])=O.[O-][P]([O-])([O-])=O.[O-][P]([O-])([O-])=O,-3.0559869634
153,CCCCCCCl,-3.1223887332
154,CC(=C)C(=O)OCC(F)(F)F,-2.2684756839
155,[O-][N+](=O)O[Bi](O[N+]([O-])=O)O[N+]([O-])=O,-2.642008137
156,CCCCCCC(C)=O,-2.1536963273
157,CCCCC/C=C/CC(CC(O)=O)C(O)=O,-2.4042405739
158,CCCC(CCC)(C(O)=O)C(CCC)(\C=C\C)C(O)=O,-3.4953596006
159,C[C@H]1CC(=O)C=C2CC[C@H]3[C@@H]4CC[C@H](O)[C@@]4(C)CC[C@@H]3[C@@]12C,-3.5264225666000004
160,[Na+].CC\1=Nc2ccccc2C1=N/Nc3cc(Cl)c(cc3Cl)[S](=O)(=O)NCC[S]([O-])(=O)=O,-3.7561795168
161,CC(C)(O)C(=O)c1ccc(Cc2ccc(cc2)C(=O)C(C)(C)O)cc1,-4.536378597
162,[O--].[O--].[O--].[O--].[O--].[O--].[O--].[O--].[O--].[O--].[O--].[O--].[O--].[O--].[O--].[O--].[O--].[O--].[O--].[Fe+3].[Fe+3].[Fe+3].[Fe+3].[Fe+3].[Fe+3].[Fe+3].[Fe+3].[Fe+3].[Fe+3].[Fe+3].[Fe+3].[Ba++],-8.7448595438
163,C=CC(=O)OCC1CCC2C3CC(CC3COC(=O)C=C)C12,-4.4930858187
164,O=C(Nc1ccccc1)Nc2ccccc2N[S](=O)(=O)c3ccccc3,-4.5784028785
165,[O--].[O--].[O--].[K+].[K+].[Ti+4],-5.5836431263
166,CCCCC(CC)COC(=O)C=C,-4.2832046138
167,[Zn++].CCCCC(CC)CO[P]([S-])(=S)OCC(CC)CCCC.CCCCC(CC)CO[P]([S-])(=S)OCC(CC)CCCC,-4.9288559714
168,CC(=O)OC1CC2CC1C3CCCC23,-3.3380498278
169,CCS,-0.8459165595999999
170,CCCCC(CC)COC(=O)OOC(=O)OCC(CC)CCCC,-2.5951754429
171,C[C@H](CCC=C(C)C)CC=O,-3.243750947
172,CC(C)[C@@]12CC[C@@](C)(O1)[C@@H](O)C2,-0.288092629
173,CC(C)c1ccc(CCC=O)cc1,-3.3026567859
174,CCCCBr,-2.1977641867
175,[Na+].CCCCCCCCCCCC(=O)N[C@@H](CCC(O)=O)C([O-])=O,-3.6091104804
176,CCCOC(C)OCCc1ccccc1,-3.3841929036
177,COC(OC)C(C)(C)CC=C(C)C,-3.3397616042
178,COC(C)(C)C1CCC(=CC1)C,-3.2966135776
179,[Co+3].CCN(CC)c1ccc2c(c1)[o+]c3cc(ccc3c2c4ccccc4C(O)=O)N(CC)CC.CC(C)OCCCN[S](=O)(=O)c5ccc([O-])c(c5)N=Nc6c(C)nn(c6[O-])c7ccccc7.CC(C)OCCCN[S](=O)(=O)c8ccc([O-])c(c8)N=Nc9c(C)nn(c9[O-])c%10ccccc%10,-3.2357622441000005
180,[O-][N+](=O)c1cc(Cl)ccc1Cl,-3.3642253983
181,CC/C(C)=C/CCC(C)(O)C#C,-2.3027678878
182,CO[Si](CCCOC(=O)C(C)=C)(OC)OC,-3.4779807224
183,CC(C)(c1ccc(O)cc1)c2ccc(O)cc2.OC(=O)C=C.ClCC3CO3,-3.6804449633
184,O=C1C=CC(=O)N1c2ccccc2,-2.3273175561
185,Cc1ccc(cc1)N2N=C(C)CC2=O,-2.365667988
186,OB(O)c1ccc(C=O)cc1,-2.2673846672
187,CC(=O)CC(C)(C)c1ccccc1,-2.337666283
188,CCCCCOC(=O)CC,-2.2505224040000003
189,FC(F)=C(F)Cl,-2.1609542979
190,CCCCCCCCCCCCOCCO,-1.4593774078
191,NCCCCCCCCCCC(O)=O,-2.4007753619
192,NC(Nc1ccc(Cl)cc1)=NC(N)=NCCCCCCN=C(N)N=C(N)Nc2ccc(Cl)cc2,-2.8005950876
193,C\C=C1/CC2CC1C=C2,-3.1767964148
194,CCN(C(=O)N(CC)c1ccccc1)c2ccccc2,-3.5256277962
195,CCCCOC(=O)c1ccccc1N,-3.3830205262
196,Oc1ccccc1C(=O)OCc2ccccc2,-4.4139224059
197,CCCC[Sn](CCCC)(CCCC)CCCC,-4.596065772
198,[Mg++].C[O-].C[O-],-3.9943699512
199,[Cd++],-4.1112934221
200,O[S](=O)(=O)c1cccc2cc(Nc3ccccc3)cc(Nc4ccccc4)c12,-4.6725029066
201,CCC(C)(OOC(C)(C)C)OOC(C)(C)C,-4.4507609201
202,S(c1ccccc1)c2ccccc2,-4.3606078686
203,CCOCCCN[S](=O)(=O)c1ccc(Oc2cc(O)c3C(=O)c4ccccc4C(=O)c3c2N)cc1,-4.7874700957
204,Clc1c(Cl)c(Cl)c2C(=O)OC(=O)c2c1Cl,-4.5531196112
205,[Ca++].CC1=NN(c2cccc(c2)[S]([O-])(=O)=O)C(=O)C1N=Nc3cc(Cl)c(Cl)cc3[S]([O-])(=O)=O,-3.8390840609
206,CCO,1.2336682179
207,COc1ccc(OC)cc1,-2.2455315279
208,C1CCC(CC1)OCCc2ccccc2,-2.4180900548
209,[Co++].CCC(C)(CCC(C)C)C([O-])=O.CCC(C)(CCC(C)C)C([O-])=O,-2.7160174073000003
210,C/C=C/C(=O)C1C(C)C=CCC1(C)C,-3.3963665007
211,O=C(OCC1CO1)c2ccc(cc2)C(=O)OCC3CO3,-3.5579600556
212,CCCCC/C=C/CCC=O,-3.301742894
213,[Na+].[Na+].CN(CCO)c1nc(Nc2ccccc2)nc(Nc3ccc(/C=C/c4ccc(Nc5nc(Nc6ccccc6)nc(n5)N(C)CCO)cc4[S]([O-])(=O)=O)c(c3)[S]([O-])(=O)=O)n1,-3.0693211517
214,Cc1cc(C)c(C)c(O)c1,-2.2522030039
215,CC(F)(F)F,-2.043101387
216,CC(C)(O)C(=O)c1ccc(OCCO)cc1,-1.4699304792
217,CN=C=S,-0.9832225904
218,CN(C(=O)N(C)c1ccccc1)c2ccccc2,-3.4975575811
219,O=C1CCCCCCCCCCC(=O)OCCO1,-3.533758505
220,CC(C)CCCCCCCO,-3.3243784972
221,[Co++].CCC([O-])=O.CCC([O-])=O,-0.4376623173
222,CCOC(=O)C1OC1c2ccccc2,-2.4096512377
223,CC(C)CCCC(C)(C)O,-2.2869836341
224,CCC(=O)OCc1ccccc1,-2.344979827
225,CC(=O)OC1(CCCCC1)C#C,-2.352215179
226,CCN(CC)CC,-0.1376829835
227,CCCCCCCC\C=C/CCCCCCCCNCCCNCCCN,-3.7183913352
228,CSC,-0.9312189022
229,[Na+].CNC([S-])=S,0.747325108
230,Nc1cc(Cl)c(Cl)cc1Cl,-3.4359504856
231,Clc1cccc(n1)C(Cl)(Cl)Cl,-3.506108364
232,OC(=O)c1cc2ccccc2cc1O,-3.4172455835
233,C\C=C/C=C.C/C=C/C=C.C1CC=CC1,-2.4542650743000003
234,CC(C)c1cccc(c1)C(C)CC=O,-3.6773468456
235,[Na+].[Na+].[Na+].[Na+].[Na+].[Na+].Nc1c(N=Nc2cc(Nc3nc(Cl)nc(Nc4cccc(c4)[S](=O)(=O)CCO[S]([O-])(=O)=O)n3)ccc2[S]([O-])(=O)=O)c(cc5cc(c(N=Nc6ccc7c(cccc7[S]([O-])(=O)=O)c6[S]([O-])(=O)=O)c(O)c15)[S]([O-])(=O)=O)[S]([O-])(=O)=O,-1.277021164
236,FC1CC(F)(F)C(F)(F)C1(F)F,-2.436880918
237,CCCC[Sn](CCCC)(CCCC)O[Sn](CCCC)(CCCC)CCCC,-3.9228515135
238,CCCCC,-3.006984006
239,COc1cc(\C=C\C)ccc1O,-2.3647374971
240,Cc1ccc(C=O)cc1C,-2.277035079
241,O.CC([NH3+])c1ccccc1.C[C@@H]2O[C@@H]2[P](O)([O-])=O,-0.5941393378000001
242,[Na+].[Na+].[O-]C(=O)c1ccccc1C2=C3C=C(I)C(=O)C(=C3Oc4c(I)c([O-])c(I)cc24)I,-1.0993150407
243,CCCCOC(C)=O,-1.2199585633
244,Nc1ccc(c2ccc(N)cc2[S](O)(=O)=O)c(c1)[S](O)(=O)=O,-2.6919272706
245,COc1cc(C=O)cc(c1O)[N+]([O-])=O,-2.4496899299
246,CCN(CC)c1cccc(NC(C)=O)c1,-2.4693780306
247,O=[Pb],-3.5023551324
248,Cc1ccccc1NC(N)=Nc2ccccc2C,-3.5338845835000003
249,CCCC(CC)COC(=O)CCc1cc(c(O)c(c1)C(C)(C)C)C(C)(C)C,-7.098737149600001
250,CC1(C)CCCC2(C)C3CCC(C13)C2=C,-4.412762427200001
251,Oc1ccccc1C(=O)OCCc2ccccc2,-4.4891053349000005
252,CC(COC(=O)c1ccccc1)OC(=O)c2ccccc2,-4.5673029377
253,[Ca++].[Ca++].[Ca++].[O-][P]([O-])([O-])=O.[O-][P]([O-])([O-])=O,-4.6051146656
254,CCC(C)(C)C1CCCCC1OC(C)=O,-4.4462039036
255,N#C[C](=[C]1CC[CH2]CC1)c2ccccc2,-4.4200239973
256,OC(=O)Cc1ccccc1Nc2c(Cl)cccc2Cl,-4.6202577876
257,[O-][N+](=O)c1ccc(CCc2ccc(cc2)[N+]([O-])=O)cc1,-4.589885800199999
258,CC(C)(C)CC(C)(C)c1ccc(O)cc1,-4.4694622333
259,CCCCCCCCCc1ccc(O)cc1,-4.4980268403
260,COc1ccc(cc1[N+]([O-])=O)C(=O)Nc2ccc(cc2)C(N)=O,-4.6536052692
261,[Cl-].CCCCCCCCCCCCCCCCCC[NH+](C)C,-4.6786900339
262,[Br-].CCCC[N+](CCCC)(CCCC)CCCC,1.3320248442
263,[OH-].[OH-].[Cd++],-3.3236333941
264,Fc1ccc2O[C@@H](CCc2c1)[C@@H]3CO3.Fc4ccc5O[C@@H](CCc5c4)[C@H]6CO6.Fc7ccc8O[C@H](CCc8c7)[C@@H]9CO9.Fc%10ccc%11O[C@H](CCc%11c%10)[C@H]%12CO%12,-3.0521011765
265,CC(C)=CCC\C(C)=C\CO,-2.3519095035
266,COc1ccccc1OC,-1.3149750669
267,Nc1cnn(CCO)c1N.O[S](O)(=O)=O,0.4442593444
268,[Na+].[Na+].[O-][S](=O)(=O)c1cccc(c1)[S]([O-])(=O)=O,0.3709472853
269,CCCCOCCO[P](=O)(OCCOCCCC)OCCOCCCC,-2.7785623319
270,CCCCCCOC,-2.2450853258000003
271,[O-][N+](=O)c1cc(ccc1Cl)C(F)(F)F,-2.5337046723
272,C[C@H]1C[C@H]2[C@@H]3CCC4=CC(=O)C=C[C@]4(C)[C@@]3(F)[C@@H](O)C[C@]2(C)[C@@]1(O)C(=O)CO,-3.7709815003
273,CC(C)c1ccc(cc1)C(C)CC=O,-3.4598629014
274,CC1CC(=CC(C)C1CO)C,-2.3711973931
275,CC/C(C)=C/CCC(C)(O)C=C,-2.4091286640000003
276,O=C(OCC1CO1)c2ccc(C(=O)OCC3CO3)c(c2)C(=O)OCC4CO4,-2.7622964758
277,CC1CC(C)(CO1)c2ccccc2,-2.4332379452
278,CCCCC(CC)C(=O)OCC,-3.423291255
279,Oc1cccc2cccnc12,-2.3496052546
280,[Na+].[Na+].[Na+].CCN(c1cccc(c1)[S](=O)(=O)CCO[S]([O-])(=O)=O)c2nc(Cl)nc(Nc3ccc4C(=O)C(=N/Nc5ccc(OC)cc5[S]([O-])(=O)=O)\C(=Cc4c3)[S]([O-])(=O)=O)n2,-1.1616711076
281,[OH-].[OH-].[Zn++],-2.1858288548
282,CCOc1ccccc1OCC,-2.41045076
283,C\C=C\C,-1.9394650737
284,OCC(O)C(O)C(O)CO,0.6252744890999999
285,CC(=C)C=C,-2.0257332357
286,CCCCCCCC/C=C/CCCCCCCCNCCCNCCCNCCCN,-3.8360757577
287,CC(C)CCCC(C)CCO,-3.3932597866000003
288,[Na+].[Na+].CCN1C(=C(N=Nc2ccc(cc2)[S](=O)(=O)c3ccc(cc3)N=NC4=C(O)N(CC)C(=O)C(=C4C)C[S]([O-])(=O)=O)C(=C(C[S]([O-])(=O)=O)C1=O)C)O,-2.1021873796
289,CC(=O)c1ccccc1,-1.2803868403
290,CCCCCC(O)C(/C)=C/CC,-3.4318638977
291,CCCCOC(=O)CCC,-2.3610477791
292,OC(=O)c1ccccc1C(O)=O,-1.4245732761
293,O=CC1CCC2C3CCC(C3)C12,-2.4199676473
294,CC(C)c1ccccc1C(C)C.OO,-2.4977135853
295,Cc1cccc(C)c1O,-1.292396158
296,[Re],-0.4755079565
297,CCC(O)c1ccccc1,-2.3403675905
298,CC(=O)c1cccc(c1)C(F)(F)F,-2.4821079167
299,Nc1ccc(Cl)cc1Cl,-2.4171742578
300,CC(=O)O[C@@H]1C[C@@H]2CC[C@@]1(C)C2(C)C,-3.4963238418
301,NN[S](=O)(=O)c1ccc(Oc2ccc(cc2)[S](=O)(=O)NN)cc1,-3.7584891954
302,[Sr++].[O-][P]([O-])([O-])=O,-3.4683853884
303,CC/C=C/CC/C=C/C=C,-3.34190657
304,OC\C=C/CO,0.8466851642000001
305,CCOCCOCCOCCOC(=O)C(C)=C,-0.6030114261
306,CC(=O)OCC1=C(N2[C@H](SC1)[C@H](N)C2=O)C(O)=O,-2.6489777217
307,CCCCCCCCCC(O)=O,-3.4452161366000005
308,CC(C)C,-2.977604072
309,CCCC,-2.977604072
310,CC,-2.6913820060000004
311,CC1(C)C2CC=C(CCC=O)C1C2,-3.4657606101
312,OC(=O)Cc1ccc(O)cc1,-0.3990804112
313,COc1ccc(COC(C)=O)cc1,-2.4740066421
314,[H+].[NH4+].[F-].[F-],1.0233941334
315,Nc1nc(N)nc(n1)c2ccccc2,-2.4941685135
316,CC(C)(C)C1CCC(CC1)OC(=O)C=C,-3.539328096
317,Brc1ccc(Br)c(C=C)c1,-4.5787304077
318,Cc1ccccc1NC(=O)c2cc3ccccc3cc2O,-4.6234419541000005
319,COC(=O)c1nc(Cl)c(Cl)nc1N,-4.5348386091
320,O1[Pb]O[Pb]2O[Pb]1O2,-4.0080532109
321,CCCCCCCC\C=C/CCCCCCCC(=O)N(CCCC)CCCC,-4.788985440799999
322,CC(=C)C(=O)OC1CC2CCC1(C)C2(C)C,-4.5442204359
323,CCCCCCCCCOC(C)=O,-4.4708606495
324,CCCCCCCCCCCCCCCCCCCCCCCCCCCCCC.CCCCCCCCCCCC(CC)CCCCCCC(CC)CCCCCCC.CCC1CCC(CC)CC1.Cc2cccc(C)c2.C3CCC4CC5CCCCC5CC4C3.c6ccc7ccccc7c6.c8ccc9cc%10ccccc%10cc9c8,-5.4050532611
325,CCCCCCCCCCCCCC.CCc1ccccc1.c2ccccc2.c3ccc4ccccc4c3.c5ccc6cc7ccccc7cc6c5,-5.0416978328
326,c1ccc2ccccc2c1,-4.3112256046
327,Oc1ccccc1C(=O)OC2CCCCC2,-4.5540762927
328,CC(=C)[C@@H]1CCC(=CC1)C,-4.346837785
329,CC\C=C/CCOC(=O)C\C=C/CC,-4.5097094839
330,CC[C@]12CC[C@H]3[C@@H](CCC4=C3CC=C(C4)OC)[C@@H]1CC[C@@H]2O,-4.7025138257
331,CCCCCCCCCCCC(=O)OCC(O)CO,-4.6602344394
332,COc1ccc(c(O)c1)C(=O)c2ccccc2,-4.5802538276
333,CC1CCC2C(C)(C)C3CC12CC(=C3C)C(C)=O,-4.6134788776
334,CCOC(=O)c1ccccc1,-2.3999022404
335,OC(=O)CCc1ccccc1,-1.4057514128
336,CC(C)=CCC\C(C)=C\C=O,-2.4116682055000003
337,CCCCCCC1CCCC1=O,-3.4515155376
338,CC(C)C(=O)C(C)(C)CC=C(C)C,-3.4892158636
339,Oc1ccc(C=C)cc1C=C,-3.3940626837
340,Nc1ccc(Cl)cc1O,-2.3906599281
341,CCOc1ccc(cc1)C(O)=O,-2.4548997462
342,[OH-].[OH-].[Pb++].[Pb++].[Pb++].[O-]C([O-])=O.[O-]C([O-])=O,-5.5472319177
343,Nc1c(Cl)cc(cc1Cl)C(F)(F)F,-3.591642752
344,CNCCCN1c2ccccc2CCc3ccccc13,-3.6576170412
345,CC(C)(C)C(=O)C(Oc1ccc(Cl)cc1)n2ccnc2,-3.7030926455
346,CCCCCCCCC(O)CO,-2.4785789552
347,CCC(C)C1CCCCC1=O,-2.427057806
348,COc1cc(C=O)ccc1OC(=O)C(C)C,-2.5886676064
349,Cc1ccccc1,-2.2062982993
350,[Sr++].Cc1cc(N\N=C/2C(=O)C(=Cc3ccccc23)C([O-])=O)c(cc1Cl)[S]([O-])(=O)=O,-3.9441003714
351,C[C@]12CC[C@H]3[C@@H](CCC4=CC(=O)C=C[C@]34C)[C@@H]1CC[C@@H]2O,-3.7003596507
352,CCc1ccc(CC(C)(C)C#N)cc1,-3.3513392636000003
353,ClCCCCCCCl,-3.4346473299
354,CCC(=O)OC1C=CC2C3CCC(C3)C12,-3.5585927938
355,CCOc1ccccc1,-2.3318416428
356,CN1C(=O)N(C(=O)C=C1C(F)(F)F)c2ccc(Cl)c(c2)C(=O)OC(C)(C)C(=O)OCC=C,-4.676528089
357,[Fe+3].Cc1ccc(cc1)[S]([O-])(=O)=O.Cc2ccc(cc2)[S]([O-])(=O)=O.Cc3ccc(cc3)[S]([O-])(=O)=O,-0.0080331121
358,C=CCOC(=O)COc1ccccc1,-2.5363732086
359,[NH4+].[I-],1.0867760203
360,OC(=O)CCCCC(O)=O.C1CNCCN1,-0.6232866861
361,CN[S](=O)(=O)c1cc(OC)c(N)cc1OC,-3.6510805625
362,NC(N)=O.O[P](O)(O)=O,0.5376020021
363,NC(N)=O,0.9578400994
364,O=C1Nc2ccccc2N1,-2.3927519971
365,[Fe].[C-]#[O+].[C-]#[O+].[C-]#[O+].[C-]#[O+].[C-]#[O+],-3.2920233513
366,CC(CCOC(=O)C=C)CCOC(=O)C=C,-2.6214335505
367,Nc1cccc(Cl)c1,-1.3733684129
368,CC(=O)OC1CCC2CCCCC2C1,-3.5605044152
369,CCCCCCCCCCCCCCC(C)c1cc(C)cc(C)c1O,-7.335707322699999
370,C1CC=CC1,-2.1049144818000003
371,OC(=O)CC(C[P]1(=O)Oc2ccccc2c3ccccc13)C(O)=O,-2.8135095056
372,C.O[S](O)(=O)=O,-3.3330935045
373,FC(F)(F)C(F)(F)F,-2.4239072122
374,CC(C)=CCC\C(C)=C/CCC=O,-3.5383035446
375,CC(=C)C(=O)Oc1ccccc1,-2.4948513605
376,[Co++].CC([O-])=CC(C)=O.CC([O-])=CC(C)=O,-1.6975300994
377,CC1=C(C=O)C(C)(C)CC=C1,-2.4650077569
378,CN(C)Cc1cc(c(O)c(c1)C(C)(C)C)C(C)(C)C,-2.7113870277
379,CC(=O)CC(C)(C)C1CCCCC1,-3.5481536429
380,CC(C)C1CCC(C)CC1O,-2.4880091207
381,[Co++].[O-][Mo]([O-])(=O)=O,-2.6343205414
382,Nc1ccc(Nc2ccccc2)cc1,-2.5631304762
383,CCC(C)C(=O)N(C)c1ccccc1,-1.5805795126
384,CO[Si](C)(OC)C=C,0.5776235848
385,NC(=O)c1cccnc1,0.6121583154
386,CNc1ccc(O)cc1.CNc2ccc(O)cc2.O[S](O)(=O)=O,-0.838079267
387,[Na+].[Na+].[Na+].[O-][S](=O)(=O)c1ccc2c(c1)C=C(C(=O)/C2=N/Nc3ccc(c4ccccc34)[S]([O-])(=O)=O)[S]([O-])(=O)=O,-1.0824140873
388,Cc1cc(C)cc(O)c1,-1.3879839049
389,CCC(COC(=O)C=C)(COC(=O)C=C)COC(=O)C=C,-2.772789495
390,CC(C)CC(=O)CC(C)C,-2.4540578458
391,COc1ccc(CC=C)cc1OC,-2.5520132395
392,Nc1ccc2c(O)cc(cc2c1)[S](O)(=O)=O,-2.6798855726
393,[Al+3].[O-]c1ccc2cc(ccc2c1N=Nc3ccc(cc3)[S]([O-])(=O)=O)[S]([O-])(=O)=O,-2.9368865529000003
394,CCCCCC1=C(CCC1CC(=O)OC)OC(C)=O,-3.7219886724
395,C=CC1CCC=CC1,-3.3351930307
396,COc1ccc(cc1O)[C@@H]2CC(=O)c3c(O)cc(O[C@@H]4O[C@H](CO[C@@H]5O[C@@H](C)[C@H](O)[C@@H](O)[C@H]5O)[C@@H](O)[C@H](O)[C@H]4O)cc3O2,-5.0104856455
397,CCCCCCCC/C=C/CCCCCCCCN(CCO)CCO,-4.7801182897
398,CCCCOC(=O)c1ccc(C(=O)OCCCC)c(c1)C(=O)OCCCC,-4.807173711
399,CCC(C)N1N=CN(C1=O)c2ccc(cc2)N3CCN(CC3)c4ccc(O)cc4,-4.8285219564
400,CO[Si](CCCOC(=O)C=C)(OC)OC,-4.6063887787
401,CCCCCCCCCCCO,-4.4804406676
402,[Ba++].[O-][B][O-],-2.3407335191
403,CC1(C)[C@H]2CC[C@]1(C)C(C2)OC(=O)C=C,-4.5830924552
404,O=C1C(c2ccc3ccccc3n2)C(=O)c4ccccc14,-4.7011861265
405,CCCCC(CC)COC(=O)OOC(C)(C)C,-4.6599585126
406,CO[Si](OC)(C1CCCC1)C2CCCC2,-4.6327996787
407,CC1CC(CC(C)(C)C1)OC(=O)C(C)=C,-4.5985985087
408,CCCC=O.Nc1ccccc1,-4.5021013295
409,[Zn++].CCCCCCCCCCCC([O-])=O.CCCCCCCCCCCC([O-])=O,-4.9505314842
410,CCCCCCCCCCCCCCCCCC(O)=O.NCCNCCNCCNCCN,-4.9604194489
411,CC/C=C/CCOC(=O)c1ccccc1O,-4.6439814041
412,CC(C)[C@@H]1CC[C@@H](C)CC1=O,-2.4918772305
413,COC(=O)c1ccc(cc1[N+]([O-])=O)C(O)=O,-2.6570018481
414,Cc1cc(C)cc(C)c1,-3.382657059
415,CC(=O)OC(C)(C)CCCC(=C)C=C,-3.5974164985000003
416,Cc1ccc(cc1Cl)[N+]([O-])=O,-3.5442781768
417,[Cl-].CCCCCCCCCCCCCCCCCC[N+](C)(C)C,-3.8514567881
418,CCCN(CCC)CCC,-2.4722202552000003
419,N,1.4518068893
420,O=C1CCCCCN1C(=O)NCCCCCCNC(=O)N2CCCCCC2=O,-3.9064006561
421,CC(C)CCOC(=O)CC(C)C,-3.5540595352999995
422,CCCCCC(CO)CCC,-3.5181985232
423,Nc1ccc(CCc2ccc(N)cc2)cc1,-3.6457005741
424,COC(=O)c1cccnc1,-0.4595508588
425,[Ca++].O[C@H]([C@@H](O)C(O)=O)C(O)=O,-2.6024346943
426,CC(C)(C)c1ccc(cc1)C(O)=O,-3.5779623367
427,[Cl-].[Cu+],-3.3235329498
428,[Ni++].[O-][Mo++]([O-])([O-])[O-],-1.6720680623
429,Nc1cccc2ccc(cc12)[S](O)(=O)=O,-1.6822793230000002
430,FC(F)C(F)(F)F,-1.4164957907
431,Cc1cccc(O)c1C,-1.4241960776
432,Oc1c(I)cc(Cl)c2cccnc12,-1.8222562261
433,CCCCC(CC)C(=O)OOC(C)(C)C,-3.6695176909
434,CC1C(CC2CC1C2(C)C)C=O,-3.5580403929
435,CC(C)(O)CCc1ccccc1,-1.5556396769999998
436,CC(=O)Oc1ccc(cc1)[N+]([O-])=O,-2.5992568252
437,CC(=O)c1oc2ccccc2c1,-2.5484883965000003
438,[Cl-].[NH3+]c1cc(cc(Cl)c1O)[N+]([O-])=O,-2.6990298363
439,CCC(O)COC1CCCCC1C(C)(C)C,-3.698734262
440,CC(C)C1CCC(C)CC1OO,-2.5888216416
441,CC(C)COC(=O)c1cc(N)c(Cl)c(N)c1,-2.738284824
442,OC1(CCCCC1)C(=O)c2ccccc2,-2.6647801935
443,[H+].[H+].[Cl-].[Cl-].NNCc1ccccc1,-1.6467890106
444,CCOc1nc2cccc(C(O)=O)c2n1Cc3ccc(cc3)c4ccccc4c5n[nH]nn5,-6.4977813968
445,Clc1nc(Cl)nc(Cl)n1,-2.6223388564
446,COc1cc(c(O)c(c1)C(C)(C)C)c2cc(OC)cc(c2O)C(C)(C)C,-6.7763112575
447,C[C@]1(Cn2ccnn2)[C@@H](N3[C@@H](CC3=O)[S]1(=O)=O)C(O)=O,-1.8384616763
448,CN(C=O)c1ccccc1,-1.4947809467
449,Nc1ccc(cc1[S](O)(=O)=O)[S](O)(=O)=O,-1.7700930025
450,CC(C)[C@@H]1CC[C@@H](C)C[C@@H]1O,-2.5604043774000003
451,COc1ccc(cc1[N+]([O-])=O)C(O)=O,-2.6613195143
452,CC12CCC3C(CCC4=CC(=O)C=CC34C)C1CCC2=O,-2.8204596094
453,CC(C)(C)C(=O)OCCc1ccccc1,-3.6752800895
454,CC(OC(C)=O)C1CCCCC1,-3.5976237668
455,CC(=O)CCC1=C(C)CCCC1(C)C,-3.6550445763
456,[Br-].CC[P+](c1ccccc1)(c2ccccc2)c3ccccc3,-0.9372185286
457,CC[N+](CC)(CC(=O)Nc1c(C)cccc1C)Cc2ccccc2.[O-]C(=O)c3ccccc3,-1.020958606
458,CCCCCCO,-1.382910122
459,CC(C)[C@@H]1CC[C@@H](C)C[C@H]1O,-2.5706235426
460,CC/C(C)=C/CC/C(C)=C/C#N,-3.5896411422
461,CCCCCCC1(C)CCC(=O)O1,-2.6432618239
462,COC(C)(C)C,-0.3235268543
463,[Na+].Nc1ccc(cc1[S]([O-])(=O)=O)[N+]([O-])=O,-1.7677385178999998
464,C[C@H]1CCC2(O)C(C)(C)C3CC[C@@]2(C)C1C3,-3.7259038203
465,CCc1ccccc1.CCc2cc(CC)c(CC)cc2CC.CCC(C)(c3ccccc3)c4ccccc4.Cc5ccccc5.Cc6ccccc6c7ccccc7.Cc8cccc9ccccc89.C=Cc%10ccccc%10.C%11CCC(CC%11)c%12ccccc%12.C(Cc%13ccccc%13)c%14ccccc%14.c%15ccccc%15.c%16ccc(cc%16)c%17ccccc%17,-4.5881768419
466,C(NCc1ccccc1)c2ccccc2,-2.6876302374
467,Cc1cccc2n[nH]nc12,-1.5169635388
468,Nc1cc(cc(c1O)[S](O)(=O)=O)[N+]([O-])=O,-1.7662055678
469,[Na+].[Na+].[Na+].[Na+].OCCN(CCO)c1nc(Nc2ccc(cc2)[S]([O-])(=O)=O)nc(Nc3ccc(\C=C\c4ccc(Nc5nc(Nc6ccc(cc6)[S]([O-])(=O)=O)nc(n5)N(CCO)CCO)c(c4)[S]([O-])(=O)=O)cc3[S]([O-])(=O)=O)n1,-0.4642868095
470,COC(=O)c1ccccc1C(=O)OC,-1.6861579246
471,[Cl-].CN(C)c1ccc(cc1)[C+](c2ccc(cc2)N(C)C)c3ccc(cc3)N(C)C,-2.0085884627
472,CCCCCC1CCCC(=O)O1,-1.6290322311
473,CCOC(=O)CC(=O)C(F)(F)F,-1.6630244633000002
474,[O-][N+](=O)OCCOCCO[N+]([O-])=O,-1.6904508209
475,O[Si](O)(c1ccccc1)c2ccccc2,-2.7330206215
476,CCCCCOC(=O)CCCC,-3.6244813037
477,CC1=CC(=O)N(Cc2cccc(CN3C(=O)C=C(C)C3=O)c2)C1=O,-3.9003349932
478,[Ni++].[O-]C(=O)C([O-])=O,-3.556228502
479,CC\C=C/CCOC(=O)c1ccccc1,-3.7048974167
480,COC(=O)c1ccc(c(N)c1)C(=O)OC,-3.7185037648
481,CCCC(CC)CCCCCCCN,-3.6976259568
482,OC(=O)CCCCCCCCCCC(O)=O,-3.7602414897
483,CC1(C)CCC2OC23C(C)(C)C4CCC13C4,-4.6529288002
484,CC(O)CSCCCCCCCCC(C)(C)C,-4.7309406924
485,CCCCCCCCCCCC(O)=O,-4.6195835711
486,CCCCc1nc(Cl)c(CO)n1Cc2ccc(cc2)c3ccccc3c4n[nH]nn4,-4.9450169862
487,[O--].[O--].[O--].[Lu+3].[Lu+3],-4.9185665359
488,CCCCC(CC)COC(=O)CS,-4.635481621399999
489,CCC(C)(C)c1ccccc1,-4.5007459195
490,CC(CCC=O)C1C(=CCCC1(C)C)C,-4.6532020914
491,CC1(C)C2CCC(C2)C1=C,-4.4715404278
492,CC(CC1CCCC1=O)C2CCC(=CC2)C,-4.6803670486
493,CCCCCCCCCC(=O)OC,-4.6267485225
494,[Pr+3].[Pr+3].[O-]C([O-])=O.[O-]C([O-])=O.[O-]C([O-])=O,-5.0220270242
495,CCCCN(CCCC)C(=O)N(CCCC)CCCC,-4.8205954965
496,CO[C@]1(C)CCC23C[C@@H]1C(C)(C)[C@@H]2CC[C@H]3C,-4.7401771795
497,COC1CCCCCCCCCCC1,-4.6835903829
498,CCOC1(C)CCC2C(=C)C1CCC2(C)C,-4.7342962454
499,CCN(CC)C(=S)SSC(=S)N(CC)CC,-4.8603775493
500,Cc1ccc(N2C(=O)c3cccc4c(N)ccc(C2=O)c34)c(C)c1,-4.8916555333
501,Cc1cc(cc(C)c1CC#N)C(C)(C)C,-4.7018118295
502,CC(C)(c1ccccc1)c2ccc(O[P@]3OC[C@]4(CO3)CO[P@](OC4)Oc5ccc(cc5C(C)(C)c6ccccc6)C(C)(C)c7ccccc7)c(c2)C(C)(C)c8ccccc8,-7.2319734263
503,O=C1NC(=O)c2cccc3cccc1c23,-4.6928315029
504,CCCC[Sn](=O)CCCC,-4.7940381830000005
505,CCCC[Sn++]CCCC.CCCCC(CC)C([O-])=O.CCCCC(CC)C([O-])=O,-5.1134043257
506,O=C1CCC2CCCCC2O1,-0.5865603256
507,COC(=O)c1ccc(C)cc1,-2.5767203524
508,CC1CC(C)(C)OC(Cc2ccccc2)O1,-2.7446854432
509,Nc1ccccc1N,-0.4396098786999999
510,O=C1N[S](=O)(=O)c2ccccc12,-1.6718324141
511,[Na+].Cc1cc(ccc1N)[S]([O-])(=O)=O,-1.7295012251
512,CC(C)CCCC(C)CC#N,-3.5877591379
513,[Ca++].[O-][Mo]([O-])(=O)=O,-3.7036943449
514,O=C1CCCCCN1C(=O)c2cccc(c2)C(=O)N3CCCCCC3=O,-3.9583461947
515,CC(C)=CCC\C(C)=C\CCC(C)=O,-3.6974484249
516,CCCCCC(=O)OCC=C,-2.6105517594
517,[Na+].Nc1cc(cc(c1[O-])[N+]([O-])=O)[N+]([O-])=O,-1.7648130029
518,Fc1ccc(cc1)C(=O)CCCCl,-2.7226339225
519,CC(C)[Si](OC(=O)C=C)(C(C)C)C(C)C,-4.9437379631
520,CC(C)OC(=O)CCC(=O)OC(C)C,-1.7293168462
521,[Sr++].Cc1ccc(N\N=C\2C(=O)C(=Cc3ccccc23)C([O-])=O)c(c1)[S]([O-])(=O)=O,-4.1057301532
522,[Cl-].C[N+](C)(C)c1ccc2ccc(O)c(N=Nc3ccc(N)cc3)c2c1,-1.9807853884
523,NC(=O)C(F)(F)F,-1.4850227408
524,CCC(C)(C)C1CCC(=O)CC1,-2.6568927779
525,Cc1ccc(cc1[N+]([O-])=O)[S](C)(=O)=O,-2.7647010816
526,CCCCCCC#CC(=O)OC,-3.6518876662
527,CCCCCCCCCCO,-3.6312380365
528,O=[P](c1ccccc1)(c2ccccc2)c3ccccc3,-2.8774727952
529,COc1ccc(OC)c(Cl)c1,-2.6724024043
530,OCCOc1ccc2ccccc2c1,-2.7142946902
531,CCCCOc1ccccc1,-3.6132495633
532,O=C(OCCOCCOC(=O)c1ccccc1)c2ccccc2,-3.937488879
533,CCCCCCCC\C=C/CCCCCCCCNCCCN,-3.9550420009
534,Clc1ccc(Cl)c(Cl)c1,-3.7024520783
535,Cc1c(CO)nccc1OCC(F)(F)F,-1.7920737105000002
536,COC,0.8843659201
537,COc1cc(\C=C\C(O)=O)cc(OC)c1OC,-2.830470194
538,[Ba++].[O-]P=O.[O-]P=O,0.1236633717
539,BrCCCCBr,-2.7902167817000003
540,C1CCc2ccccc2C1,-3.5673681389
541,CCCCOC(=O)CCCCC(=O)OCCCC,-3.8681538696
542,CCO[P](=O)(C(=O)c1c(C)cc(C)cc1C)c2ccccc2,-3.9560819473
543,Cc1ccc(c(O)c1)C(C)(C)C,-2.672674663
544,COC(=O)c1ccc(C(=O)OC)c(c1)[N+]([O-])=O,-2.8359048818
545,[Co++].CC([O-])=O.CC([O-])=O,0.2936043702
546,C=CC(=O)OCCCCCCOC(=O)C=C,-2.8193366955
547,CCCCCCCCCC(=O)N(C)C,-2.7681111795
548,Nc1ccc(cc1)N=Nc2ccccc2,-3.7597030757
549,CC1=CCC(CC#N)C1(C)C,-2.6475372328
550,Cc1ccc(O)c(c1)C(C)(C)C,-2.6917536232
551,[Cl-].C[N+](C)(C)c1ccccc1,0.2877472964999999
552,CC(=O)OC(C)(C)C1CCC(=CC1)C.CC23CCC(CC2)C(C)(C)O3,-3.0213590642000003
553,C=CCOc1nc(OCC=C)nc(OCC=C)n1,-2.8742257802
554,CCCCC(O)=O,-0.490652149
555,CC(O)C(C)Cc1ccccc1,-1.6969729899
556,CCCCC(C(=O)OCC)C(=O)OCC,-2.8164963969
557,CCCCCCCCCCCC1=NCCN1CCO,-3.8986556211
558,FC(F)(F)c1ccc(Cl)cc1,-3.7276952246
559,Oc1ccc(cc1)c2ccc(O)cc2,-3.7423730992
560,C\C=C\OC1CCC(CC1)O\C=C\C,-3.9037320907
561,O=C1CCCCCCCCCOCCCCCO1,-3.8838494997
562,CCCCCCCCCCC(C)CCCCCCCC,-6.4511045339
563,NC(=O)N=NC(N)=O,-3.5462434596
564,CC(C)(C)c1ccc(O)c(c1)C(C)(C)C,-3.7960463334
565,CC(Cc1ccc(cc1)C(C)(C)C)C=O,-3.7917820609
566,COc1ccc(cc1N)C(=O)Nc2ccccc2,-3.86580004
567,[C-]#[O+],-2.9287991689
568,CCC(C)(C)Cl,-2.5105450102
569,N#CCN(CCN(CC#N)CC#N)CC#N,-2.8204043469
570,CC(C)(C)OOC(=O)c1ccccc1,-2.7764329492
571,CC(F)F,-1.3147228436
572,CCC(C)(O)CCCC(C)C,-2.6942897822000003
573,COc1ccc2NC(=S)Nc2c1,-2.7506819237
574,FC(F)(F)Br,-2.6677709688
575,[Zn++].CC(C)CCCCCO[P]([S-])(=S)OCCCCCC(C)C.CC(C)CCCCCO[P]([S-])(=S)OCCCCCC(C)C,-4.3707014658
576,C1OC1COc2ccc3c(OCC4CO4)cccc3c2,-3.9191737976
577,CC(C)=CCC\C(C)=C\COC=O,-3.7461507617
578,O.O.O.O.[Pb].[Pb].[Pb].[Pb].[Pb].[O-][S]([O-])(=O)=O,-4.5661230993
579,C[C@@H]1CC=C(C)[C@H](\C=C\C(C)=O)C1(C)C,-3.8026769123
580,CO[SiH](CC1CCCCC1)OC,-3.0959725365
581,Nc1ccc(\C=C\c2ccc(N)cc2[S](O)(=O)=O)c(c1)[S](O)(=O)=O,-4.0635303796
582,[Zn++].Cc1cccc2[N-]C(=S)Nc12.Cc3cccc4NC(=S)[N-]c34,-4.0879587895
583,OC(=O)CC[P](O)(=O)c1ccccc1,-0.8283051545000001
584,O=[S](Cc1ccccc1)Cc2ccccc2,-2.8588087212
585,CC(C)(N=NC(C)(C)C#N)C#N,-2.7132509977
586,CCC(C)COC(=O)C=C,-2.6532064055
587,Clc1sc2ccccc2n1,-2.7325883752
588,CC1=CC(=O)N(O)C(=C1)C2CCCCC2.NCCO,-0.9331685906
589,Clc1ccc2c(Cl)ccnc2c1,-2.8026246384
590,Nc1ccccc1[S](O)(=O)=O,-1.7471686412
591,[Ti+4].CC(C)[O-].CC(C)[O-].CC(=O)[CH-]C(C)=O.CC(=O)[CH-]C(C)=O,-2.0700509817
592,CC(=O)Nc1ccc(cc1)[S](Cl)(=O)=O,-2.8772524161
593,CCC(=O)OC1C(C)CCCC1(C)C,-3.8031812605
594,COC(=O)c1ccc(cc1)C(=O)OC,-3.796856222
595,CCCCCCCC1CCCC1=O,-3.7694416506
596,O=C(Cc1ccccc1)OCc2ccccc2,-3.863274879700001
597,CN(C)C(=S)SC(=S)N(C)C,-2.8302990647
598,C[C@@H](CCO)CCC=C(C)C,-2.7067344575
599,CCC(=O)C(C)CC=C(C)C,-2.7010952437
600,Cc1cc(C)c(N)c(c1)[S](O)(=O)=O,-1.8195435039
601,s1cccc1,-1.4450110492
602,CC(C)(c1ccc(O)cc1)c2ccc(O)cc2,-2.8799222949
603,ClC(Cl)(Cl)C=O,-0.691340871
604,CCC(C)CO,-0.4681010618999999
605,CC(C)CCO,-0.4681010618999999
606,[Na+].[Na+].[Na+].[Na+].CC(=O)Nc1ccc(c2C=C(/C(=N/Nc3ccc(N=Nc4ccc(cc4)[S]([O-])(=O)=O)c5ccc(cc35)[S]([O-])(=O)=O)C(=O)c12)[S]([O-])(=O)=O)[S]([O-])(=O)=O,-1.4612448391
607,s1cnc2ccccc12,-1.6538265258000002
608,OC(=O)c1cccc(c1)[N+]([O-])=O,-1.7459071723
609,O=[Mo]=O,-3.7396436363
610,O=C1Nc2ccccc2C(=O)O1,-2.7354179060000003
611,OC(c1ccccc1)C(=O)c2ccccc2,-2.8497223519
612,CCCCCCCCO,-2.6375931207
613,O=[Te]=O,-3.7156062333
614,COC(=O)COc1nc(F)c(Cl)c(N)c1Cl,-3.9512810281
615,CC(C)=CCCC(C)(OC(C)=O)C=C,-3.8157769203
616,CC(C)(C)c1cccc(c1O)C(C)(C)C,-4.7135873776
617,COc1ccc(cc1O)[C@@H]2CC(=O)c3c(O)cc(O[C@@H]4O[C@H](CO)[C@@H](O)[C@H](O)[C@H]4O[C@@H]5O[C@@H](C)[C@H](O)[C@@H](O)[C@H]5O)cc3O2,-5.1858488331
618,[Ce+3].[Ce+3].[O-]C([O-])=O.[O-]C([O-])=O.[O-]C([O-])=O,-5.0664023631
619,CCCCC(CC)COC(C)=O,-4.6451400046
620,CCCCCCCCC(C)C#N,-4.6324209502
621,CCN1C(=O)C(=N/Nc2ccc(Cl)cc2[N+]([O-])=O)/C(=C(C#N)C1=O)C,-4.96733793
622,CC(C)CCCC=C,-4.458990177
623,ClCCc1cc2CC(=O)Nc2cc1Cl,-4.7775740697
624,CCCCOCCOC(=O)CCCCC(=O)OCCOCCCC,-4.9587331394
625,CC(c1ccccc1)c2ccccc2,-4.6925039386
626,Cc1ccccc1Cc2ccccc2,-4.6925039386
627,[Nd+3].[Nd+3].[O-]C([O-])=O.[O-]C([O-])=O.[O-]C([O-])=O,-5.1084204387
628,CC(=O)O[C@@]1(CC[C@H]2[C@@H]3CCC4=CC(=O)CC[C@@H]4[C@H]3CC[C@]12C)C(C)=O,-4.9957539374
629,OC(=O)c1cc(Nc2ccccc2)c(cc1Nc3ccccc3)C(O)=O,-4.9857232877
630,O=C(OCc1ccccc1)/C=C/c2ccccc2,-4.8207960263
631,O=C1N=C(NC(=N1)c2ccccc2)c3ccccc3,-5.4935852535
632,[O--].[O--].[O--].[Gd+3].[Gd+3],-5.0152363724
633,CC(C)C(=O)OC(C)(CCC=C(C)C)C=C,-4.8105849842
634,Cc1cc(C)c(c(C)c1)C(=O)[P](=O)(c2ccccc2)c3ccccc3,-5.010576791
635,CCCCC(CC)C(=O)OCC(C)(C)COC(=O)C(CC)CCCC,-5.0206378696
636,[O--].[O--].[O--].[O--].[O--].[Ti+4].[Zr+4].[Pb++],-5.0982221528
637,CCOC(=O)C1C(C=C(C)C)C1(C)C,-4.7652682741
638,NC(=O)c1ccc(NC(=O)c2ccc(cc2)[N+]([O-])=O)cc1,-4.9367254155
639,CC(=O)c1cc(cc2c1CCC2(C)C)C(C)(C)C,-4.8708662082
640,COc1cc(N[S](=O)(=O)c2ccc(C)cc2)c3C(=O)c4ccccc4C(=O)c3c1N,-5.1125700507
641,[H+].[Mn++].Cc1cc(c(cc1Cl)N=Nc2c([O-])c(cc3ccccc23)C([O-])=O)[S]([O-])(=O)=O,-5.1704010781
642,Cc1ccc(Nc2cc(C(O)=O)c(Nc3ccc(C)cc3)cc2C(O)=O)cc1,-5.0705134819
643,COc1cc(NC(=O)c2cc3ccccc3cc2O)c(OC)cc1Cl,-5.0622701458
644,CCCCC(CC)COC(=O)C(C)=C,-4.8059741607
645,CCCCC(CC)CCl,-4.6808820955
646,NC(=O)c1ccc(NC(=O)c2ccc(N)cc2)cc1,-4.9156499936
647,C.CCCCCCCCCCCCO,-4.8148101896
648,C=CC(=O)OCCCCCCCCCCOC(=O)C=C,-4.9608754545
649,C[C@H]1CC(=O)C[C@@H]2CC[C@H]3[C@@H]4CC[C@H](O)[C@@]4(C)CC[C@@H]3[C@@]12C,-5.0064289581
650,CC1(C)CC2(CC(C)(C)N1)OC3(CCCCCCCCCCC3)NC2=O,-5.0846644385
651,CCC(C)(C)c1ccc(O)c(c1)C(C)(C)CC,-4.892804854
652,CCCCC(CC)COC(=O)CS[Sn](C)(SCC(=O)OCC(CC)CCCC)SCC(=O)OCC(CC)CCCC,-5.3942922935
653,ClC(=O)OCCOCCOC(Cl)=O,-4.8865490032
654,[Lu+3].[Lu+3].[O-]C(=O)C([O-])=O.[O-]C(=O)C([O-])=O.[O-]C(=O)C([O-])=O,-5.3110386285
655,OCc1cccc(Oc2ccccc2)c1,-2.8258731416
656,O=C1CCCCCCCCCCCN1,-2.8195043204
657,COC(=O)\C=C\c1ccccc1,-2.7343475301
658,CSc1cc(SC)c(N)c(C)c1N,-2.8569254583
659,COc1ccc(\C=C\C)cc1OC,-2.7782267945
660,Cc1ccc2cccc(O)c2n1,-1.7306186153
661,[Co++].CCC1CCC(CCC([O-])=O)C1.CCC2CCC(CCC([O-])=O)C2,-3.1323831914
662,CC(C)(COCCCOC(=O)C=C)COCCCOC(=O)C=C,-3.0495421403
663,CCCCCOC=O,-1.6020599913
664,COC(=O)c1cccc(c1)C(=O)OC,-2.825819918
665,C=Cc1ccccc1,-2.5552696161000004
666,CCCCCCOC(=O)C(C)=C,-3.7554210341
667,Clc1cc(Cl)c(Cl)nc1Cl,-3.8614246907
668,Nc1scc(n1)c2ccc3ccccc3c2,-4.849542252
669,CCCCCC(CO)Cc1ccccc1,-3.8432685623
670,CCCCCCCCCC=O,-3.7255255026
671,CC(=O)OC/C=C(C)/CCC=C(C)C,-3.8305001771
672,CC(CC/C=C(C)/CCC=O)C=C,-3.7935760497
673,COC(=O)C(F)(F)F,-0.6479837034
674,CCOc1cc(C=O)ccc1O,-1.7642022678
675,CC(=O)CCc1ccccc1,-1.7160179957
676,COc1cc(NC(=O)CC(C)=O)c(OC)cc1Cl,-2.9792447784
677,CC(=O)OC\C=C\c1ccccc1,-2.7927245342
678,CC(=O)Oc1ccc(cc1C2C(=O)Oc3ccc(cc23)C(C)(C)CC(C)(C)C)C(C)(C)CC(C)(C)C,-6.6925825623
679,CCCCC(CC)COC(=O)Nc1ccc(C)c(NC(=O)OCCN(C)C)c1.CC(O)C(O)=O,-0.2351938248
680,CCC(C)CCCC(C)(C)O,-2.7493446847000005
681,[Na+].ClN1C(=O)[N-]C(=O)N(Cl)C1=O,-0.8951600114
682,Nc1cc(ccc1O)[S](O)(=O)=O,-1.8297447369
683,C[C@]12CCC(=O)C=C1CC[C@H]3[C@@H]4CC[C@](O)(C(=O)CO)[C@@]4(C)C[C@H](O)[C@H]23,-3.1121092438
684,CCCCCCCC/C=C/CCCCCCCC(O)=O.NCCO,-3.0888344498
685,CC(CO)CCC1CC=C(C)C1(C)C,-3.8427464064
686,CCCCCCCCCCCC(=O)N(C)C,-3.9093070505
687,CC(C)(C)C1CCC(O)CC1,-3.1032621252
688,CCCCCCCCCCCCCCN(C)C,-3.9356925608
689,CCCCl,-1.4534068203
690,[Zn++].CC(C)CC(C)O[P]([S-])(=S)OC(C)C.CC(C)CC(C)O[P]([S-])(=S)OC(C)C,-2.3189749133
691,[O-][N+](=O)c1cccc(Cl)c1,-2.7612722995
692,CC(=O)c1ccc2ccccc2c1,-2.7964187192
693,[Na+].[Na+].Nc1ccc(N=Nc2ccc(N[S](=O)(=O)c3ccc(cc3)N=Nc4c(O)c5c(N)c(N=Nc6ccc(cc6)[N+]([O-])=O)c(cc5cc4[S]([O-])(=O)=O)[S]([O-])(=O)=O)cc2)c(N)c1,-0.5256786207
694,CC(Cl)CCl,-1.6216647134
695,CCNc1ccccc1,-1.6520779355
696,CC(C)CCOCCC(C)C,-3.7601070667
697,[Na+].CN(c1ccccc1)[S](=O)(=O)C2=CC(=O)C3=C(NNc4ccc(NC(=O)CCl)cc4[S]([O-])(=O)=O)C(=N)C=CC3=C2,-4.3588570696
698,Cc1ccc(Cl)c(Cl)c1,-3.7755457257
699,COc1cc(c(OC)cc1N)[S](=O)(=O)Nc2ccccc2,-4.0576928644
700,CC(=O)CC(c1ccccc1)C2=C(O)Oc3ccccc3C2=O,-3.0625087471
701,[H+].[Cl-].CC1=CC(C=CC1=N)=C(c2ccc(N)cc2)c3ccc(N)cc3,-2.1054831912
702,CC(C)CO[P](=O)(OCC(C)C)OCC(C)C,-3.0021546468
703,COC(=O)c1ccccc1C,-1.7566476759
704,CC(C)=C,-2.3290690398
705,CC(=O)OC[C@@H](OC(C)=O)C=C,-0.8176814122
706,Nc1cccc(O)c1,-0.6229628479
707,CCCc1nc(C)c2n1NC(=NC2=O)c3cc(ccc3OCC)[S](=O)(=O)N4CCN(CC)CC4,-4.8438678664
708,CCCCCCCC/C=C/CCCCCCCC(=O)NCCCN(C)C,-4.1492593891
709,Cc1c(Cl)cccc1Cl,-3.7919361419
710,O=C1CCCCCCCCCCC1,-3.8458299965
711,CC(C)=CCCC(C)(O)C#C,-1.7720804309
712,Cc1ccc(cc1[N+]([O-])=O)C(O)=O,-2.8480980227
713,COc1ccc(cc1N)[S](O)(=O)=O,-0.8997243446
714,Oc1ccc(cc1O)C(=O)c2ccccc2,-2.9226200497000003
715,CCN(CCO)c1ccc(cc1)N=Nc2sc3cc(OC)ccc3[n+]2C.CC([O-])=O,-0.2262726911
716,CCCC1C[C@](C)(CCO1)OC(C)=O.CCCC2C[C@@](C)(CCO2)OC(C)=O,-2.2047232328
717,CCCCC(CC)CN,-1.7134804626
718,Cc1ccc(N)cc1Cl,-1.7531263116999998
719,Oc1ccc(c(O)c1)C2=C(O)C(=O)c3c(O)cc(O)cc3O2,-3.0824090581
720,CC(c1ccc(O)cc1)(c2ccc(O)cc2)c3ccc(O)cc3,-4.086559757
721,Cc1ccc(Cl)cc1Cl,-3.8089694812
722,COC1OC(CO[S](=O)(=O)c2ccc(C)cc2)C3OC(C)(C)OC13,-4.1564425332
723,COc1ccccc1C,-2.6890833932
724,OC(=O)Cc1ccc(Cl)cc1Cl,-2.9191416399000003
725,CC(C)(c1ccc(O)cc1)c2ccc(O)cc2.ClCC3CO3,-5.0291347649
726,[Zr+4].CCC([O-])=O,-2.8232791914
727,Clc1ccc(cc1)C#N,-2.749354496
728,[O-][N+](=O)c1ccc(Cl)cc1,-2.8118286729000004
729,CC(C)c1ccc(C=O)cc1,-2.7852565821
730,CC(=C)C(=O)OCCCCOC(=O)C(C)=C,-2.969024542
731,CCC(=O)c1cccc(Cl)c1,-1.8467055699
732,C1OC1COc2ccccc2,-1.7963921827
733,OC(=O)CCCCCCCC(O)=O,-1.8944614494
734,O=C1CCCCCCCCCCOCCCCO1,-4.0179591997
735,CC(C)CCCC(C)CC=O,-3.8064830067
736,S=C(Nc1ccccc1)Nc2ccccc2,-3.9716884266
737,C[C@]12CC[C@H]3[C@@H](CCC4=C3CCC(=O)C4)[C@@H]1CCC2=O,-4.0549767292
738,CCCBr,-1.7107562487
739,COc1ccc(Cl)cc1,-2.779325494
740,C[C@@H]1C[C@H]2[C@@H]3C[C@H](F)C4=CC(=O)C=C[C@]4(C)[C@H]3[C@@H](O)C[C@]2(C)[C@H]1C(=O)CO,-3.2037371554000003
741,[Na+].[O-][S](=O)(=O)c1cccc(c1)N=Nc2ccc(Nc3ccccc3)cc2,-1.2046860906
742,CNC(=O)N(c1ccccc1)c2ccccc2,-2.9839461582
743,Nc1ccccc1c2ccccc2,-2.8611137345
744,ClCCO[P](=O)(OCCCl)OCC(CCl)(CCl)CO[P](=O)(OCCCl)OCCCl,-3.4001753553
745,OC(=O)C1CCC(CC1)C(O)=O,-0.8723707236
746,CCc1cccc2c(CCO)c[nH]c12,-1.9153264103
747,CCOC(C)OC(C)(CCC=C(C)C)C=C,-3.9764017843
748,O=C(c1ccccc1)c2ccccc2,-3.882202908
749,CCCC(=O)OC(C)C1CCCCC1,-3.9207588975
750,CCC1(CC=C2CCCc3cc(OC)ccc23)C(O)CCC1=O,-4.1227687236
751,CCC(C)c1ccccc1,-3.7586078484
752,[Na+].CC(=O)Nc1cccc(Nc2cc(c(N)c3C(=O)c4ccccc4C(=O)c23)[S]([O-])(=O)=O)c1,-4.3079108614
753,CC(=O)OC(C)(C)C1CCC(=CC1)C,-3.931170339
754,CC(C)=CCC\C(C)=C\CCC(C)(O)C=C,-3.9853522661
755,CC(=C)C(=O)OCCCCCCOC(=O)C(C)=C,-4.0436629248
756,Nc1ccc(cc1)C(F)(F)F,-2.8473301434
757,[Cl-].CC[N+](CC)(CC)Cc1ccccc1,-0.0072656636
758,[Na+].[Na+].[O-]C(=O)CCCCCCCCC([O-])=O,-3.0410647254
759,CCCCOCCOCCOC(=O)C(C)=C,-2.0159485066
760,Oc1ccc(cc1)C(c2ccc(O)cc2)(C(F)(F)F)C(F)(F)F,-3.1795029693
761,CC(=O)c1cccc2ccccc12,-2.8846346488
762,CC(C)c1ccc(N)cc1,-1.7858311962
763,COc1ccc(N)cc1,-0.7480293677
764,CCCCCO,-0.6027996358
765,COc1ccc(cc1N)[N+]([O-])=O,-1.8832793564
766,CC(=C)C(=O)OCC=C,-1.7584817871
767,FC(F)(I)C(F)(F)C(F)(F)C(F)(F)I,-3.314476262
768,CC(C)(C)c1cc(CO)cc(c1O)C(C)(C)C,-4.0127821042
769,CC(C)CCOCCc1ccccc1,-3.9337357827
770,Oc1ccc2ccccc2c1C=O,-3.8935675896
771,Nc1nc(N)c(N=O)c(N)n1,-3.8454729507
772,ClC\C=C/Cl,-1.706753006
773,CNC(=O)c1cc(Oc2ccc(NC(=O)Nc3ccc(Cl)c(c3)C(F)(F)F)cc2)ccn1,-6.6672950838
774,COCc1ccc(O)c(OC)c1,-1.8934476814
775,CCCCCC1COCCC1OC(C)=O,-2.9987958883
776,Nc1ccc(N=Nc2ccccc2)c(N)c1,-2.9976655605
777,COc1ccc(O)c(c1)C(C)(C)C,-2.9274884417
778,C1CC(CCN1)N2CCOCC2,-2.9027228224
779,CCO[Si](CC(C)C)(OCC)OCC,-3.016846171
780,Oc1cc(C=O)cc(c1O)[N+]([O-])=O,-1.937833911
781,CCOC(=O)C(C)(C)c1ccccc1,-3.045838317
782,Cc1ccc(N)c(c1)[N+]([O-])=O,-1.860061225
783,S=C=S,-1.5594220963
784,COC(=O)c1ccccc1,-1.8117983509
785,CCCCCCCC(OC)OC,-2.9180054187
786,C1CNCCNCCNCCN1,-0.0310204156
787,C=CCCCCCCCCC=O,-3.8931862
788,COC(=O)CCCCCCCCC(=O)OC1CC(C)(C)N(C)C(C)(C)C1.CN2C(C)(C)CC(CC2(C)C)OC(=O)CCCCCCCCC(=O)OC3CC(C)(C)N(C)C(C)(C)C3,-4.6112212345
789,CC(C)Cc1ccc(cc1)C(C)C(O)=O,-3.992248354700001
790,[Na+].[O-][Cl](=O)(=O)=O,-1.7665284956
791,CCNc1nc(NC(C)C)nc(SC)n1,-3.0470399572000004
792,COc1cccc(c1)C(C)=O,-1.8691073865
793,[nH]1cnc2ccccc12,-1.769197233
794,O=C1NC(=O)NC(=O)N1,-1.8076460763
795,ClCCCN1C(=O)Nc2ccccc12,-3.0203942687
796,Clc1ccccn1,-0.7541456686
797,Oc1cc(Cl)ccc1Cl,-1.9111656018
798,[Na+].[Na+].[Cu++].[Cu++].N[S](=O)(=O)c1ccc([O-])c(c1)N=Nc2c([O-])c3ccc(Nc4ccc5c([O-])c(N=Nc6cc(ccc6[O-])[S](N)(=O)=O)c(cc5c4)[S]([O-])(=O)=O)cc3cc2[S]([O-])(=O)=O,-2.7104892768
799,CCCCC(CC)COC(=O)CCCCCCCCC(=O)OCC(CC)CCCC,-3.3290743264
800,[H+].[Cl-].CCN(CC)CCNC(=O)c1cc(Cl)c(N)cc1OC,-3.2256490876
801,[As],-2.5735793664
802,C[C@]12CCC(=O)C=C1CC[C@@H]3[C@@H]2CC[C@@]4(C)[C@H]3CC[C@@]45CCC(=O)O5,-4.2250037793
803,CCC(COC(=O)C(C)=C)(COC(=O)C(C)=C)COC(=O)C(C)=C,-4.2262342969
804,CC(C)c1ccc(O)cc1C,-2.854511354
805,COC1CC(C)CCC1C(C)C,-3.9301744515
806,[Na+].[Na+].[O-]C(=O)c1ccccc1C2=C3C=C(Br)C(=O)C=C3Oc4c2cc(Br)c([O-])c4C5=CC=C[Hg]5,-4.5936830655000005
807,CC1=CCC2C(C1)C2(C)C,-4.6704052705
808,O=C1CCCCCCCCCC\C=C/CC1,-4.8831871131
809,O=[Zn],-4.448167714599999
810,Cc1ccccc1Oc2ccccc2C,-4.8439277143
811,CC(C)c1cccc2ccccc12,-4.7823935551
812,CCC(Cc1ccc(C)cc1)(N(C)C)C(=O)c2ccc(cc2)N3CCOCC3,-5.1332331523
813,COc1ccc(cc1[N+]([O-])=O)C(=O)Nc2ccccc2,-4.9878258088
814,[O--].[O--].[O--].[Sb+3].[Sb+3],-5.0237548039
815,Nc1nc(N)nc(N)n1.O=C2NC(=O)NC(=O)N2,-4.9755135023
816,[Zn++].[Zn++].[Zn++].[O-][P]([O-])([O-])=O.[O-][P]([O-])([O-])=O,-5.1553472856
817,[O-][N+](=O)c1ccccc1c2ccc(Cl)cc2,-4.9372094561
818,CC1CC2=C(CC1(C)C(C)=O)C(C)(C)CCC2,-4.9417913147000005
819,[Mo].CCCCC(CC)C([O-])=O,-3.4351686053
820,Nc1cc(Cl)ccc1Oc2ccc(Cl)cc2Cl,-5.0452642864
821,CCCCCCOC(=O)CCCCC(=O)OCCCCCC,-5.082600348500001
822,CCCCC(CC)COC(=O)CS[Sn](CCCC)(CCCC)SCC(=O)OCC(CC)CCCC,-5.3942867121
823,[Sr++].Cc1c(Cl)cc(cc1[S](O)(=O)=O)N=Nc2c([O-])c(cc3ccccc23)C([O-])=O,-5.3065828462
824,CC1CCC(CC2=C1CCC2C)C(C)(C)OC(C)=O,-5.022602512200001
825,CCCCC(CC)CCCCCC(C)CCCC(O)=O,-5.0561178371
826,CC(C)CCCC(C)CCCC(C)(O)C#C,-4.953059618999999
827,[Gd],-4.7986506454
828,FC(F)=C(F)OC(F)(F)C(F)(F)F,-4.9542967929
829,CC(=C)CC(C)(C)C,-4.688326948
830,CC(=C)CC(C)(C)C.N(c1ccccc1)c2ccccc2,-5.0876626154
831,[Na+].[Mg++].[Al+3].[O-][Si]([O-])=O.[O-][Si]([O-])=O.[O-][Si]([O-])=O,-5.1305146868
832,CC(C)(C)OOC(C)(C)C#CC(C)(C)OOC(C)(C)C,-5.1145685291000005
833,CCCCCCC(CCCC)C(O)=O,-4.959305966700001
834,CCCCC(CC)COC(=O)c1ccc(N)cc1,-5.0543936585
835,[Ca++].CCCCCCC(O)CCCCCCCCCCC([O-])=O.CCCCCCC(O)CCCCCCCCCCC([O-])=O,-5.463097207000001
836,[Ca++].CCCCCCCCCCCCCCCCCC([O-])=O.CCCCCCCCCCCCCCCCCC([O-])=O,-5.440787474
837,CCCCOC(=O)CCC(C)(OOC(C)(C)C)OOC(C)(C)C,-5.1898813447
838,ClC1=C(Cl)C(=O)c2ccccc2C1=O,-5.0237764060000005
839,CC1=CCC2CC1C2(C)C.CC3(C)OC4(C)CCC3CC4.CC5(C)C6CCC(C6)C5=C.CC7(C)C8CCC7(C)C(=O)C8,-5.4383706051
840,[Na+].COc1ccccc1NC(=O)c2cc3ccccc3cc2[O-],-5.1765101856
841,O=[Cd],-4.7863829333
842,Clc1ccccc1C(Cl)(Cl)Cl,-5.0439330965
843,CCCCCCCCCCOC(C)=O,-4.9857583021
844,CN(CCOC(=O)C=C)[S](=O)(=O)C(F)(F)C(F)(F)C(F)(F)C(F)(F)F,-5.3087460931
845,CCCCC(C#N)c1ccccc1,-3.6623544532
846,FC(F)(F)C(Cl)(Cl)Cl,-4.3331923932
847,CC(C)CCCCCCCCCCO,-5.0007940326
848,CCOc1ccccc1NC(=O)c2cc3ccccc3cc2O,-5.1866018088
849,[CaH2].O=[Zr],-4.8730792601
850,CC(C)OC(=O)CCCCCCCCC(=O)OC(C)C,-5.1559612143
851,CCCCCCOC(=O)c1ccccc1O,-5.0458782076
852,CCCCCCC(O)CCCCCCCCCCCO,-5.1560946306
853,ClC1=C(Cl)C(=O)C(=C(Cl)C1=O)Cl,-5.0896861436
854,[K+].CCCCCCCCCCCCCCCCO[P](O)([O-])=O,-3.2602593536
855,CCN(CCCl)c1ccc(C=O)cc1,-3.0334483747000003
856,CCC(=O)OCCC(C)C,-2.8700736410000003
857,CC(=C)[C@@H]1C[C@@H](CC[C@@]1(C)C=C)C(C)(C)O,-3.0592783722
858,[OH-].[Cr+3].CCCCC(CC)COCCCN.CC(=O)\C(=N/Nc1cc(cc(c1[O-])[S]([O-])(=O)=O)[N+]([O-])=O)C(=O)[N-]c2ccccc2.[H+],-3.5425873869
859,CCCCCC(O)C=C,-1.8219317146
860,FC(F)=C(F)C(F)(F)F,-2.8887982833
861,CC[C@]12CC[C@H]3[C@@H](CCc4cc(OC)ccc34)[C@@H]1CC[C@@H]2O,-4.875700653
862,CC(C)(C1CCC(O)CC1)C2CCC(O)CC2,-3.0976097488
863,COCCOCCO[Si](CCCOCC1CO1)(OCCOCCOC)OCCOCCOC,1.5823133383
864,[Na+].[Na+].[O-][S](=O)(=O)c1ccc(N\N=C2\C(=O)C=Cc3cc(ccc23)[S]([O-])(=O)=O)cc1,-1.3767469152
865,CC(F)(F)Cl,-1.7233908536000002
866,COC(=O)c1cc(cc(c1)[N+]([O-])=O)C(O)=O,-2.0737299237
867,FCF,-1.4374417919999998
868,CC(CN\C=C/1C=CC=CC1=O)N\C=C/2C=CC=CC2=O,-3.172023424
869,[Mg++].CCCCCCCCCc1cc2ccccc2c(c1CCCCCCCCC)[S]([O-])(=O)=O.CCCCCCCCCc3cc4ccccc4c(c3CCCCCCCCC)[S]([O-])(=O)=O,-4.6744729174
870,CC(C)Oc1ccc(cc1)[S](=O)(=O)c2ccc(O)cc2,-4.1714457851
871,C[Si](C)(C)C,-3.6533405182
872,Clc1cc(c(Cl)cc1c2[nH]c3ccc4C(=O)c5ccccc5C(=O)c4c3n2)c6[nH]c7ccc8C(=O)c9ccccc9C(=O)c8c7n6,-4.524775941100001
873,CC(CCOC(C)=O)CC(C)(C)C,-3.9891678317
874,ClC(=O)c1ccc(cc1)C(Cl)=O,-4.0287937791
875,CC(=C)C(=O)OCC1CCCO1,-0.9524550039
876,C[C@]12CC[C@H]3[C@@H](CCC4=CC(=O)CC[C@H]34)[C@@H]1CCC2=O,-3.1565006621
877,CC(=C)C(=O)OCc1ccccc1,-2.9682045412
878,CCOC(=O)OCC,-0.7982097075
879,C/C=C/C(=O)C1=C(C)C=CCC1(C)C,-3.0052489876
880,[O-][N+](=O)c1ccc(Cl)cc1Cl,-3.0091456414
881,CC(=C)[C@H]1CC=C(C)C(=O)C1,-1.9026536597
882,CCCCCCCC[P](O)(O)=O,-3.0148095518
883,C[C@]12CCC(=O)C=C1CC[C@@H]3[C@@H]2CC[C@@]4(C)[C@H]3C(O)CC4=O,-2.2130969417
884,COc1cc(Cl)c(OC)cc1N,-3.0061212915
885,[Pb],-3.0492180227
886,CCCC(=O)OCCC(C)C,-2.9328521233
887,O[S](=O)(=O)CCCNC1CCCCC1,-3.0802067631
888,CCCCC/C(C=O)=C/c1ccccc1,-3.0466584175
889,ClCCCBr,-1.9401514115
890,OC(O)C(Cl)(Cl)Cl,1.0371672978
891,[Na+].[Na+].COc1cc(c(C)cc1N\N=C2\C(=O)C=Cc3cc(ccc23)[S]([O-])(=O)=O)[S]([O-])(=O)=O,-0.4405855136
892,OC(=O)c1cc(O)cc(c1)C(O)=O,-2.005111367
893,[Na+].[Na+].[O-][S](=O)(=O)c1cc(Nc2nc(Nc3ccccc3)nc(n2)N4CCOCC4)ccc1/C=C/c5ccc(Nc6nc(Nc7ccccc7)nc(n6)N8CCOCC8)cc5[S]([O-])(=O)=O,-2.710838239
894,CC(C)OC(=O)CCCCC(=O)OC(C)C,-3.1070289759
895,CCCCCC1(C)CCC(C)(C)C1=O,-4.0165337106
896,OC1CCCCCCCCCCC1,-3.9891177261
897,OCCC(F)(F)C(F)(F)C(F)(F)C(F)(F)C(F)(F)C(F)(F)F,-4.2870640225
898,CC1(C)CNCC(C)(C)C1OC(=O)CCCCCCCCC(=O)OC2C(C)(C)CNCC2(C)C,-4.4077469895
899,CC(CCCC(C)(C)OC(C)=O)C=C,-4.0301641261
900,CC(C)COC(=O)C1CCCCC1C(=O)OCC(C)C,-4.1912351395
901,CC1CC(CC(C)(C)C1)OC(=O)C=C,-4.0304470853
902,O=C(C1CCCCC1)c2ccccc2,-4.014709734599999
903,ClCC(CCl)O[P](=O)(OC(CCl)CCl)OC(CCl)CCl,-4.3767049743
904,Clc1cccc(Cl)c1Cl,-4.003482074
905,[Ca++].CC(=O)C(N=Nc1ccc(cc1[N+]([O-])=O)[S]([O-])(=O)=O)C(=O)Nc2ccccc2.CC(=O)C(N=Nc3ccc(cc3[N+]([O-])=O)[S]([O-])(=O)=O)C(=O)Nc4ccccc4,-4.6745621224
906,COC(=O)c1c(C)cc(O)c(C)c1O,-4.037430925
907,[Na+].[I-],1.0777960404
908,[H+].[H+].[Cl-].[Cl-].Nc1ccc(cc1Cl)c2ccc(N)c(Cl)c2,-3.2628695302
909,CC(C)C1(O)CCC(=CC1)C,-1.9409970697
910,F[B-](F)(F)F.F[B-](F)(F)F.F[N+]12CC[N+](CCl)(CC1)CC2,-0.3038119023
911,COc1ccc(OC)c(c1)[N+]([O-])=O,-3.0173250803
912,CCCCNC(=O)OCC#CI,-3.2033373628
913,[O-][N+](=O)C1=NC(=O)NN1,-0.8786253202
914,Cc1cc2NC(=O)Nc2cc1N,-1.9771384819
915,CC(C)(C)OOC(C)(C)C,-2.9320403696
916,CCOC(=O)\C=C\c1ccccc1,-3.0130467638
917,[Na+].Cc1ccc(Nc2ccc(O)c3C(=O)c4ccccc4C(=O)c23)c(c1)[S]([O-])(=O)=O,-2.4023932811
918,O=C1NSc2ccccc12,-1.9472895459
919,CSc1ccc(cc1)C(=O)C(C)(C)N2CCOCC2,-4.1933811426
920,CC1(C)C2CCC3(C2)C1C(=O)CCC3(C)C,-4.0976122125
921,CCCCC(CC)C(=O)OOC(C)(C)CC,-4.116871778
922,COC1(CCCCCCCCCCC1)OC,-4.125654351600001
923,S=C1NN=C(SSC2=NNC(=S)S2)S1,-3.2522133148
924,CCCCCCCC(C)=O,-2.9303113789
925,Cc1ccc(cc1[N+]([O-])=O)[N+]([O-])=O,-3.040285322
926,[Zn++].CC(C)CO[P]([S-])(=S)OCC(C)C.CC(C)CO[P]([S-])(=S)OCC(C)C,-2.5192483347
927,OCCCNc1ccc(O)cc1[N+]([O-])=O,-2.1105897103
928,CCCCCC1CC(=O)C=C(C)C1C(=O)OCC,-3.187166345
929,[Cl-].C[N+](C)(C)c1ccc2C=CC(=O)C(=N/Nc3ccc(N)c(c3)[N+]([O-])=O)\c2c1,-1.3972424196000002
930,Cc1ccccc1C,-2.8191677601
931,Cc1ccc(C)cc1,-2.8191677601
932,O=C1NC(=O)C2=C1CCCC2,-1.974517726
933,CC(C)C(=O)OCCc1ccccc1,-3.0797644375
934,CC(=O)/C=C/C1=C(C)CCCC1(C)C,-3.0798638184
935,CCCCCCCCCCN(C)C,-4.0452878346
936,CCOC(=O)CCS[P](=S)(OC(C)C)OC(C)C,-4.2747784981
937,O=CCC\C=C1/CC2CC1C3CCCC23,-4.090187912699999
938,CCCCCCC(C)(C)S,-3.9901601094
939,CC(CCOC=O)CCC=C(C)C,-4.0559608323
940,CCCS[P](=O)(OCC)Oc1ccc(Br)cc1Cl,-4.365622838
941,[Zn++].CCCCCCCCCc1cc2ccccc2c(c1CCCCCCCCC)[S]([O-])(=O)=O.CCCCCCCCCc3cc4ccccc4c(c3CCCCCCCCC)[S]([O-])(=O)=O,-4.7884242194
942,CCCCCCCCC(C)C=O,-4.0270844645
943,COC(=O)C1CC(=O)C(CC1=O)C(=O)OC,-4.1541956574
944,CC1CO1.CC(C)(c2ccc(O)cc2)c3ccc(O)cc3.ClCC4CO4,-4.3744000378
945,[Zn++].[O-][Se]([O-])=O,-4.0799654344
946,CN1COCN=C1N[N+]([O-])=O,-1.0022923277
947,OCC1OC(C(O)C1O)n2cnc3C(=O)N=CNc23,-1.2298486435
948,Cc1ccc(C)c(O)c1C,-1.9355008883
949,Cc1cccc(C)c1,-2.8328690378
950,CCCCCCCC(=O)NCC(O)=O,-2.1115375925
951,CC(=O)OC1C(C)(C)C2CCC1(C)C2,-3.8745968837
952,O=[Si]=O,-3.6026675784
953,OC(=O)[C@@H](NC(=O)OCc1ccccc1)C2CCCCC2,-3.2854336032
954,CC1=C(/C=C/C(C)(O)C=C)C(C)(C)CCC1,-3.164147933
955,CCCCCC#CC(=O)OC,-3.0091327736
956,[Mn++].[O-]P=O.[O-]P=O,-0.0813040923
957,Cc1cccc(c1C)[N+]([O-])=O,-3.0033599893000003
958,Oc1ccccc1C(=O)Oc2ccccc2,-3.1547687559
959,CC(CCOC(C)=O)CCC=C(C)C,-4.095938730199999
960,FC(F)(F)C(F)(F)C(F)(F)C(F)(F)C=C,-4.1979376007
961,O=C(Cc1ccccc1)OCCc2ccccc2,-4.1887477927
962,CCC(COCC(CC)(COC(=O)C=C)COC(=O)C=C)(COC(=O)C=C)COC(=O)C=C,-4.4927855243
963,C=CC(=O)OCCN1C(=O)N(CCOC(=O)C=C)C(=O)N(CCOC(=O)C=C)C1=O,-2.4514194624
964,CCCCCCCC(O)=O.OCC(O)CO,-3.2000007811
965,CC(C)c1ccc(cc1)C#N,-2.9887953027
966,C=CCOC(=O)c1ccccc1C(=O)OCC=C,-3.2211356868000003
967,NC(Nc1ccccc1)=Nc2ccccc2,-2.1575163863
968,CC(C)(C)S,-1.7878458675
969,CC1CC(O)CC(C)(C)C1,-1.9916598479
970,CN(C)c1ccccc1,-1.9220736974
971,COc1cc(c(OC)cc1Cl)[N+]([O-])=O,-3.1793123652999995
972,[K+].[I-],0.935222717
973,[H+].[H+].[Cl-].[Cl-].CCCCCCCCN=C1C=CN(CCCCCCCCCCN2C=CC(C=C2)=NCCCCCCCC)C=C1,-1.6427862658
974,O=C/C=C/c1ccccc1,-1.9688182578
975,CN(CCO)[S](=O)(=O)C(F)(F)C(F)(F)C(F)(F)C(F)(F)F,-3.4036850425
976,CC12CCCC(C)(CC1)C2=NO,-3.0741522071
977,CC(=O)Nc1ccc(O)cc1,-1.0333232127
978,[Fe++].[O-]C(=O)\C=C/C([O-])=O,-2.0840678994
979,C/C=C/C(=O)C1C(=CCCC1(C)C)C,-3.1378557654000003
980,Cc1cc(ccc1N)[N+]([O-])=O,-3.0361524841
981,CCCCCCCCCO,-3.0130118711
982,CCCOC(=O)C1CCCCC1C(=O)OCCC,-3.2626917327
983,Cc1ccc2nc(sc2c1[S](O)(=O)=O)c3ccc(N)cc3,-4.3324994616
984,O=C1CCCCCCCCCCCC(=O)OCCO1,-4.2616951793
985,Oc1cc(Cl)ccc1Oc2ccc(Cl)cc2,-4.2393931239
986,CC(C)=CC\C=C(/C)C=C,-3.9729302572
987,CC(CC(=O)OOC(C)(C)C)CC(C)(C)C,-4.2100961015
988,Nc1nc(N)nc(Nc2nc(N)nc(N)n2)n1,-4.2253369782
989,CCCCOC(=O)CSCSCC(=O)OCCCC,-4.3430778582
990,COC(=O)C1CC2(CCC1(C)C=C2)C(C)C,-4.2008661255
991,CC1CCCCC1,-3.8459348013
992,CC(C)(OO)c1ccccc1,-1.0393798776
993,O=C(OCC1CCC2OC2C1)C3CCC4OC4C3,-1.2604846902
994,COC(=O)OC,0.1852603514
995,CC(=C)C(=O)OC1CCCCC1,-3.0885648226
996,CCC(=O)OCCc1ccccc1,-3.1174443354
997,CCCC(=O)OCc1ccccc1,-3.1174443354
998,CC(=O)Nc1ccc(N)c(c1)[S](O)(=O)=O,-1.2318564393
999,NO[S](O)(=O)=O,0.0752827195
1000,CC/C=C/CCOC(=O)OC,-3.0698306477
1001,C1CC2CC1C=C2,-2.8477212054
1002,Cc1ccc(c(C)c1)[N+]([O-])=O,-3.0555996074
1003,OC(=O)CSc1sc2ccccc2n1,-3.2288979848
1004,CC(C)(C)c1ccc(CCC=O)cc1,-3.1588329057
1005,OC(=O)c1cc(cc(c1)[N+]([O-])=O)[N+]([O-])=O,-2.2076497234
1006,CC1(C)CC(CC(C)(C)N1)N(CCCCCCN(C=O)C2CC(C)(C)NC(C)(C)C2)C=O,-1.5399557687999998
1007,NNC(N)=S,-0.8457609068
1008,CCCCC(CC)C1OCCO1,-3.1195968677
1009,CCC(C)(C)OOC(C)(C)CC,-4.1004353388
1010,CCC(=O)/C=C/C1=C(C)CCCC1(C)C,-4.187455475
1011,CC(C)C(OC(=O)C(C)C)C(C)(C)COC(=O)C(C)C,-4.333139569
1012,CCC(=O)OC1CCC(CC1)C(C)C,-4.1734842136
1013,CCCCCCCC[Si](OC)(OC)OC,-4.2461281993
1014,CCC1(C)OOC(C)(CC)OOC(C)(CC)OO1,-4.3048554438
1015,O[C@]12COC(O[C@@H]1[C@H]3OC(OC[C@H]3O2)c4ccccc4)c5ccccc5,-4.4379626594
1016,CCOC(=O)C1=NN(C(=O)C1)c2ccccc2,-3.2553454425
1017,C=CCCCCCC=O,-1.9972521926
1018,OC(=O)C(c1ccccc1)c2ccccc2,-3.2230398856
1019,CC(C)OC(Cl)=O,-0.9882911293
1020,[Na+].Oc1ccccc1C([O-])=O,-0.1074921693999999
1021,CC(=O)OC(=C)c1ccccc1,-2.1135953878
1022,CCOC(=O)CC1(C)OCC(C)O1,-2.1798872233
1023,Clc1cccc(Cl)c1,-3.0721598007
1024,Cc1ccccc1CCO,-1.042878011
1025,Oc1ccc(Cl)c(O)c1,-1.070567643
1026,CC1(C)C2CC(O)C(=C)C1C2,-2.09612479
1027,CC(C)C1CCC(O)CC1,-2.0680942751
1028,[O-][N+](=O)c1ccc(Cl)c(Cl)c1,-3.2005181203
1029,[Na+].[Na+].CC1=NN(C(=O)C1N=Nc2ccc(cc2)[S]([O-])(=O)=O)c3cc(Cl)c(cc3Cl)[S]([O-])(=O)=O,-0.6605427703
1030,N.[Fe+3].OC(CC([O-])=O)(CC([O-])=O)C([O-])=O,0.6609213970000001
1031,[Na+].[Na+].Nc1ccc(cc1[S]([O-])(=O)=O)N=Nc2ccc(cc2)[S]([O-])(=O)=O,-0.5243236254
1032,C=CC(=O)OCCCOCC(COCCCOC(=O)C=C)OCCCOC(=O)C=C,-2.5527472821
1033,CC(=O)Nc1ccc(cc1)[S](=O)(=O)CCO,-2.3069323017
1034,C#C,-1.3364263766
1035,CCC(=O)c1ccccc1,-2.0485000681
1036,CC(C)(C)c1ccc(C=O)cc1,-3.1309552762
1037,Nc1ccc2cc(ccc2c1)[S](O)(=O)=O,-3.2696160575
1038,CCC(=O)CCC1C(=CCCC1(C)C)C.OCC#C,-4.3219056885
1039,CCCCC(CC)CO[N+]([O-])=O,-4.1466934911
1040,CCOC1CC(C)CC(C)(C)C1,-4.1342944341
1041,CC(C)CCCCCOC(=O)C=C,-4.1706554665
1042,O=C1N(SC2CCCCC2)C(=O)c3ccccc13,-4.3237941723
1043,Cc1cc(C)c(c(C)c1Nc2ccc(Nc3c(C)cc(C)c(c3C)[S](=O)(=O)NC4CCCCC4)c5C(=O)c6ccccc6C(=O)c25)[S](=O)(=O)NC7CCCCC7,-4.8187034651
1044,Cc1cc(c(O)c(C)c1CC#N)C(C)(C)C,-4.2579024627
1045,S=[Cd],-4.080623481
1046,CCO[P](=O)(Cc1cc(c(O)c(c1)C(C)(C)C)C(C)(C)C)OCC,-4.4728088442
1047,[O--].[O--].[O--].[O--].[O--].[O--].[O--].[O--].[O--].[Fe+3].[Fe+3].[Mo].[Mo],-4.5716709895
1048,[Zn++].CC(C)(C)CC(C)(C)CC([O-])=O.CC(C)(C)CC(C)(C)CC([O-])=O,-3.5342880969
1049,CC(CCC=C(C)C)CC#N,-3.104157036
1050,CC(=O)Oc1ccccc1[N+]([O-])=O,-2.1855239105
1051,CCOc1cc(NC(=O)c2ccccc2)c(OCC)cc1N,-2.4057571965
1052,S=C1Nc2ccccc2S1,-3.1515048921
1053,O=C1CCN(N1)c2ccccc2,-1.1448233011
1054,Cc1ccccc1CCl,-3.0813269237
1055,CC(=C)c1ccccc1,-3.0080823215
1056,COc1cc(CC=C)ccc1O,-2.1531779235
1057,[K].CCCCCCCCCCCCCCCCCC.O[P](O)(O)=O,-3.5298030639
1058,[K+].O[Si]([O-])=O,-3.0044671735
1059,O.O.O.O.O.[Na+].[Na+].[O-][Si]([O-])=O,-3.2659206297
1060,Fc1cccc(F)c1,-2.0003579549
1061,[Cd++].[O-]C([O-])=O,-2.1796827894
1062,CC\C=C/CCOC(=O)C(C)C,-3.1741873711
1063,Cc1cc(C)c(c(C)c1Nc2ccc(Nc3c(C)cc(C)c(c3C)[S](O)(=O)=O)c4C(=O)c5ccccc5C(=O)c24)[S](O)(=O)=O.NCCCCCCN,-2.8206093768
1064,CC1C(C)(C)C2=C(C(=O)CCC2)C1(C)C,-3.2653422506
1065,CC(C)(c1ccc(OCCO)cc1)c2ccc(OCCO)cc2,-3.4517905533999995
1066,CC(C)NC(C)C,0.0362422138
1067,C[C@@H]1O[C@@H](O[C@@H]2[C@@H](O)[C@H](O)[C@@H](CO)O[C@H]2Oc3cc(O)c4C(=O)C[C@H](Oc4c3)c5ccc(O)cc5)[C@H](O)[C@H](O)[C@H]1O,-2.7224387153
1068,[Sn++].[O-]C(=O)C([O-])=O,-2.2740087187
1069,[Mg++].[O-]C([O-])=O,-2.8845018574
1070,CC(C)COC(=O)c1ccccc1C(=O)OCC(C)C,-4.3838902648
1071,CC(CCNC(=O)OCCOC(=O)C(C)=C)CC(C)(C)CNC(=O)OCCOC(=O)C(C)=C,-4.619923834
1072,CCC(CC)CC1(CCCCC1)C(O)=O,-4.281694517
1073,CCCCOC(=O)\C=C\C(=O)OCCCC,-4.3135515372
1074,CC(=C)C(=O)OCCOC(=O)C(C)=C,-2.2613132646
1075,[Cl-].C[NH3+],-1.796002246
1076,Cc1cccc(C)c1C.C2Cc3ccccc3C2.C4C=Cc5ccccc45,-3.51623781
1077,Oc1ccc(cc1)C(=O)OCc2ccccc2,-3.3249813225
1078,N#C/C=C/c1ccccc1,-2.0829703418000003
1079,Nc1cccc(c1)[S](=O)(=O)CCO[S](O)(=O)=O,-1.4238808493
1080,CC(=O)/C=C/C1C(=CCCC1(C)C)C,-3.2586779358
1081,CCOC=O,0.1514941879
1082,Nc1cc(ccc1C(O)=O)[S](O)(=O)=O,-1.3156745209
1083,NCCc1ccc(O)cc1,-1.1161078312
1084,[Na+].CN(C1CCCCC1)[S](=O)(=O)c2ccccc2NNC3=C4C(=O)C=C(C=C4C=CC3=N)[S]([O-])(=O)=O,-2.7116859389
1085,CCCCOCCOC(=O)c1ccccc1,-3.3224225356
1086,COc1cc(ccc1N)[N+]([O-])=O,-3.2045127381
1087,S=[Zn],-2.9676237394
1088,OC(=O)CN(CCCN(CC(O)=O)CC(O)=O)CC(O)=O,-1.4690725372
1089,Oc1cc(F)c(F)c(F)c1,-0.1536096917
1090,CCCCCC(O)=O,-1.0522193787
1091,CCCCOC(=O)CC(O)(CC(=O)OCCCC)C(=O)OCCCC,-3.5452709716000004
1092,CC1C=C(C)CCC1COC(C)=O,-3.2503985577
1093,CCCCC(CC)COC(=O)CC#N,-3.2864784846
1094,[Pb++].[O-][S]([O-])(=O)=O.O=[Pb].O=[Pb].O=[Pb],-3.9794501756
1095,CC1(C)S[C@@H]2[C@H](NC(=O)[C@H](N)c3ccccc3)C(=O)N2[C@H]1C(O)=O,-1.5390164423
1096,Nc1ccc(Cc2ccc(N)cc2)cc1,-2.2929334424000003
1097,CCOc1ccc2NC(C)(C)C=C(C)c2c1,-3.332762335
1098,CCCCCCCCC=O,-3.1487064763
1099,NCc1occc1,1.0127047417
1100,OCC(F)(F)F,0.9998306582
1101,C[Si]1O[Si](C)O[Si](C)O[Si](C)O[Si](C)O1,0.5292955703
1102,CCOCCOCCOC(C)=O,0.7539645195999999
1103,CC(=C)O[Si](OC(C)=C)(OC(C)=C)C=C,0.6452233386
1104,OCCCCO,1.0451691789
1105,C[Si]1(C)O[Si](C)(C)O[Si](C)(C)O1,0.652738306
1106,OCC(O)CO,1.0357686635
1107,[Br-].CC[N+](CC)(CC)CC,0.6774520067
1108,[Cl-].CC[N+](CC)(CC)CC,0.7806565243000001
1109,[K+].C[Si](O)(O)[O-],0.8786634333
1110,CC/C(C)=N/O[Si@](C)(O\N=C(C)\CC)O\N=C(C)\CC,-0.4792340167
1111,OO,0.4683422926
1112,[Na+].[Na+].CC1=CC(/C=C(C1=N)[S]([O-])(=O)=O)=C(/c2ccc(N)c(c2)[S](O)(=O)=O)c3ccc(N)c(c3)[S]([O-])(=O)=O,-1.7675632436000002
1113,Cc1ccc(C(O)=O)c(O)c1,-1.1822691023
1114,OC(=O)c1cc(ccc1O)[N+]([O-])=O,-2.2627334080000003
1115,Cc1ccc(cc1C)[N+]([O-])=O,-3.1794512484
1116,ClCc1ccccc1Cl,-3.2069094899
1117,N#CCc1ccccc1,-3.0687460001
1118,Cc1cc(Cc2cc(C)c(O)c(C)c2)cc(C)c1O,-3.4088248510000003
1119,[Na].CCCCCCCCCCCCO[S](=O)(=O)c1ccccc1,-3.543437239
1120,CCCCCCCCCCCCCO,-3.3018240282
1121,[Bi+3].OC(CC([O-])=O)(CC([O-])=O)C([O-])=O,-4.5597626401
1122,CCOC(=O)OC1CCCCC1C(C)(C)C,-4.3211402828
1123,[H+].[Cl-].CN(C)C(=O)C(CCN1CCC(O)(CC1)c2ccc(Cl)cc2)(c3ccccc3)c4ccccc4,-4.6731215617
1124,CCCCCC(=O)OC(=O)CCCCC,-4.296805043
1125,CCCCCCCCCC(C)=O,-4.2018206695
1126,CC(C)(C)OOC(C)(C)c1ccccc1,-4.2909341502
1127,CC(C)CCCCCOC(=O)CS,-4.2850368969
1128,C=CCCCCC=C,-4.0232731502
1129,CC(=O)O[C@@H]1CCCC[C@@H]1C(C)(C)C,-4.2973358545
1130,Oc1cc(Cl)ccc1Oc2ccc(Cl)cc2Cl,-4.4617160697000005
1131,CCCCCCCCCCCCCCCCCC(=O)NCCCN(C)C,-4.5666142382
1132,[Na+].O[S](=O)(=O)c1ccc(cc1)N=Nc2ccc(N\N=C3/C(=O)C=Cc4ccccc34)cc2,-4.65844166
1133,[OH-].[OH-].[Mg++],-4.4691448782
1134,CC(=C)C1CCC(=CC1)C.CC2=CCC3CC2C3(C)C.CC45CCC(CC4)C(C)(C)O5,-5.3356859318000005
1135,CCCCCCCCCCCCO,-4.9847464515
1136,[Cu+].[S-]C#N,-4.8040109101
1137,Nc1ccc(O[P](=S)(Oc2ccc(N)cc2)Oc3ccc(N)cc3)cc1,-5.3094071365
1138,CC(=C)C(=O)OCCOc1ccc(cc1)C(C)(C)c2ccc(OCCOC(=O)C(C)=C)cc2,-5.3792018861
1139,CC1(C)CCC[C@@]2(C)[C@H]1CC[C@@]3(C)OCC[C@H]23,-5.0994877858
1140,CC1(C)CCCC2(C)C1CCC3(C)OCCC23,-5.0994877858
1141,CCCCC\C(=C/c1ccccc1)C(OCC)OCC,-5.1720565184
1142,[La+3].[La+3].[O-]C([O-])=O.[O-]C([O-])=O.[O-]C([O-])=O,-5.3958921156
1143,CC(=O)CC(=O)Nc1ccc(cc1C)c2ccc(NC(=O)CC(C)=O)c(C)c2,-5.3250182341
1144,CC(=O)Nc1ccc(NC(=O)c2cc3ccccc3cc2O)cc1,-5.2503495118
1145,Cc1ccc(Cl)cc1NC(=O)c2cc3ccccc3cc2O,-5.2385590319
1146,[OH-].[OH-].[OH-].[Nd+3],-5.0353430041000005
1147,CC(C)(C)NSc1sc2ccccc2n1,-5.136722389
1148,[Te],-4.875401753
1149,CCCC(=O)OCCC(C)CCC=C(C)C,-5.142612080899999
1150,COc1ccc(NC(=O)c2cc3ccccc3cc2O)cc1,-5.2632246549
1151,CC(c1ccc(OC#N)cc1)c2ccc(OC#N)cc2,-5.2179508887
1152,CCCCCCCC[Sn](Cl)(Cl)CCCCCCCC,-5.4150412012
1153,[O--].[O--].[O--].[Dy+3].[Dy+3],-5.3675853562
1154,CCCCCCCCCCCC=O,-5.0614595476
1155,CCC1(C)Nc2cccc3cccc(N1)c23,-3.2477605654
1156,CCCCC(CC)C(=O)OCCOCCOCCOC(=O)C(CC)CCCC,-5.4201521344
1157,CC(=C)c1ccc(cc1)C(=O)C(C)(C)O.CC(C)(O)C(=O)c2ccc(cc2)C3(C)CC(C)(C)c4cc(ccc34)C(=O)C(C)(C)O.CC(C)(O)C(=O)c5ccc(cc5)C6(C)CC(C)(C)c7ccc(cc67)C(=O)C(C)(C)O,-5.8273288792
1158,Nc1c(ccc2C(=O)c3ccccc3C(=O)c12)c4oc5cc6C(=O)c7ccccc7C(=O)c6cc5n4,-5.4964129822
1159,CCOc1ccc(NC(=O)c2cc3ccccc3cc2O)cc1,-5.311540545400001
1160,COc1cc(OC)c(NC(=O)c2cc3ccccc3cc2O)cc1Cl,-5.3775405806
1161,O=C(Nc1cccc2C(=O)c3c4[nH]c5c(cc(NC(=O)c6ccccc6)c7C(=O)c8ccccc8C(=O)c57)c4ccc3C(=O)c12)c9ccccc9,-5.647161854
1162,COc1ccc(cc1)C(=O)CSc2cccc(OC)c2,-5.284725265
1163,O=C1c2ccccc2C(=O)c3c4Nc5ccc6c7ccccc7C(=O)c8ccc(c4ccc13)c5c68,-5.506567842999999
1164,CC1(C)CO[P](=S)(OC1)O[P]2(=S)OCC(C)(C)CO2,-5.393383394500001
1165,CC(C)C1CCC(=CC1)C,-5.0103439368
1166,OC(=O)CCCCCNc1nc(NCCCCCC(O)=O)nc(NCCCCCC(O)=O)n1,-2.5423613079
1167,CC(C)CCCCCCCOC(=O)C=C,-5.1999126975
1168,CCCCCCCCCC(C)C=O,-5.151636178
1169,CN(C)c1ccc(cc1)C(c2ccc(cc2)N(C)C)c3ccc(cc3)N(C)C,-5.458398412699999
1170,[Gd+3].[Gd+3].[O-]C(=O)C([O-])=O.[O-]C(=O)C([O-])=O.[O-]C(=O)C([O-])=O,-5.648400548200001
1171,[Y],-4.8349877189
1172,O=C1c2cccc(Sc3ccccc3)c2C(=O)c4c(Sc5ccccc5)cccc14,-5.517335043099999
1173,[O--].[O--].[O--].[O--].[O--].[O--].[O--].[O--].[O--].[O--].[O--].[Pr+3].[Pr+3].[Pr+3].[Pr+3].[Pr+3].[Pr+3],-5.905407864500001
1174,Cc1cc(ccc1O)C2(CCCCC2)c3ccc(O)c(C)c3,-5.3715223063
1175,[Ca++].Cc1ccc(N\N=C\2C(=O)C(=Cc3ccccc23)C([O-])=O)c(c1)[S]([O-])(=O)=O,-5.5486422223
1176,CCCCC(CC)COC(=O)\C=C\C(=O)OCC(CC)CCCC,-5.4565752567
1177,CC(C)(COC(=O)c1ccccc1)COC(=O)c2ccccc2,-5.4227803586
1178,[Ca++].O[PH]([O-])=O.O[PH]([O-])=O,-5.253149755
1179,CCOCOC1CCCCCCCCCCC1,-5.335319967699999
1180,CC(C)(c1cc(Br)c(O)c(Br)c1)c2cc(Br)c(O)c(Br)c2,-5.6941064111
1181,CC(C)CCOC(=O)c1ccccc1C(=O)OCCC(C)C,-5.444898910599999
1182,[Zn++].CCN(CC)C([S-])=S.CCN(CC)C([S-])=S,-5.5333331166
1183,O=[P](Oc1ccccc1)(Oc2ccccc2)Oc3cccc(O[P](=O)(Oc4ccccc4)Oc5ccccc5)c3,-5.7380720068
1184,[nH]1c2ccccc2c3ccccc13,-5.2104276195
1185,O=C(OC1CCCCC1)c2ccccc2C(=O)OC3CCCCC3,-5.5126055421
1186,CC(=O)OC1(CCC2C3CCC4=CC(=O)CCC4(C)C3CCC12C)C(C)=O,-5.5668107327
1187,CCCCCCCC/C=C/CCCCCCCC(=O)N(CCO)CCO,-5.567720212
1188,CCOC(=O)C(=Cc1ccc(cc1)C=C(C(=O)OCC)C(=O)OCC)C(=O)OCC,-5.6216352692
1189,O=C(OCCc1ccccc1)/C=C/c2ccccc2,-5.4019396274
1190,CCCCCCCCCCCCCCCCCC(=O)NCCO,-5.5152815814
1191,Oc1cc2ccccc2cc1C(=O)Nc3ccc(Cl)cc3,-5.4738386427
1192,CCCCC(Cc1cc(c(O)c(c1)C(C)(C)C)C(C)(C)C)(C(=O)OC2CC(C)(C)N(C)C(C)(C)C2)C(=O)OC3CC(C)(C)N(C)C(C)(C)C3,-5.8357203688
1193,Fc1ccccc1C(=O)c2cc(Cl)ccc2NC(=O)CBr,-5.5693457861
1194,C[C@@H]1CC[C@H]2C(C)(C)C3CC12CCC3(C)OC(C)=O,-5.4266410391
1195,CCCCCCC(O)CCCCCCCCCCC(O)=O,-5.4883700889
1196,O=C1n2c3ccccc3nc2c4ccc5c6nc7ccccc7n6C(=O)c8ccc1c4c58,-5.633055848200001
1197,[Ba++].Cc1ccc(N\N=C\2C(=O)C(=Cc3ccccc23)C([O-])=O)c(c1)[S]([O-])(=O)=O,-5.7351471063
1198,CC(C)(c1ccc(OC#N)cc1)c2ccc(OC#N)cc2,-5.4695583775
1199,CCCCCCCCCCCC#N,-5.2899699473
1200,Clc1ccc(cc1)[S](=O)(=O)c2ccc(Cl)cc2,-5.5236360799
1201,CC(C)CCC(C)Nc1ccc(NC(C)CCC(C)C)cc1,-5.5751336546
1202,CC(CO)C1CCCCCCCCCCC1,-5.451794108500001
1203,COC(=O)CCCCCCCCC=C,-5.3975153521
1204,[Al+3].[Al+3].[O-]C(=O)c1c(Cl)c(Cl)c(Cl)c(Cl)c1C2=C3C=C(Br)C(=O)C(=C3Oc4c(Br)c([O-])c(Br)cc24)Br.[O-]C(=O)c5c(Cl)c(Cl)c(Cl)c(Cl)c5C6=C7C=C(Br)C(=O)C(=C7Oc8c(Br)c([O-])c(Br)cc68)Br.[O-]C(=O)c9c(Cl)c(Cl)c(Cl)c(Cl)c9C%10=C%11C=C(Br)C(=O)C(=C%11Oc%12c(Br)c([O-])c(Br)cc%10%12)Br,-6.4900690111
1205,[O--].[O--].[O--].[Bi+3].[Bi+3],-5.777924821699999
1206,C[C@]12CC[C@H]3[C@@H](CCc4cc(O)ccc34)[C@@H]1CCC2=O,-5.5511481213
1207,Cc1cc(c(O)c(c1)C(C)(C)C)C(C)(C)C,-5.462311288
1208,FC(F)(F)C(F)(F)C(F)(F)C(F)(F)C(F)(F)C(F)(F)CCOC(=O)C=C.FC(F)(F)C(F)(F)C(F)(F)C(F)(F)C(F)(F)C(F)(F)C(F)(F)C(F)(F)CCOC(=O)C=C.FC(F)(F)C(F)(F)C(F)(F)C(F)(F)C(F)(F)C(F)(F)C(F)(F)C(F)(F)C(F)(F)C(F)(F)CCOC(=O)C=C.FC(F)(F)C(F)(F)C(F)(F)C(F)(F)C(F)(F)C(F)(F)C(F)(F)C(F)(F)C(F)(F)C(F)(F)C(F)(F)C(F)(F)CCOC(=O)C=C,-6.4814770267
1209,CCC(C)c1cc(C(C)CC)c(O)c(c1)C(C)CC,-5.5497933448
1210,N(c1ccccc1)c2ccc3ccccc3c2,-5.4959148461
1211,O=[Y],-5.1756981481
1212,[O--].[O--].[O--].[Y+3].[Y+3],-5.5086432075
1213,CC(CCCC(C)C=O)CCC=C(C)C,-5.496890424
1214,CC(C)CCC(C)Nc1ccc(Nc2ccccc2)cc1,-5.6248375610000005
1215,O=C1CCCCCCCCCC\C=C/CCC1,-5.560732278400001
1216,COC1=CCC2=C(CCC3C2CCC4(C)C3CCC4(O)C#N)C1,-5.6832424476
1217,CC1(C)CCCC2(C)C1CCC34COC(C)(CCC23)O4,-5.6453848366
1218,CC1CCC(CC1)C(C)C,-5.3545731075
1219,[Ba++].Cc1cc(N\N=C\2C(=O)C=Cc3ccccc23)c(cc1Cl)[S]([O-])(=O)=O.Cc4cc(N\N=C\5C(=O)C=Cc6ccccc56)c(cc4Cl)[S]([O-])(=O)=O,-6.156487599
1220,CCCCCC(C)OC(=O)COc1ccc(Cl)c2cccnc12,-5.7479695323
1221,CCCCCCCCCCCCCCCCCCN(CCO)CCO,-5.7752741917
1222,O=C1CCCCCCC\C=C/CCCCCCO1,-5.629397554600001
1223,COC(=O)c1ccc(NC(=O)c2cc(Cl)ccc2Cl)cc1N,-5.7900649855
1224,CCCCCCCC(=O)SCCC[Si](OCC)(OCC)OCC,-5.8326804614
1225,Oc1c(cccc1c2ccccc2)c3ccccc3,-5.6839101049
1226,CC1(C)CC\C(=C/c2ccc(Cl)cc2)C1=O,-5.6715911936
1227,CC(C)(C)c1cc(ccc1O)C(C)(CC(=O)OCCOC(=O)CC(C)(c2ccc(O)c(c2)C(C)(C)C)c3ccc(O)c(c3)C(C)(C)C)c4ccc(O)c(c4)C(C)(C)C,-6.2014353624
1228,CC(C)c1ccc(cc1)c2ccccc2,-5.609857774299999
1229,CCc1cc(Cc2cc(CC)c(N)c(CC)c2)cc(CC)c1N,-5.8485879471
1230,CC(C)(c1ccc(OCCOC(=O)C=C)cc1)c2ccc(OCCOC(=O)C=C)cc2,-5.999481603
1231,CC(c1ccccc1)c2ccc(Nc3ccc(cc3)C(C)c4ccccc4)cc2,-5.9641687617
1232,CCCCCCCCCCCCCCCCCCCCCCCCCCCCCCCCCCCCCCCCCCCCCCCCCCCCCCCCCCCCCCCCCCCCCCCCCC.CCCCCCCCCCCCCCCCCCCCCCCCCCCCCCCCCCCCC(CCCC)(CCCC)CCCCCCCCCCCCCCCC(CCCC)(CCCC)CCCCC.CCCc1cc(C)cc(C)c1.c2ccc(cc2)c3ccccc3.c4ccc5cc6ccccc6cc5c4,-6.8063026109
1233,CCCCCCCCCCCCCCCCCCCCCCC.CCCCCCCCCCCC(CCC)(CCC)CCCCCCCC.CCc1ccc2cc3cc(CC)ccc3cc2c1,-6.3644088649
1234,CCCCC(CC)COC(=O)c1ccccc1,-5.767784581
1235,CC1CC(CC(C)(C)C1)OC(=O)c2ccccc2O,-5.816819421799999
1236,CCCCCCCCCCCCCCCCCCCC.CCCCCCCC(CC)CCCC(CC)CCCC.c1ccc2cc3ccccc3cc2c1,-6.2691310175
1237,COC(=O)c1ccc(cc1[N+]([O-])=O)C(=O)Nc2cc(Cl)ccc2Cl,-5.965154646
1238,C\C=C(/C)C(=O)OCCC(C)CCC=C(C)C,-5.7917926889
1239,CC(=C)C(=O)OCCC(F)(F)C(F)(F)C(F)(F)C(F)(F)C(F)(F)C(F)(F)F,-6.058168845700001
1240,O=C1C=CC(=O)N1c2ccc(Cc3ccc(cc3)N4C(=O)C=CC4=O)cc2,-5.9980085438
1241,CCCCCCCCCCCCCCO,-5.787142557
1242,CC(C)c1ccc(O[P](=O)(Oc2ccc(cc2)C(C)C)Oc3ccc(cc3)C(C)C)cc1,-6.1371343954
1243,CCCCCCCC[Sn](Cl)(Cl)Cl,-6.0107803553
1244,C1CCC(CC1)NSc2sc3ccccc3n2,-5.9171426801
1245,[Cu],-5.2979382401
1246,CCCCCCCCCCCCCCCc1cccc(O)c1.CCCCCCC\C=C/CCCCCCc2cccc(O)c2.CCCC/C=C\C\C=C/CCCCCCc3cccc(O)c3.Oc4cccc(CCCCCC\C=C/C/C=C\CCC=C)c4,-6.5970388257
1247,CCOc1ccccc1NC(=O)C(=O)Nc2ccccc2CC,-6.0175466725
1248,O=C1CCCCCCCCCCCCCCO1,-5.9037897228
1249,Cc1ccc2oc(\C=C\c3oc4ccc(C)cc4n3)nc2c1,-6.0004819491
1250,[Al+3].[O-]N(N=O)c1ccccc1.[O-]N(N=O)c2ccccc2.[O-]N(N=O)c3ccccc3,-6.1946491089
1251,CCN(CC)c1ccc(cc1)N=Nc2ccccc2,-5.9821152675
1252,[F-].[F-].[F-].[Nd+3],-5.8937682366
1253,CCc1ccc2C(=O)c3ccccc3C(=O)c2c1,-5.9842424969
1254,CC(C)(CC(=C)c1ccccc1)c2ccccc2,-6.0118424704
1255,CCCCc1nc(Cl)c(CO)n1Cc2ccc(cc2)c3ccccc3c4nnn(n4)C(c5ccccc5)(c6ccccc6)c7ccccc7,-6.4612511717
1256,[O--].[O--].[O--].[Na+].[Na+].[Ti+4],-5.805457995399999
1257,CCCC[C@H](CC)COC(=O)/C=C/c1ccc(OC)cc1.CCCC[C@@H](CC)COC(=O)/C=C/c2ccc(OC)cc2,-6.4216084134
1258,COC(=O)c1ccc(C(=O)OC)c(c1)N=NC(C(C)=O)C(=O)Nc2ccc3NC(=O)Nc3c2,-6.3140693713
1259,CCCCCCCCCCC1CO1,-5.923156849500001
1260,CCCCCCCCCCCCC1CO1,-5.9846848009
1261,C1COC2(C1)CC3CC2C4CCCC34,-5.941561120199999
1262,C[Si](C)(O[Si](C)(C)C=C)C=C,-5.9544825522
1263,CC(C)C(c1cc(C)cc(C)c1O)c2cc(C)cc(C)c2O,-6.1673406199
1264,COC(=O)c1cc(cc(c1)C(=O)OC)N=NC(C(C)=O)C(=O)Nc2ccc3NC(=O)Nc3c2,-6.3777384512
1265,COc1ccc(cc1O)C2=CC(=O)c3c(O)cc(O)cc3O2,-6.1987525576
1266,OCCN(CCO)CCO.OCCN(CCO)CCO.OCCN(CCO)CCO.OC(=O)CCCCCNc1nc(NCCCCCC(O)=O)nc(NCCCCCC(O)=O)n1,-6.6832011337
1267,FC(F)(F)C(F)(F)C(F)(F)C(F)(F)C(F)(F)C(F)(F)CCOC(=O)C=C,-6.354159334099999
1268,CC(C)CCCCCCCOP(OCCCCCCCC(C)C)Oc1ccccc1,-6.382029914199999
1269,O[S](O)(=O)=O.O=[Ti],-5.9613942775
1270,Cc1ccc2C(=O)c3ccccc3C(=O)c2c1,-6.1171462485
1271,N(c1ccccc1)c2ccc(Nc3ccccc3)cc2,-6.239449641499999
1272,COC(=O)c1ccc2cc(ccc2c1)C(=O)OC,-6.211736201
1273,[Al+3].[Al+3].[O-]C(=O)c1ccccc1C2=C3C=C(Br)C(=O)C(=C3Oc4c(Br)c([O-])c(Br)cc24)Br.[O-]C(=O)c5ccccc5C6=C7C=C(Br)C(=O)C(=C7Oc8c(Br)c([O-])c(Br)cc68)Br.[O-]C(=O)c9ccccc9C%10=C%11C=C(Br)C(=O)C(=C%11Oc%12c(Br)c([O-])c(Br)cc%10%12)Br,-7.1435627019000005
1274,Oc1ccc(O)c2C(=O)c3ccccc3C(=O)c12,-6.2534935167
1275,CC(C)c1ccc2ccccc2c1C(C)C,-6.2301136188
1276,CCCCCCCC[Sn](=O)CCCCCCCC,-6.4785159933
1277,COc1ccc(cc1)N2CCN(CC2)c3ccc(cc3)N4C=NNC4=O,-6.4889092646
1278,Clc1ccc(NC(=O)Nc2ccc(Cl)c(Cl)c2)cc1,-6.4577264198
1279,CC1CC(C)(C)CC(C1)(OOC(C)(C)C)OOC(C)(C)C,-6.4806607684
1280,C\C1=C/CCC(=C)[C@H]2CC(C)(C)[C@@H]2CC1,-6.3372616649
1281,CC(C)(c1ccccc1)C(C)(C)c2ccccc2,-6.4741688972
1282,C(Oc1ccc2ccccc2c1)c3ccccc3,-6.4776739787
1283,CN1C(=O)C=C2c3ccccc3C(=O)c4c(Br)ccc1c24,-6.6804453214
1284,Oc1cc2ccccc2cc1C(=O)Nc3cccc(c3)[N+]([O-])=O,-6.6438656239
1285,[O--].[O--].[O--].[La+3].[La+3],-6.6703538373
1286,[O-][N+](=O)c1cc(OC(=O)Oc2cc(c(Cl)cc2Cl)[N+]([O-])=O)c(Cl)cc1Cl,-6.8129074612
1287,C1CC=CC(C1)c2ccc(cc2)C3CCC=CC3,-6.5919290491
1288,CCCCCCCC\C=C/CCCCCCCCO.O[P](O)(O)=O,-6.785897843300001
1289,CC(C)(C)c1ccc(O)cc1.C=O,-6.4939402067
1290,[Hg],-6.5541212514
1291,Cc1ccc(N\N=C2/C(=O)C=Cc3ccccc23)c(C)c1,-6.7054442976
1292,CCCCCCCCCCCCCC(=O)OC,-6.6497381608
1293,CN(C)c1ccc(cc1)C(O)(c2ccc(cc2)N(C)C)c3ccc(Nc4ccccc4)c5ccccc35,-6.9891355524000005
1294,O=C(Nc1ccccc1SSc2ccccc2NC(=O)c3ccccc3)c4ccccc4,-6.9782870605
1295,CCCCCCCCCCCC(=O)N(CCCC)CCCC,-7.016412076799999
1296,COc1ccc(cc1OC(C)=O)[N+]([O-])=O,-2.9466040673
1297,[Cu].C[S](O)(=O)=O,0.7323301822
1298,Cc1ccc(cc1)C(=O)OOC(=O)c2ccc(C)cc2,-6.798351882
1299,Cc1cc(Cc2cc(C)cc(C3CCCCC3)c2O)c(O)c(c1)C4CCCCC4,-6.9790342734
1300,CCCCC(CC)COC(=O)c1ccccc1C(=O)OCC(CC)CCCC,-6.9789083532000005
1301,CC(C)c1ccccc1C(C)C,-6.6027992709
1302,CC(C)c1cccc(c1)C(C)C,-6.6027992709
1303,CCCCCCCCCCCCCCCC(O)C(CO)NC(=O)CCCCCCC\C=C/CCCCCCCC,-6.4517618811
1304,CCCCCCCCCCCCCCCC(O)=O,-6.806908841
1305,CC(=O)OC1=CCC2C3CCC(C3)C12,-3.0097265709
1306,C[Si]1(C)O[Si](C)(C)O[Si](C)(C)O[Si](C)(C)O1,-6.953686490700001
1307,CCCCCCCC(=O)OCCCOC(=O)CCCCCCC,-7.516526119400001
1308,CC1(C)CCCC(C1)C(=O)CCC=C,-4.7793105096
1309,CCn1c2ccccc2c3ccccc13,-6.813503151
1310,CCN(CCOC(C)OCC(C)C)c1ccc(cc1)N=Nc2ccccc2,-7.0905037661
1311,[Zr+4].[Zr+4].[Zr+4].[O-][P]([O-])([O-])=O.[O-][P]([O-])([O-])=O.[O-][P]([O-])([O-])=O.[O-][P]([O-])([O-])=O,-7.3381588933
1312,C(Sc1nnc(c2ccccc2)c(n1)c3ccccc3)\C=C\CSc4nnc(c5ccccc5)c(n4)c6ccccc6,-7.025125554700001
1313,COc1ccc(cc1)C(=O)CC(=O)c2ccc(cc2)C(C)(C)C,-7.060548154299999
1314,C[Si](O[Si](C)(C)C)O[Si](C)(C)C,-7.0443456956
1315,COc1ccc(cc1O)C2=CC(=O)c3c(O)cc(O[C@@H]4O[C@H](CO[C@@H]5O[C@@H](C)[C@H](O)[C@@H](O)[C@H]5O)[C@@H](O)[C@H](O)[C@H]4O)cc3O2,-7.505541952200001
1316,O=C1N(C[C@@H]2CO2)C(=O)N(C[C@@H]3CO3)C(=O)N1C[C@@H]4CO4,-2.4688253265
1317,COCCCN1C(=O)c2c(N)c3C(=O)c4ccccc4C(=O)c3c(N)c2C1=O,-7.323792769
1318,CCCCCCCCCCCCCCCCCCCCCC(O)=O,-7.3281144602
1319,O=C(OCCCc1ccccc1)c2ccccc2,-4.8009737888
1320,CCCCCC(C)CO,-2.5281270707
1321,[Pd++].CC(=O)[CH-]C(C)=O.CC(=O)[CH-]C(C)=O,-7.438461096699999
1322,O=C1NC(=O)c2ccc3c4ccc5C(=O)NC(=O)c6ccc(c7ccc1c2c37)c4c56,-7.591458633999999
1323,Cc1ccc(Nc2ccc(O)c3C(=O)c4ccccc4C(=O)c23)cc1,-7.5491813124
1324,[O--].[Zr+4].[O-][S]([O-])(=O)=O,-7.706047479099999
1325,CCC1(C\C=C2/CCCc3cc(OC)ccc23)C(=O)CCC1=O,-4.172504242
1326,CCCCCCCCCCCCCCCCCC,-7.6275399492
1327,CC(C)C1OC2(CCCC2)OCC1(C)C,-3.5242437705
1328,CCCCC(CC)COC(=O)c1ccc(Nc2nc(Nc3ccc(cc3)C(=O)OCC(CC)CCCC)nc(Nc4ccc(cc4)C(=O)OCC(CC)CCCC)n2)cc1,-8.2164783763
1329,CCCCCCCCCCCCCCCC(=O)OC,-7.8300382351
1330,OCCOC(=O)CC(C[P]1(=O)Oc2ccccc2c3ccccc13)C(=O)OCCO,-4.4617795617
1331,CC1(C)Nc2cccc3cccc(N1)c23,-2.9298988951
1332,[K+].CC(C)CCCCCCCCCCCCCCC([O-])=O,-8.1469015236
1333,CCN(CCOc1ccc(cc1)C2CCCCC2)c3ccc(C=C(C#N)C#N)c(C)c3,-8.3860948559
1334,CC(C)(C)c1cc(c(O)c(c1)C(C)(C)C)c2cc(cc(c2O)C(C)(C)C)C(C)(C)C,-6.889187496900001
1335,COc1ccccc1N\N=C2/C(=O)C=Cc3ccccc23,-8.9260164319
1336,CCCCCCCCCCCCCCCCCC(=O)OC,-8.9978390846
1337,CC(C)CCCCCCCOC(=O)c1ccccc1C(=O)OCCCCCCCC(C)C,-9.4195398078
1338,O=[V](=O)O[V](=O)=O,-2.3036141272
1339,CCC(COCCOC(=O)C=C)(COCCOC(=O)C=C)COCCOC(=O)C=C,-2.687445856
1340,Oc1ccc(cc1)C(c2ccc(O)cc2)c3ccccn3,-4.523907797200001
1341,[OH-].[OH-].[OH-].[OH-].[OH-].[O--].[O--].[O--].[O--].[O--].[V].[V].[V].[V].[V].[V].[O-][P]([O-])([O-])=O.[O-][P]([O-])([O-])=O.[O-][P]([O-])([O-])=O.[O-][P]([O-])([O-])=O.[O-][P]([O-])([O-])=O,-1.3503637805000002
1342,[Ag].OC(O)=O,-3.4520216786
1343,[K+].CCCCCCCCCCCCO[P](O)([O-])=O,-3.7844860574
1344,[F-].[F-].[F-].[Al+3],-4.1998793146
1345,OC(=O)c1ccccc1C(=O)c2ccc(cc2)c3ccccc3,-4.8282334666
1346,[O-][N+](=O)N1CN(CN(CN(C1)[N+]([O-])=O)[N+]([O-])=O)[N+]([O-])=O,-4.8251168095
1347,CC(=O)[C@H]1CCC(=CCCC=C(C)CCC1=C)C.CC(=O)[C@@H]2CCC(=CCCC=C(C)CCC2=C)C.CC(=O)[C@H]3CCC(=CCCC=C(C)CC=C3C)C.CC(=O)[C@@H]4CCC(=CCCC=C(C)CC=C4C)C.CC/5=C/CC\C=C(C)/CC/C(=C(/C)CC5)C(C)=O,-5.4491260218
1348,CCC(C)(N=NC(C)(CC)C#N)C#N,-2.6961915261
1349,N[C@@H](CCC(O)=O)C(O)=O.OCCN(CCO)CCO,0.111437809
1350,Oc1ccc(c(O)c1O)C(=O)c2ccc(O[S](=O)(=O)c3cccc4C(=O)C(=CCc34)N=NN=N)cc2,-5.1052907305
1351,ClC(=C)C=C,-2.5509254551
1352,C=C[S](=O)(=O)C[S](=O)(=O)C=C,-3.9198954495
1353,FC(F)(F)F,-3.6703396281
1354,CC(C)(c1ccccc1)c2ccc(O)cc2,-4.0964847072
1355,CCCSc1nc(Cl)c(c(Cl)n1)[N+]([O-])=O,-4.3869446244
1356,[Na+].[Na+].[O-]C(=O)c1ccccc1C2=C3C=C(Br)C(=O)C(=C3Oc4c(Br)c([O-])c(Br)cc24)Br,-0.8400175948
1357,CO[S](C)(=O)=O,-0.0419214127999999
1358,CCCCCC/C=C/CCCCCCCc1cccc(OCC2CO2)c1.CCC/C=C/C/C=C/CCCCCCCc3cccc(OCC4CO4)c3.C=CC/C=C/C/C=C/CCCCCCCc5cccc(OCC6CO6)c5,-6.0798516889
1359,CC(C)=O.C=O.N(c1ccccc1)c2ccccc2,-5.969586401
1360,COC(C)COC(C)COCCC[Si](C)(O[Si](C)(C)C)O[Si](C)(C)O[Si](C)(C)C,-6.2877399393
1361,CCCCCCCCCCCCCCCCOC(=O)Oc1c(Cl)cc(cc1Cl)C(=O)OCC,-7.1338037886
1362,[Cu++].CCCCCCCC\C=C/CCCCCCCC([O-])=O.CCCCCCCC\C=C/CCCCCCCC([O-])=O,-11.9989378619
1363,Cl.OC(=O)[C@@H]1C[C@H](CN1)C2CCCCC2,0.631268384
1364,O=C1NC2CC1C=C2,0.9361608079
1365,C1CCC(CC1)c2ccccc2,-4.3415022783
1366,[Na+].[Na+].[K+].[K+].Nc1c(cc(c(N)c1N=Nc2ccc(cc2)[S](=O)(=O)CCO[S]([O-])(=O)=O)[S]([O-])(=O)=O)N=Nc3ccc(cc3[S]([O-])(=O)=O)[S](=O)(=O)CCO[S]([O-])(=O)=O,-0.2891446213
1367,[Na+].CCCCc1ccc2[n-]nnc2c1,0.4040256561999999
1368,CC1=CCC2CC1C2(C)C,-3.7725704235
1369,CC(C)(c1ccc(OCC2CO2)cc1)c3ccc(OCC4CO4)cc3,-4.7996200318
1370,CCCCCCCCCCCCCCCCN(C)C,-4.6524349135000005
1371,CC(C)C1CC2=C(C)CC1C(C2)C=O,-3.8508542835
1372,CCCCCCCCCCCCN(C)C,-4.4261227438
1373,[Na+].[Na+].[Na+].[Na+].CCN(c1ccccc1)c2nc(Cl)nc(Nc3cc(cc4cc(c(N=Nc5ccc6c(cccc6[S]([O-])(=O)=O)c5[S]([O-])(=O)=O)c(O)c34)[S]([O-])(=O)=O)[S]([O-])(=O)=O)n2,-0.5025263499
1374,Clc1ccc(Oc2cccc(Cl)c2)cc1,-5.3873553168
1375,CCCCC(CC)C(=O)OCC(COCC(COC(=O)CCCCCC(C)C)(COC(=O)C(CC)CCCC)COC(=O)C(CC)CCCC)(COC(=O)CCCCCC(C)C)COC(=O)CCCCCC(C)C,-7.323686796
1376,CCN(CC)CCCNc1nc(Nc2ccc(cc2)N=Nc3c(O)c4c(Nc5nc(NCC(C)N)nc(NCC(C)N)n5)cc(cc4cc3[S](O)(=O)=O)[S](O)(=O)=O)nc(Nc6ccc(cc6)N=Nc7c(O)c8c(Nc9nc(NCC(C)N)nc(NCC(C)N)n9)cc(cc8cc7[S](O)(=O)=O)[S](O)(=O)=O)n1.CC(O)C(O)=O,-0.7942190429000001
1377,Cl.CCCCCCCCCCCC(=O)N[C@@H](CCCNC(N)=N)C(=O)OCC,-0.2316119628
1378,CCC(=O)/C=C/C1C(=CCCC1(C)C)C,-3.9923409786
1379,CC(=O)C(\C)=C/C1C(=CCCC1(C)C)C,-3.9923409786
1380,CC(C)[C@@H]1CC[C@@H](C)C[C@H]1OC(C)=O,-3.9751165598
1381,CC(=O)CC(=O)Nc1ccc(NC(=O)CC(C)=O)cc1,-3.1275010898000004
1382,[Cl-].CCCCCCCCCCCC(=O)OCC[N+](C)(C)C,-2.2111003064
1383,O=C(OCc1ccccc1)c2ccccc2,-4.1776244939
1384,O=[S](=O)(c1ccccc1)c2ccccc2,-4.1928799405
1385,C=CC(=O)N1CCOCC1,0.8502575853000001
1386,COCC(C)O,1.0451691789
1387,[Na+].[Na+].[O-]C(=O)c1ccccc1C2=C3C=CC(=O)C=C3Oc4cc([O-])ccc24,-1.5755053644
1388,[NH4+].O.[O--].[Mo],-1.170241174
1389,OC(=O)CS,-1.9643492148
1390,CC(CCCC(C)(C)O)CC=O.[nH]1ccc2ccccc12,-4.9224509398
1391,CCCCCCCCCCCCCCCCCCOC(=O)\C=C\C(=O)OCCCCCCCCCCCCCCCCCC,-7.094152366
1392,O.[In+3].[O-][N+]([O-])=O.[O-][N+]([O-])=O.[O-][N](=O)=O,-2.5035796109
1393,[Na+].C[S-],-1.8456684523
1394,CCOC(=O)CN=C(c1ccccc1)c2ccccc2,-3.4270444492000003
1395,Cc1cc(c(OP2OCC3(CO2)COP(OC3)Oc4c(cc(C)cc4C(C)(C)C)C(C)(C)C)c(c1)C(C)(C)C)C(C)(C)C,-7.801238331
1396,[Al+3].[O-][P]([O-])([O-])=O,-4.2460828326
1397,CCOC(=O)CC(NC1CCC(CC2CCC(NC(CC(=O)OCC)C(=O)OCC)C(C)C2)CC1C)C(=O)OCC,-5.0665338896
1398,CCCCCCCCCCCC(=O)NCCC[N+](C)(C)CC([O-])=O,-3.1367509984
1399,CN(C)CCOCCO,-0.1244748796
1400,Nc1ccc(c(N)c1)[N+]([O-])=O,-2.1850914787
1401,CCCCCCCCCCCC([O-])=O.CCCCCCCCCCCC([O-])=O.CCCC[Sn++]CCCC,-5.645086142699999
1402,CC[Pb](CC)(CC)CC,-5.4128944571
1403,CCCCCCCCCCCCCCCC(=O)O[C@@H]1C[C@H](N(C1)C(=O)CCCCCCCCCCCCCCC)C(O)=O,-5.7838757207
1404,[F-].[F-].[F-].[Ce+3],-5.8633448938
1405,c1ccc(cc1)P(c2ccccc2)c3ccccc3,-6.201301100399999
1406,CC(CCC=C(C)C)C=C,-5.9645864462
1407,CCCCCCCCCC(O)=O.CCCCCCCC(O)=O.CCCCCCC(O)=O.CCCCC(O)=O.OCC(CO)(CO)CO,-7.5346282403
1408,CCCCC(CC)COC(=O)CSCC(=O)OCC(CC)CCCC,-6.654998170599999
1409,CC(C)=CCCc1ccc2C(=O)c3ccccc3C(=O)c2c1,-7.985818524400001
1410,CCCCCCCCCOC(=O)c1ccccc1C(=O)OCCCCCCCC,-4.7809414151
1411,[Li+].CCCCCCCCCCCCCCCCCCCCCC([O-])=O,-6.8769767405
1412,[Li+].CCCCCCCCCCCCCC([O-])=O,-6.7070311388
1413,[Li+].CCCCCCCC\C=C/CCCCCCCC([O-])=O,-6.7972389302
1414,[Li+].CCCCCCC(O)CCCCCCCCCCC([O-])=O,-6.8235536072
1415,[Rh].CC(=O)[CH-]C(C)=O.[C-]#[O+].c1ccc(cc1)P(c2ccccc2)c3ccccc3,-7.3120335908
1416,CC(C)CCCCCCCCOCCCNCCC#N,-3.618466492200001
1417,CC(=O)OC[C@H]1CCC=C(CCC=C(C)C)C1,-4.9756247854
1418,CC(=O)c1cc(Nc2nc(Nc3cc(C(C)=O)c(N)c4C(=O)c5ccccc5C(=O)c34)nc(n2)c6ccccc6)c7C(=O)c8ccccc8C(=O)c7c1N,-4.9504317948
1419,CCCCCCCCCCCCCCCC(=O)OCC(O)CO,-4.7267916006
1420,CCCCCCCC.CC(C)(C)OO.CC1(C)CC(CC(C)(C)N1)OC(=O)CCCCCCCCC(=O)OC2CC(C)(C)NC(C)(C)C2,-5.0575951101
1421,CCCCC(CC)COC(=O)CS[Sn](C)(C)SCC(=O)OCC(CC)CCCC,-4.0456632384
1422,CCCCCCCC\C=C/CCCCCCCC1=NCCN1CCO,-3.8458307588
1423,O.Cl.[Zn].CC(C)(C)c1cc(C(O)=O)c(O)c(c1)C(C)(C)C,-4.8694711026
1424,[Zn++].CCCC(C)C(CCC)C(C)Cc1ccc(O[P]([S-])(=S)Oc2ccc(CC(C)C(CCC)C(C)CCC)cc2)cc1.CCCC(C)C(CCC)C(C)Cc3ccc(O[P]([S-])(=S)Oc4ccc(CC(C)C(CCC)C(C)CCC)cc4)cc3,-5.4154147676
1425,[Cr+3].CCCCC(CC)C([O-])=O.CCCCC(CC)C([O-])=O.CCCCC(CC)C([O-])=O,-3.0199412712
1426,Oc1cc(O)c2C[C@@H](OC(=O)c3cc(O)c(O)c(O)c3)[C@H](Oc2c1)c4cc(O)c(O)c(O)c4,-1.0591609316
1427,CCOCCCCCCCCCCCCCC\C=C\CC,-4.7999839607
1428,Fc1cc(Cl)ccc1CC#N,-2.5939062498
1429,CC(CC(C)(C)C#N)c1ccccc1,-3.2350788163
1430,CC(=O)OC1CCC(CC1)C(C)(C)C,-3.6996406686
1431,C[C@]12CC[C@H]3[C@@H](CC[C@H]4CC(=O)CC[C@]34C)[C@@H]1CC[C@@H]2O,-4.9189988507
1432,O=C(NC1CCCCC1)Nc2ccc(Cc3ccc(NC(=O)NC4CCCCC4)cc3)cc2,-5.142667396
1433,Cc1ccc(cc1N=C=O)N2C(=O)N(c3ccc(C)c(c3)N=C=O)C2=O,-5.0368259397
1434,CCCCCCCCCCCC(=O)OCC(O)[C@H]1OC[C@@H](O)[C@@H]1O,-5.0625368604
1435,COC(=O)CN(CC(=O)OC)c1ccc(N=Nc2ccc(cc2C#N)[N+]([O-])=O)c(NC(C)=O)c1,-5.1935197379
1436,[Cu+].[I-],-5.9787509813
1437,Nc1ccc(N=Nc2cccc(c2)N=Nc3ccc(N)cc3N)c(N)c1,-4.197152695
1438,CCCC(C)C.CCCC(C)CC.CCC(C)CC.CCC(C)C(C)C,-3.2704062978
1439,CC\C=C\C,-2.5449048057
1440,S,-5.5325378146
1441,CC(=O)OCCN(CCC#N)c1ccc(cc1)N=Nc2sc3cc(ccc3n2)[N+]([O-])=O,-4.3409088983
1442,N#Cc1ccccc1/C=C/c2ccc(cc2)/C=C/c3ccccc3C#N,-4.2206388586
1443,[O-][N+](=O)c1ccc(N=Nc2ccc(cc2)N(CCC#N)CCC#N)c(Cl)c1,-4.281954413
1444,CC(=O)OCCN(CCC#N)c1ccc(cc1)N=Nc2ccc(cc2)[N+]([O-])=O,-4.2803415835
1445,CCN(CCC#N)c1ccc(cc1)N=Nc2c(Br)cc(cc2Br)[N+]([O-])=O,-4.3812486892
1446,CCN(CCC#N)c1ccc(cc1)N=Nc2ccc(cc2Cl)[N+]([O-])=O,-4.2526115544
1447,COc1cc(N=Nc2c(Cl)cc(cc2[N+]([O-])=O)[N+]([O-])=O)c(NC(C)=O)cc1N(CC=C)CC=C,-4.3881793818
1448,CCOC(=O)C(C)OC(=O)c1cc(Oc2ccc(cc2Cl)C(F)(F)F)ccc1[N+]([O-])=O,-6.6230386723
1449,C[C@H]1CC(=O)C[C@@H]2CC[C@H]3[C@@H]4CC[C@H](OC(C)=O)[C@@]4(C)CC[C@@H]3[C@@]12C,-5.0925589945
1450,CCCCCCCCCCCCCCCCCCCCCC(=O)OCC(O)CO,-6.9187336597
1451,C[C](C)C,-4.3765465432
1452,O[Mo](O)(=O)=O,-2.3797609623
1453,CCC=C.C\C=C\C,-4.6698435423
1454,CCCCCCCCC(O)=O.CCCCCCC(O)=O.CCCCC(O)=O.OCC(CO)(CO)CO,-5.4183738573
1455,COc1cc(N=Nc2c(Br)cc(cc2[N+]([O-])=O)[N+]([O-])=O)c(NC(C)=O)cc1N(CCOC(C)=O)CCOC(C)=O,-5.4951202425
1456,CC(C)(C)c1cc(O)ccc1O,-1.220683278
1457,COc1ccc(N)c(c1)[N+]([O-])=O,-1.2257020372
1458,CCOC(OCC)\C=C(C)\CCC=C(C)C,-2.3547996853
1459,S=C1Nc2ccccc2N1,-2.176687281
1460,CCCCCCOCCCCCC,-4.2703037605
1461,[O-][N+](=O)c1ccc(cc1)N=Nc2ccc(cc2)N(CCOCCC#N)CCC#N,-4.5937500267
1462,CCCCN(C1CC(C)(C)N(C)C(C)(C)C1)c2nc(NCCCN(CCN(CCCNc3nc(nc(n3)N(CCCC)C4CC(C)(C)N(C)C(C)(C)C4)N(CCCC)C5CC(C)(C)N(C)C(C)(C)C5)c6nc(nc(n6)N(CCCC)C7CC(C)(C)N(C)C(C)(C)C7)N(CCCC)C8CC(C)(C)N(C)C(C)(C)C8)c9nc(nc(n9)N(CCCC)C%10CC(C)(C)N(C)C(C)(C)C%10)N(CCCC)C%11CC(C)(C)N(C)C(C)(C)C%11)nc(n2)N(CCCC)C%12CC(C)(C)N(C)C(C)(C)C%12,-5.3590146681
1463,CCN(CC)c1cc(NC(C)=O)c(cc1OC)N=Nc2c(Cl)cc(cc2[N+]([O-])=O)[N+]([O-])=O,-4.6673277833
1464,C1CCC2CCCCC2C1,-4.1406777053
1465,CCCC[Sn++]CCCC.[O-]C(=O)\C=C\C([O-])=O,-4.5403282232
1466,CC(=C)C(=O)O[Zn]O,-4.2239603591
1467,CCCCCCCC\C=C/CCCCCCCC(=O)OCC(C)OC(=O)CCCCCCC\C=C/CCCCCCCC,-4.7817560925
1468,O=C(Nc1cccc2C(=O)c3ccccc3C(=O)c12)c4ccc(cc4)c5ccc(cc5)N=Nc6ccc(cc6)c7ccc(cc7)C(=O)Nc8cccc9C(=O)c%10ccccc%10C(=O)c89,-5.716458279299999
1469,C1Cc2ccc(CCc3ccc1cc3)cc2,-5.169478497
1470,O=C1c2ccccc2c3ccc4c5ccc6c7ccccc7C(=O)c8ccc(c9ccc1c3c49)c5c68,-5.5133127462
1471,COc1cc2c3ccccc3C(=O)c4ccc5c6ccc7C(=O)c8ccccc8c9cc(OC)c(c1c5c24)c6c79,-5.5991706951
1472,CCCCC[C@H](CCC)CCCO,-5.1563604082
1473,CC(C)(C)OOC1(CCCCC1)OOC(C)(C)C,-5.386213837300001
1474,CCCCCCCCCCCCCCCC(=O)OC/C=C(C)/C=C/C=C(C)/C=C/C1=C(C)CCCC1(C)C,-5.7200550602
1475,C[C@@H](Oc1ccc(Oc2ccc(cn2)C(F)(F)F)cc1)C(O)=O,-2.6227956692
1476,CCC(C)(C)OOC1(CCCCC1)OOC(C)(C)CC,-5.4600374185
1477,CC1=CC(C)(C)Nc2ccccc12,-5.238695803500001
1478,CCCCCCCCCl,-5.1722437893
1479,C[Si](C)(C)O[Si](C)(C)O[Si](C)(C)O[Si](C)(C)O[Si](C)(C)O[Si](C)(C)C,-5.661813631699999
1480,CCC(COP)(COS)COS.CC(COS)(COS)COC(=O)CCCC(=O)OCC(C)(COS)COS,-5.8419473099
1481,B12B3B4B1C234,-4.7424030214
1482,CC(C)(C)CC(C)(C)c1ccc(O)c(c1)n2nc3ccccc3n2,-5.5097937283
1483,Cc1ccc(O)c(c1)n2nc3ccccc3n2,-5.3526667277
1484,CC(C)(C)c1cc(CCC(=O)OCCSCCOC(=O)CCc2cc(c(O)c(c2)C(C)(C)C)C(C)(C)C)cc(c1O)C(C)(C)C,-5.8081724723
1485,Cc1cc(CCC(=O)OCCOCCOCCOC(=O)CCc2cc(C)c(O)c(c2)C(C)(C)C)cc(c1O)C(C)(C)C,-5.7684649408
1486,CCCCCCCCOc1ccc(c(O)c1)C(=O)c2ccccc2,-5.5137980476
1487,CCCCCCC(CO)CCCC,-5.2703037605
1488,CCCCCCCCCCCCC(CO)CCCCCCCCCC,-5.549815883300001
1489,CCCCCCCCCCCCCCC(CO)CCCCCCCCCCCC,-5.6135997753
1490,CCCCC(CC)COCOCC(CC)CCCC,-5.4353234735
1491,CCCCCCCCC(CO)CCCCCC,-5.3846168146
1492,Cc1cc(n2nc3ccc(Cl)cc3n2)c(O)c(c1)C(C)(C)C,-5.4994176265
1493,CCc1cc(Cc2cc(CC)cc(c2O)C(C)(C)C)c(O)c(c1)C(C)(C)C,-5.5665093776
1494,CCCCCCCCCCCCCCCCC(CO)CCCCCCCCCCCCCC,-5.66920434
1495,CCCCCCCCCCCCCCCCCCNC(=O)NCCCNC(=O)NCCCCCCCCCCCCCCCCCC,-5.8229189425
1496,CCCCC(CC)CN[S](=O)(=O)c1ccc(N)cc1,-5.453967766799999
1497,CC(C)(C)c1ccc2oc(nc2c1)c3sc(cc3)c4oc5ccc(cc5n4)C(C)(C)C,-5.634046793
1498,CCCCCCCCCC(O)=O.CCCCCCCC(O)=O.CCCCCC(O)=O.CCC(CO)(CO)CO.OC(=O)CCCCC(O)=O,-5.8530645557000005
1499,O=C1OC(=O)c2ccc3c4ccc5C(=O)OC(=O)c6ccc(c7ccc1c2c37)c4c56,-5.5936426625
1500,[O-][N+](=O)c1ccc(O[P](=S)(Oc2ccc(cc2)[N+]([O-])=O)Oc3ccc(cc3)[N+]([O-])=O)cc1,-5.6788341975
1501,[Ba++].Cc1cc(c(N\N=C/2C(=O)C(=Cc3ccccc23)C([O-])=O)cc1Cl)[S]([O-])(=O)=O,-5.745185694400001
1502,[Ba++].[O-][S](=O)(=O)c1c(N\N=C\2C(=O)C=Cc3ccccc23)ccc4ccccc14.[O-][S](=O)(=O)c5c(N\N=C\6C(=O)C=Cc7ccccc67)ccc8ccccc58,-5.9504281438
1503,CC(C)CCCCCCCCCCOC(=O)c1ccccc1C(=O)OCCCCCCCCCCC(C)C,-5.724958731699999
1504,[Ca++].[O-][S](=O)(=O)c1c(N\N=C\2C(=O)C=Cc3ccccc23)ccc4ccccc14.[O-][S](=O)(=O)c5c(N\N=C\6C(=O)C=Cc7ccccc67)ccc8ccccc58,-5.9003015698
1505,[O--].[O--].[O--].[In+3].[In+3],-5.443471085900001
1506,CC(C)CCCCCCCCCCOC(=O)CCCCC(=O)OCCCCCCCCCCC(C)C,-5.708288296799999
1507,CCCCCCCCCCCCCCCCCCCCCCO,-5.5140281479
1508,CCCCCCCCCCCCOC(=O)CCSCCC(=O)OCCCCCCCCCCCC,-5.711686621799999
1509,CCOC(=O)c1ccc(cc1)N=CN(C)c2ccccc2,-5.4507770249
1510,CCCCCCCCCCCCCCCCOC(=O)OOC(=O)OCCCCCCCCCCCCCCCC,-5.7565570001
1511,CCCCCCCCCCCCCCCC[Si](OC)(OC)OC,-5.5398636413
1512,CCCCCC=O.CCCCC=O.O=CCC=O,-5.4122219139
1513,[O--].[O--].[K+].[Fe+3],-5.1036019152
1514,[Li].O.[K].[Ti],-5.0489115819
1515,CCCCCCCCCCCCCCCCCCCCO,-5.4750243489
1516,[NH4+].[Mn+3].[O-][P]([O-])(=O)O[P]([O-])([O-])=O,-5.392552750599999
1517,CCCCCCCCCCCCCCCCCCO,-5.432168875
1518,CCCCCCCCCCCC(=O)OC(C)C,-5.384537990399999
1519,CCCCCCCCCCCCCCCCCCCCCCCCO,-5.549815883300001
1520,CCCCCCC\C=C\CC,-5.1883574821
1521,CCCCCCCCCCCC(=O)OC=C,-5.3547996853
1522,[Zn++].CCCCN(CCCC)C([S-])=S.CCCCN(CCCC)C([S-])=S,-5.6759230824
1523,COC(OC)c1ccc(cc1)C(=O)OC.COC(=O)c2ccccc2.COC(=O)c3ccc(C)cc3.COC(=O)c4ccc(CO)cc4.COC(=O)c5ccc(COC(=O)c6ccc(C)cc6)cc5.COC(=O)c7ccc(COC(=O)c8ccc(cc8)C(=O)OC)cc7.COC(=O)c9ccc(C=O)cc9.COC(=O)c%10ccc(cc%10)C(O)=O.COC(=O)c%11ccc(cc%11)C(=O)OC.COC(=O)c%12ccc(cc%12)C(=O)OCc%13ccc(C)cc%13.COC(=O)c%14ccc(cc%14)c%15ccc(cc%15)C(=O)OC.COC(=O)c%16ccc(cc%16)c%17cccc(c%17)C(=O)OC.COC(=O)c%18ccc(cc%18)c%19ccccc%19C(=O)OC.COC(=O)c%20ccc(cc%20)c%21cc(C)ccc%21C(=O)OC.COC(=O)c%22ccc(cc%22)c%23cc(ccc%23C(=O)OC)C(=O)OC.COC(=O)c%24cccc(c%24)C(=O)OC.COC(=O)c%25ccc(C(=O)OC)c(c%25)C(=O)OC.COC(=O)c%26ccc%27c(c%26)C(=O)c%28ccc(cc%27%28)C(=O)OC.COC(=O)c%29ccc(C)c%30c%29OC(=O)c%31ccccc%30%31.COC(=O)c%32ccccc%32C(=O)OC.COC(=O)c%33ccc(C)cc%33C(=O)OC.Cc%34ccc(C)cc%34.Cc%35ccc(cc%35)C(O)=O.OC(=O)c%36ccccc%36,-6.7316777728
1524,CCCCC(CC)C1CCON1CCOC(=O)NCCCCCCNC(=O)OCCN2OCCC2C(CC)CCCC,-5.7905608237
1525,COC(=O)CCc1cc(n2nc3ccccc3n2)c(O)c(c1)C(C)(C)C,-6.849323575900001
1526,CCCCCCCCCCCCCCCCCCNC(=O)Nc1ccc(Cc2ccc(NC(=O)NCCCCCCCCCCCCCCCCCC)cc2)cc1,-5.9429946413
1527,CC(C)CCC[C@@H](C)CCC[C@@H](C)CCC[C@]1(C)CCc2c(C)c(OC(C)=O)c(C)c(C)c2O1,-5.7715452251
1528,ICC1CCC(CI)CC1,-5.7481975718
1529,CC(C)(C)OOC(C)(C)c1ccc(cc1)C(C)(C)OOC(C)(C)C,-5.7371515873000005
1530,[OH-].[O--].[Al+3],-5.0252479516
1531,CCCCCCCCCCCCCCCCCCSSCCCCCCCCCCCCCCCCCC,-6.057758885499999
1532,CCCCCCCCCCCCC(CCCCCCCCCC)C(O)=O,-5.867639521599999
1533,[Zr],-5.35804912
1534,C[Si](C)(C)O[Si](C)(O[Si](C)(C)C)O[Si](C)(C)C,-5.9360261722
1535,CCOc1ccccc1NC(=O)C(=O)Nc2ccc(CCCCCCCCCC(C)C)cc2,-6.0994494699
1536,N12[Si]34N5[Si]16N3[Si]25N46,-5.6698930776
1537,CCCCC(CC)COC(=O)CC(C)CC(C)(C)C,-5.9549769717
1538,[O--].[O--].[O--].[Ca++].[Ti+4],-5.6562324003
1539,CCC(C)CCCOC(=O)CCc1cc(n2nc3ccccc3n2)c(O)c(c1)C(C)(C)C,-6.1639401792
1540,[Ca++].[Ca++].[O-][P]([O-])(=O)O[P]([O-])([O-])=O,-5.998459357100001
1541,C[S](=O)(=O)Oc1ccc(Nc2ccc(O)c3C(=O)c4ccccc4C(=O)c23)cc1,-6.214227984500001
1542,[Ni++].CCCCN.CC(C)(C)CC(C)(C)c1ccc([O-])c(Sc2cc(ccc2[O-])C(C)(C)CC(C)(C)C)c1,-6.4460405944
1543,CC(Cc1cccc(CC(C)c2ccc(O)cc2)c1)c3ccc(O)cc3,-6.238635640399999
1544,Cc1cccc(c1)N(c2ccccc2)c3ccc(cc3)c4ccc(cc4)N(c5ccccc5)c6cccc(C)c6,-6.4121983796
1545,CN(C(=S)SSC(=S)N(C)c1ccccc1)c2ccccc2,-6.2607699922
1546,CCN(CC)c1ccc(N=Nc2c(cc(cc2[N+]([O-])=O)[N+]([O-])=O)C#N)c(NC(C)=O)c1,-6.327772594400001
1547,CC(C)=C.Cc1ccc(O)cc1.C2C=CC3C4CC(C=C4)C23,-6.1709273189
1548,CCCCCCCCCCCC(=O)OCCOCC(OCCO)C1OCC(OCCO)C1OCCO,-6.417202563200001
1549,CC(C)CCCCCCCCCCCCCCCO,-6.256077615900001
1550,CCCCCCCCCCCC(=O)OCC(COC(C)=O)OC(C)=O,-6.378367614400001
1551,CCCCCCCCCCCCCCCOC(=O)/C=C/C(=O)OCCCCCCCCCCCCCCC,-6.5537875846
1552,CCCCCCCCOC(=O)\C=C\C(=O)OCCCCCCCC,-6.356030959
1553,O=C=Nc1ccc(O[P](=S)(Oc2ccc(cc2)N=C=O)Oc3ccc(cc3)N=C=O)cc1,-6.4917192558000005
1554,CC(C)CCCCCCCOC(=O)\C=C\C(=O)OCCCCCCCC(C)C,-6.4222745911
1555,CCCCCCCCCCCCOC(=O)\C=C\C(=O)OCCCCCCCCCCCC,-6.4797384219000005
1556,CCCCCCCC\C=C/CCCCCCCC(=O)OC(C)C,-6.3351890163
1557,CCCCCCCCCC(O)=O.CCCCCCCC(O)=O.CCCCCCC(O)=O.OCC(CO)(CO)CO,-6.6194034302
1558,[N-]=[N+]=C1C=Cc2c(cccc2[S](=O)(=O)Oc3ccc(C(=O)c4ccccc4)c(O[S](=O)(=O)c5cccc6C(=O)C(C=Cc56)=[N+]=[N-])c3O[S](=O)(=O)c7cccc8C(=O)C(C=Cc78)=[N+]=[N-])C1=O,-6.820895006900001
1559,CCCCCCCC[Si](OCC)(OCC)OCC,-6.327740788400001
1560,CCCCCCC(O)CCCCCCCCCCC(=O)NCCNC(=O)CCCCCCCCCCC(O)CCCCCC,-6.7352071916
1561,O=C1OC(=Nc2ccccc12)c3ccc(cc3)C4=Nc5ccccc5C(=O)O4,-6.5170402935
1562,CCCCCCCC\C=C/CCCCCCCCCCCC(N)=O,-6.5283921465
1563,O=C=Nc1ccc(cc1)C(c2ccc(cc2)N=C=O)c3ccc(cc3)N=C=O,-6.5650965952
1564,CC(C)CCCCCCOC(=O)c1ccccc1C(=O)OCCCCCCC(C)C,-6.6218178985
1565,CCCCC(CC)COC(=O)CCCCC(=O)OCC(CC)CCCC,-6.5688749453
1566,CC(C)CCCCCCCOC(=O)CCCCC(=O)OCCCCCCCC(C)C,-6.6301043221
1567,CC(C)CCCCCCOC(=O)CCCCC(=O)OCCCCCCC(C)C,-6.6005678007
1568,CCCCCCCCOCCCCCCCC,-6.3846168146
1569,CCCCCCCCCCCCCCCCCCOC=C,-6.4720818187
1570,CC(C)CCCCCCCCCCCCCCC(O)=O.OC[C@H](O)[C@@H](O)[C@H](O)C(O)O,-6.6557423758
1571,CCCCC(CC)COC(=O)C(C#N)=C(c1ccccc1)c2ccccc2,-6.5580902807
1572,CCCC1CCC(CC1)C2CCC(CC2)c3ccc(c(F)c3)c4cc(F)c(F)c(F)c4,-6.6360312962
1573,CCCCCCCCCCC(CO)CCCCCCCC,-6.4750243489
1574,O=C1OC(=O)c2cccc3cccc1c23,-6.2970532498
1575,CC(C)(C)c1cc(CCC(=O)OCC(COC(=O)CCc2cc(c(O)c(c2)C(C)(C)C)C(C)(C)C)(COC(=O)CCc3cc(c(O)c(c3)C(C)(C)C)C(C)(C)C)COC(=O)CCc4cc(c(O)c(c4)C(C)(C)C)C(C)(C)C)cc(c1O)C(C)(C)C,-7.0710180803
1576,CC(C)(C)CC(C)(C)c1ccc(Nc2ccc(cc2)C(C)(C)CC(C)(C)C)cc1,-6.5951201849
1577,CCCCCCCCC(C)C(CC)CCCCCCC.CCCCCCCCC(C)C(CCC)CCCCCC,-6.7521345295
1578,CCCCCCCCCCCCCCCCCC(=O)NCCNCCNC(=O)CCCCCCCCCCCCCCCCC.CCCCCCCCCCCCCCCCCC(=O)NCCN1CCN=C1CCCCCCCCCCCCCCCCC.CC(O)=O.CC(O)=O,-7.138082494500001
1579,CCCCCCCCCCCCCCCCCCCCCC(=O)NCCCN(C)C,-6.6281415672
1580,CCCCCCCCCCCCCCCCCCOCC[O],-6.4963012647000005
1581,[Mg++].[Mg++].[Mg++].O[Si]([O-])=O.O[Si]([O-])=O.[O-][Si]([O-])=O.[O-][Si]([O-])=O,-6.5789404760000005
1582,Cc1cc(C)c(c(C)c1)C(=O)[P](=O)(C(=O)c2c(C)cc(C)cc2C)c3ccccc3,-6.6216674424
1583,[O--].[O--].[O--].[O--].[O--].[Al+3].[Al+3].[Ca++].[Ca++],-6.3306470932000005
1584,CO[Si](OC)(C(C)C)C(C)C,-6.2463311334
1585,CCCCCCCCCCCC(=O)OOC(=O)CCCCCCCCCCC,-6.6005678007
1586,CCCCCCCCOC(=O)[C@@H](C)Oc1ccc(Cl)cc1C,-6.5143670911000005
1587,[Ag+].[C-]#N,-6.1267351667
1588,[Ti++].[H-].[H-],-5.6979525644
1589,[Ti+4].[O-][Si]([O-])=O.[O-][Si]([O-])=O,-6.3011016483
1590,CCCCCCCCC(=O)OCC(CC)(COC(=O)CCCCCCCC)COC(=O)CCCCCCCC,-6.8410879515
1591,CCC(C)(C)c1cc(O)c(cc1O)C(C)(C)CC,-6.495513117200001
1592,[O--].[O--].[O--].[O--].[O--].[Fe+3].[Fe+3].[Sr++].[Sr++],-6.6614873159000005
1593,[H-].[H-].[Zr++],-6.066512277899999
1594,CC1(OCCO1)C2CCC3C4=CC=C5CC6(CCC5(C)C4CCC23C)OCCO6,-6.7001197149000005
1595,CC(C)[C@H]1CC[C@H](C)C[C@@H]1OC(C)=O,-4.0668869332
1596,[Zn++].[n-]1c2nc3[n-]c(nc4nc(nc5nc(nc1c6ccccc26)c7ccccc57)c8ccccc48)c9ccccc39,-6.9837209828
1597,CC(=O)Nc1cc(ccc1N=Nc2ccc(cc2Cl)[N+]([O-])=O)N(CCOC(C)=O)CCOC(C)=O,-6.963714866599999
1598,CCCCCCCCCCCCCCCCCC(=O)OCC(OC(=O)CCCCCCCCCCCCCCCCC)[C@H]1OC[C@@H](O)[C@@H]1OC(=O)CCCCCCCCCCCCCCCCC,-7.284910561499999
1599,CCCCCCCCCCCCCCCC(=O)OCC(O)[C@H]1OC[C@@H](O)[C@@H]1O,-6.9058735609
1600,CC(C)CCCCCCCCCCOC(=O)c1ccc(C(=O)OCCCCCCCCCCC(C)C)c(c1)C(=O)OCCCCCCCCCCC(C)C,-7.180237159600001
1601,CCCCCCC(=O)OCC(COC(=O)CCCCCC)OC(=O)CCCCCC,-6.9330922951
1602,CCCCCCC(O)CCCCCCCCCCC(=O)OCC(COC(=O)CCCCCCCCCCC(O)CCCCCC)OC(=O)CCCCCCCCCCC(O)CCCCCC,-7.273925855599999
1603,CCCCC(CC)C(=O)OCC(COC(=O)C(CC)CCCC)OC(=O)C(CC)CCCC,-6.97376589
1604,CCCCCCCC\C=C/CCCCCCCC(=O)OCC(COC(=O)CCCCCCC\C=C/CCCCCCCC)OC(=O)CCCCCCC\C=C/CCCCCCCC,-7.2481955094
1605,CC(C)CCCCCOC(=O)CCCCC(=O)OCCCCCC(C)C,-6.869904941000001
1606,CCCCCCCCCCCCCCCCCCOCCCCCCCCCCCCCCCCCC,-7.0195208893
1607,CCCCCCC(=O)OCC(CC)(COC(=O)CCCCCC)COC(=O)CCCCCC,-6.97376589
1608,CCCCCCCC\C=C/CCCCCCCC(=O)OCC(C)(C)COC(=O)CCCCCCC\C=C/CCCCCCCC,-7.102471438899999
1609,CCCCCCCC(=O)OCC(C)(C)COC(=O)CCCCCCC,-6.8531467823000005
1610,CCCCCCCCCCCCCCCCCOC(=O)/C=C/C(=O)OCCCCCCCCCCCCCCCCC,-7.0740773653
1611,Clc1ccc(NC(=O)CBr)c(c1)C(=O)c2ccccc2Cl,-6.8888082879
1612,CCC(COC(=O)CCCCCCCCCCCCCCC(C)C)(COC(=O)CCCCCCCCCCCCCCC(C)C)COC(=O)CCCCCCCCCCCCCCC(C)C,-7.2711824653
1613,CCCCCCCCCCCCCCCCCC(=O)OCCCCCCCC,-6.8994921961
1614,CCCCCCCCCCCCCCC1CO1,-6.6820204584
1615,CC(C)(C)c1cc(CCC(=O)NNC(=O)CCc2cc(c(O)c(c2)C(C)(C)C)C(C)(C)C)cc(c1O)C(C)(C)C,-7.04359803
1616,CCCCCCC(=O)OCC(COC(=O)CCCCCC)(COC(=O)CCCCCC)COC(=O)CCCCCC,-7.0680633512
1617,CCCCCCCC\C=C/CCCCCCCC(=O)OCC(COC(=O)CCCCCCC\C=C/CCCCCCCC)(COC(=O)CCCCCCC\C=C/CCCCCCCC)COC(=O)CCCCCCC\C=C/CCCCCCCC,-7.378019409199999
1618,CC(C)CCCCCCCCCCCCCCC(=O)OCC(COC(=O)CCCCCCCCCCCCCCC(C)C)(COC(=O)CCCCCCCCCCCCCCC(C)C)COC(=O)CCCCCCCCCCCCCCC(C)C,-7.3809427734
1619,CCCCCCC(O)=O.CC(C)(CO)CO,-6.6708690081
1620,CCCCCCCC/C=C/CCCCCCCC(=O)OCC(CO)(CO)COC(=O)CCCCCCC\C=C\CCCCCCCC,-7.1238862525
1621,CCCCCCCCCCCC(=O)OCCC(C)C,-6.733128222
1622,CCCCCCCCCC(O)=O.CCCCCCCC(O)=O.CC(O)CO,-6.8949548476
1623,CCCCCCCCCC(O)=O.CCCCCCCC(O)=O.OCC(CO)(CO)CO,-6.9567723715
1624,CCCCC(=O)OCC(CO)(CO)COCC(CO)(CO)CO,-6.8304564999
1625,CC(C)c1cccc(C(C)C)c1N=C=Nc2c(cccc2C(C)C)C(C)C,-6.8604110817
1626,CCCCCCCCCCCCCCCCCC(=O)OCCCC.CCCCCCCCCCCCCCCC(=O)OCCCC,-7.116029628200001
1627,CC(C)CCCCCCCOC(=O)CCCCCCCC(=O)OCCCCCCCC(C)C,-6.971983320700001
1628,CCCCCCCCCCCCCCOC(=O)\C=C\C(=O)OCCCCCCCCCCCCCC,-7.0076009975
1629,CCCCCCCCCCCCCCCCCCCCCC(N)=O,-6.8320079078
1630,CCCCCCCCCCCCCCCCCCCCCCOC(=O)CCCCCCCCCCCCCCCCCCCCC,-7.1133991412
1631,CCCCCCCCCCCCOC(=O)CCCCCCC\C=C\CCCCCCCC,-6.9550061959
1632,CCCCCCCCCCCCCCCC(=O)OCC.CCCCCCCCCCCCCC(=O)OCC.CCCCCCCC\C=C/CCCCCCCC(=O)OCC.CCCCCC\C=C/CCCCCCCC(=O)OCC,-7.355606282999999
1633,CCCCCCCCCCCCCCCCOC(=O)C(CC)CCCC,-6.867639521599999
1634,CCCCCCCCCCCC(=O)OCCCCCC,-6.7550878414
1635,CC(C)CCCCCCCCCCCCCCC(=O)OC(CO)CO,-6.855595468500001
1636,[O--].[O--].[O--].[O--].[O--].[O--].[O--].[Mg++].[Mg++].[Nb+5].[Nb+5],-6.8406266847
1637,CCCCCCCC\C=C/CCCCCCCCCCCC(=O)OCCCCCCCC\C=C/CCCCCCCC,-7.071179206900001
1638,CCCCCCCCC\C=C/CCCCCCC(=O)OCCCCCCCC\C=C/CCCCCCCC,-7.0277066834
1639,CCCCCCCCOC(=O)CCCCCCC,-6.709998828
1640,CCCCCCCCCCCCCCOC(=O)CCCCCCC\C=C/CCCCCCCC,-6.9812258596
1641,CCCCC(CC)COC(=O)CC(CC(=O)OCC(CC)CCCC)(OC(C)=O)C(=O)OCC(CC)CCCC,-7.057520046900001
1642,CC(C)(c1ccccc1)c2cc(n3nc4ccccc4n3)c(O)c(c2)C(C)(C)c5ccccc5,-7.0488126213
1643,CC(CC(c1cc(c(O)cc1C)C(C)(C)C)c2cc(c(O)cc2C)C(C)(C)C)c3cc(c(O)cc3C)C(C)(C)C,-7.1341930505
1644,CCCCC(CC)CNC(=O)c1ccc(N\N=C2\C(=C(C#N)C(=O)N(C)C2=O)C)cc1,-7.0248108563
1645,CN1C(=O)C(=N/Nc2ccc(Cl)c(Cl)c2)/C(=C(C#N)C1=O)C,-6.9257837823
1646,CC(C)(C)c1cc(CN2C(=O)N(Cc3cc(c(O)c(c3)C(C)(C)C)C(C)(C)C)C(=O)N(Cc4cc(c(O)c(c4)C(C)(C)C)C(C)(C)C)C2=O)cc(c1O)C(C)(C)C,-7.2923086931
1647,OC(COc1ccc(c(O)c1)C(=O)c2ccccc2)COc3ccc(c(O)c3)C(=O)c4ccccc4,-7.1387547034
1648,CCCCCCCCCCCCCNCCCCCCCCCCCCC.CCCCCCCCCCCCCNCC(C)CCCCCCCCCC,-7.4056684463
1649,CN(C\C=C\C#CC(C)(C)C)Cc1cccc2ccccc12,-4.4645461779
1650,CCCCCCCCCC(C)(C)SSC(C)(C)CCCCCCCCC,-7.1279660508000005
1651,CCCCC(CC)COC(=O)OCC(CC)CCCC,-6.979936668500001
1652,O=[P](OCc1ccccc1)(OCc2ccccc2)O[P](=O)(OCc3ccccc3)OCc4ccccc4,-7.2540426772
1653,CC(C)(c1ccc(Oc2ccc(N)cc2)cc1)c3ccc(Oc4ccc(N)cc4)cc3,-7.191727219600001
1654,CCCCCCCCCCCCCCCCCC(=O)O[Al](O)OC(=O)c1ccccc1,-7.253899897899999
1655,CCN(CC)c1ccc2C=C3C(=C(C#N)C(=O)n4c5ccccc5nc34)Oc2c1,-7.2023327624
1656,CCN(CC)c1ccc(N=Nc2c(cc(C)cc2C#N)C#N)c(N[S](C)(=O)=O)c1,-7.2331050936
1657,CCCCCCCCCCCCCCCCCC(=O)OC.CCCCCCCCCCCCCCCC(=O)OC.CCCCCCCC\C=C/CCCCCCCC(=O)OC.CCCCC/C=C\C\C=C/CCCCCCCC(=O)OC.CC/C=C/C/C=C/C/C=C/CCCCCCCC(=O)OC,-7.800359899299999
1658,CC(=O)OCCN(CCOC(C)=O)c1ccc(cc1)N=Nc2ccc(cc2C#N)[N+]([O-])=O,-7.300465045499999
1659,FC(F)(F)C(F)(F)C(F)(F)C(F)(F)C(F)(F)C(F)(F)C(F)(F)C(F)(F)Br,-7.3970339946
1660,CCN(CCC#N)c1ccc(cc1)N=Nc2ccc(cc2)[N+]([O-])=O,-7.208650928200001
1661,Cc1cc(C)cc(c1)N2C(=O)c3ccc4c5ccc6C(=O)N(c7cc(C)cc(C)c7)C(=O)c8ccc(c9ccc(C2=O)c3c49)c5c68,-7.4761487948
1662,[NH4+].[Fe++].[Fe+3].[C-]#N.[C-]#N.[C-]#N.[C-]#N.[C-]#N.[C-]#N,-7.155088449400001
1663,CCN(CCC(=O)OC)c1ccc(cc1)N=Nc2snc3ccc(cc23)[N+]([O-])=O,-7.315402454199999
1664,CCCCCCCCCCCCCCOC(=O)CCCCCCCCCCCCC,-7.3271074817
1665,CCCC1CCC(CC1)c2ccc(cc2)c3ccc(CC)cc3,-7.1853905644000005
1666,Cc1cc(C)cc(O[P](=O)(Oc2cc(C)cc(C)c2)Oc3cc(C)cc(C)c3)c1,-7.312230264299999
1667,CC1=C(\C=C\C(C)=C\C=C\C(C)=C\C=C\C=C(C)\C=C\C=C(C)\C=C\C2=C(C)CCCC2(C)C)C(C)(C)CCC1,-7.553792438099999
1668,[Hf],-7.1724326435000005
1669,[O--].[O--].[Hf+4],-7.2440460955
1670,CCCCCCCCCCCCCCCCCCNC(=O)CCCCCCCCCCC\C=C/CCCCCCCC,-7.770909422999999
1671,NC(Cc1ccccc1)=CC(=O)[C@@H](Cc2ccccc2)N(Cc3ccccc3)Cc4ccccc4,-7.6633437338
1672,CCCCCCCCCCCCCCCC(=O)NCCCCCCCC\C=C/CCCCCCCC,-7.7040784145
1673,[H+].[Cl-].NC(N)=N.OC(=O)C1=NN(c2ccc(cc2)[S](O)(=O)=O)C(=O)C1N=Nc3ccc(cc3)[S](O)(=O)=O,-7.751246761699999
1674,CCCCCCCCCCCCCCCCCCNC(=O)CCc1cc(c(O)c(c1)C(C)(C)C)C(C)(C)C,-7.724189002
1675,CC(C)(C)c1cc(CCC(=O)NCCCCCCNC(=O)CCc2cc(c(O)c(c2)C(C)(C)C)C(C)(C)C)cc(c1O)C(C)(C)C,-7.8041135239
1676,Nc1ccc(Cl)cc1C(=O)c2ccccc2Cl,-7.4250889383
1677,O=[P](Oc1ccccc1)(Oc2ccccc2)Oc3ccc(cc3)c4ccc(O[P](=O)(Oc5ccccc5)Oc6ccccc6)cc4,-7.813287357
1678,O=C1N(c2ccc(cc2)N=Nc3ccccc3)C(=O)c4ccc5c6ccc7C(=O)N(c8ccc(cc8)N=Nc9ccccc9)C(=O)c%10ccc(c%11ccc1c4c5%11)c6c7%10,-7.8755092242
1679,CCOc1cc2N=C3C(=C4Oc5cc(NC(=O)c6ccccc6)c(OCC)cc5N=C4C(=C3Oc2cc1NC(=O)c7ccccc7)NC(C)=O)NC(C)=O,-7.861382650099999
1680,CCCCCCCCCCCCCCCCCCNC(=O)CCCCCCCCCCCCCCCCC,-7.729153446000001
1681,[Al+3].[O-]B([O-])[O-],-6.9334417301
1682,B#N,-6.394784279
1683,Cc1c(Cc2cc(c(O)c(c2)C(C)(C)C)C(C)(C)C)c(C)c(Cc3cc(c(O)c(c3)C(C)(C)C)C(C)(C)C)c(C)c1Cc4cc(c(O)c(c4)C(C)(C)C)C(C)(C)C,-7.9814736459
1684,CC(C)(c1ccccc1)c2ccc(Nc3ccc(cc3)C(C)(C)c4ccccc4)cc2,-7.782007082100001
1685,CCN(CC)c1ccc2C=C(C(=O)Oc2c1)c3oc4ccc(cc4n3)[S](N)(=O)=O,-7.8310984133
1686,O=C1c2ccccc2C(=O)c3c4Nc5ccc6C(=O)c7ccccc7C(=O)c6c5Nc4ccc13,-7.946874563300001
1687,CCCCC(CC)COCCCNC(=O)Nc1cccc2c(NC(=O)NCCCOCC(CC)CCCC)cccc12,-8.0680715196
1688,Cc1cc(CCC(=O)OCC(C)(C)[CH]2OC[C]3(CO2)CO[CH](OC3)C(C)(C)COC(=O)CCc4cc(C)c(O)c(c4)C(C)(C)C)cc(c1O)C(C)(C)C,-8.2677435641
1689,[Ti+4].Fc1ccc(N2C=C[C-]=C2)c(F)c1.Fc3ccc(N4C=C[C-]=C4)c(F)c3.[cH-]5cccc5.[cH-]6cccc6,-8.1257893916
1690,CCN(CC)c1ccc2c(OC(=O)C(=C2C#N)c3sc4ccccc4n3)c1,-8.0974343241
1691,N#Cc1ccc(C=Cc2ccc(cc2)C=Cc3cccc(c3)C#N)cc1,-8.123728845599999
1692,COc1cc(ccc1N=NC(C(C)=O)C(=O)Nc2ccccc2)c3ccc(N=NC(C(C)=O)C(=O)Nc4ccccc4)c(OC)c3,-8.6167666964
1693,CCCCC(CC)CO[P](=O)(OCC(CC)CCCC)OCC(CC)CCCC,-8.85998044
1694,CCCCCCOc1ccc(c(O)c1)c2nc(nc(n2)c3ccccc3)c4ccccc4,-9.1518109699
1695,CCCCCCCCCCCCCCCCCCCC\C=C\C\C=C\CCCCCCCCCCCNCCCCCCCCCCCCCCCCCCCC\C=C\C\C=C\CCCCCCCCCCC,-9.7071062552
1696,CCCCCC(CCC)COC(=O)c1ccccc1C(=O)OCC(CCC)CCCCC,-9.6499887292
1697,CC1COc2ccccc2N1C(=O)C(Cl)Cl,-3.8353901487
1698,[H+].[Cl-].Fc1ccc(cc1)C(=O)C2CCNCC2,0.5890195686999999
1699,OCC(=O)CO,1.0138642136
1700,[Na+].[Na+].Oc1cc(cc2cc(cc(N=Nc3cc(N=Nc4cc(cc(c4O)[N+]([O-])=O)[N+]([O-])=O)c(O)c(N=Nc5ccc(cc5)[N+]([O-])=O)c3O)c12)[S]([O-])(=O)=O)[S]([O-])(=O)=O,-0.9675670249
1701,[Na+].[Na+].Oc1c2ccc(NC(=O)Nc3ccc4c(O)c(N=Nc5ccccc5)c(cc4c3)[S]([O-])(=O)=O)cc2cc(c1N=Nc6ccccc6)[S]([O-])(=O)=O,-1.8872466915
1702,[Cl-].C[N+](C)(C)CC1CO1,0.749634411
1703,CC(C)c1ccc(cc1)[S](O)(=O)=O,0.6127511139
1704,[Na+].[Na+].COc1cc(c(C)cc1NC(=O)C(N=Nc2ccc(cc2)c3sc4c(ccc(C)c4[S]([O-])(=O)=O)n3)C(C)=O)[S]([O-])(=O)=O,-0.9163461364
1705,[Na+].[Na+].[O-][S](=O)(=O)c1cc(N\N=C2/C(=O)C=Cc3ccccc23)ccc1c4ccc(N\N=C5/C(=O)C=Cc6ccccc56)cc4[S]([O-])(=O)=O,-1.8973139062
1706,Nc1ccc(cc1)C#N,-1.1429743647
1707,[K+].[O-]C(=O)CS,0.7806710209000001
1708,[Na+].OC(COCC=C)C[S]([O-])(=O)=O,0.5538399496
1709,O=C1OCCO1,0.9461910524
1710,OC(=O)CC(=C)C(O)=O,-0.2250282975
1711,[Cl-].N[C@@H](CCCN=C(N)N)C(O)=O.[H+],0.5397304724
1712,[Na+].CC(Nc1ccc(N\N=C\2C=C(c3ccccc3C2=O)[S]([O-])(=O)=O)c(C)c1)C(=O)c4ccccc4,-1.8129006218
1713,ClCC1CO1,-0.1473736792
1714,[Na+].[Na+].[Na+].[O-]C(=O)CN(CC([O-])=O)CC([O-])=O,0.3961032361
1715,[Na+].Nc1cc(N)c(cc1N=Nc2cc(ccc2O)[N+]([O-])=O)[S]([O-])(=O)=O,-0.7639420940999999
1716,N=C(c1ccccc1)c2ccccc2,-2.7811280063
1717,[Na+].[O-]C(=O)CS,0.7273991488
1718,[K+].CC(CC([O-])=O)CC(C)(C)C,0.4851623717
1719,[Na].[Na+].[Fe].Nc1cc(ccc1O)[N+]([O-])=O.Nc2cc(cc(c2O)[S]([O-])(=O)=O)[N+]([O-])=O.Oc3cccc(O)c3,-0.9940566873
1720,[Na+].[Na+].COc1cc(N=Nc2ccc(cc2)[S]([O-])(=O)=O)c(C)cc1N\N=C/3C(=O)c4ccc(Nc5ccccc5)cc4C=C3[S]([O-])(=O)=O,-2.0454014742
1721,[Na+].[Na+].Cc1ccccc1Oc2ccccc2N\N=C/3C(=O)c4c(NC(=O)c5ccccc5)cc(cc4C=C3[S]([O-])(=O)=O)[S]([O-])(=O)=O,-2.0506714672
1722,[O-][S](=O)(=O)CCC[NH+]1CCOCC1,0.4557825074
1723,[Na+].[Na+].[Na+].[Na+].[Na+].[Na+].[Na+].[Na+].NC(=O)Nc1cc(Nc2nc(Cl)nc(Nc3ccc(c4ccc(Nc5nc(Cl)nc(Nc6ccc(N=Nc7cc8c(cc(cc8[S]([O-])(=O)=O)[S]([O-])(=O)=O)cc7[S]([O-])(=O)=O)c(NC(N)=O)c6)n5)cc4[S]([O-])(=O)=O)c(c3)[S]([O-])(=O)=O)n2)ccc1N=Nc9cc%10c(cc(cc%10[S]([O-])(=O)=O)[S]([O-])(=O)=O)cc9[S]([O-])(=O)=O,-1.4981682805
1724,[Li+].[Cl-],1.1343979721
1725,OCC[C@@H]1CCCC[NH2+]1,0.6427483546
1726,[H+].[Cl-].NC(CO)(CO)CO,0.5514149152000001
1727,CC(C)COC(=O)[C@@H](C)O,-0.4128573351
1728,[Ca++].[O-]C(=O)CS,-0.3838981351
1729,CC1(C)CC(O)CC(C)(CN)C1,0.488999371
1730,[Na+].CC(=C)C[S]([O-])(=O)=O,0.5194215084
1731,[K+].[K+].[O-][S](=O)(=O)OO[S]([O-])(=O)=O,-0.6537301416
1732,O[C@@H](CNc1ccccc1)C[S]([O-])(=O)=O,0.1187844902
1733,CN(CCC#N)c1ccc(cc1)C=CC2=[N+](C)c3ccccc3C2(C)C.O[P](O)([O-])=O,-0.9304018204
1734,[Na+].CCCCCCCC1N(CCO)C=CN1CCC([O-])=O,0.2127067575
1735,[Na+].[Na+].[Na+].[Na+].[O-]C(=O)CN(CCN(CC([O-])=O)CC([O-])=O)CC([O-])=O,0.1189898767999999
1736,[F].[F].[F].[Cr],-0.3384166482
1737,CC(=C)C(=O)OCC1CO1,-0.4537890803
1738,[O-][N+](=O)c1[nH]ncc1,-1.2854728211
1739,[Na+].[Co+3].CC(=O)/C(=N/Nc1cc(ccc1[O-])[S](N)(=O)=O)C(=O)[N-]c2ccccc2.CC(=O)/C(=N/Nc3cc(ccc3[O-])[S](N)(=O)=O)C(=O)[N-]c4ccccc4,-2.2084701124
1740,CCCCCCOC(CO)CO,-1.0558122117
1741,[Br-].CC[N+]1(C)CCCC1,1.4101871429
1742,[K+].[O-]C(=O)c1ccccc1,0.4872673501
1743,[Cl-].NC(=O)c1ccc[n+](Cc2ccccc2)c1,0.2936103731
1744,CC(C)=CCC[C@@](C)(C=C)\C=C\c1ccc(O)cc1,-6.3370173812
1745,O.[Na+].[O-]OB=O,-0.8231002009999999
1746,COC(C)(C)CCOC(C)=O,-0.4390291979
1747,[Cr+3].[O-][P]([O-])([O-])=O,0.4859956397
1748,[Na+].[Na+].[Fe].Nc1ccc(cc1)[N+]([O-])=O.Nc2cc(cc(c2O)[N+]([O-])=O)[N+]([O-])=O.OC/3=CC(=O)C=CC3=N/Nc4cc(cc5cc(cc(O)c45)[S]([O-])(=O)=O)[S]([O-])(=O)=O,-1.3075465248
1749,[Na+].[Na+].[Na+].[Na+].[Na+].[Na+].[Na+].[Na+].Oc1c(Nc2nc(Cl)nc(Nc3ccc(Nc4nc(Cl)nc(Nc5c(O)c6c(cc(cc6N=Nc7ccc8c(cccc8[S]([O-])(=O)=O)c7[S]([O-])(=O)=O)[S]([O-])(=O)=O)cc5[S]([O-])(=O)=O)n4)cc3)n2)c(cc9cc(cc(N=Nc%10ccc%11c(cccc%11[S]([O-])(=O)=O)c%10[S]([O-])(=O)=O)c19)[S]([O-])(=O)=O)[S]([O-])(=O)=O,-0.634868411
1750,[Cl-].CCCCCCCCCCCCCC[N+](C)(C)Cc1ccccc1,-0.9531217854
1751,[F-].[F-].[Ni++],-0.3833170773
1752,NC(=O)NC1NC(=O)NC1=O,-1.5087824856999998
1753,[Na+].[Na+].[O-][S](=O)(=O)c1ccc(cc1)N=Nc2ccc(N\N=C\3C(=O)c4ccc(NC(=O)c5ccccc5)cc4C=C3[S]([O-])(=O)=O)cc2,-2.1566764476
1754,[Na+].[O-][S](=O)(=O)C1=CC(=O)C2=C(NNc3ccccc3[S](=O)(=O)c4ccccc4)C(=N)C=CC2=C1,-2.0888316761000003
1755,OC[P+](CO)(CO)CO.OC[P+](CO)(CO)CO.[O-][S]([O-])(=O)=O,1.9675126996
1756,O=C1CCO1,0.7104893861
1757,[K+].CC(C)CCOC([S-])=S,0.2378897232
1758,CCC(=O)N(C1CC[NH2+]CC1)c2ccccc2,-0.8352255084
1759,[Na+].[O-][S](=O)(=O)CCN1CCOCC1,0.1885297454
1760,CCCCCCCC(=O)OCC(O)CO,0.1794741305
1761,[Na+].[Na+].[Na+].[Co+3].CC(=O)\C(=N/Nc1cc(cc(c1[O-])[S]([O-])(=O)=O)[N+]([O-])=O)C(=O)[N-]c2ccccc2.CC(=O)\C(=N/Nc3cc(cc(c3[O-])[S]([O-])(=O)=O)[N+]([O-])=O)C(=O)[N-]c4ccccc4,-0.4747040271
1762,[Na+].[Na+].Nc1c(N=Nc2ccc(cc2)[N+]([O-])=O)c(cc3C=C(\C(=N/Nc4ccccc4)C(=O)c13)[S]([O-])(=O)=O)[S]([O-])(=O)=O,-1.2800595004000002
1763,[Li+].[O-]C(=O)c1ccccc1,0.3909106219
1764,CN(C)C(=O)NC[C@@]1(C)C[C@@H](CC(C)(C)C1)NC(=O)N(C)C,-1.8938187529
1765,[Na+].[Na+].Nc1ccc2C(=O)C(=N/Nc3ccc4C(=O)C(=N/Nc5ccccc5)\C(=Cc4c3)[S]([O-])(=O)=O)/C(=Cc2c1)[S]([O-])(=O)=O,-2.2101305551
1766,NC(=O)C[NH+](CC([O-])=O)CC([O-])=O,-1.7635818574000002
1767,[Ca++].NC#N,-0.4460963217
1768,OC(=O)CCSCCC(O)=O,-0.7991431977
1769,CCCCN[P](N)(N)=S,-0.7730339165000001
1770,[Na+].[Na+].[Na+].Cc1ccccc1Nc2nc(Cl)nc(Nc3cc(cc4C=C(/C(=N/Nc5ccccc5[S]([O-])(=O)=O)C(=O)c34)[S]([O-])(=O)=O)[S]([O-])(=O)=O)n2,-0.4572403676
1771,[H+].[Cl-].NN,1.5956288145
1772,[Na+].Oc1ccc2ccccc2c1N=Nc3ccc(cc3)[S]([O-])(=O)=O,-1.1158578961
1773,[Na+].[Na+].[Na+].[Na+].[Cu++].[Cu++].[O-]c1cc(ccc1N=Nc2c([O-])c(cc3cc(ccc23)[S]([O-])(=O)=O)[S]([O-])(=O)=O)c4ccc(N=Nc5c([O-])c(cc6cc(ccc56)[S]([O-])(=O)=O)[S]([O-])(=O)=O)c([O-])c4,-1.6074287478
1774,CO[S]([O-])(=O)=O.CC(C)N(C(C)C)c1sc(N=Nc2ccc(cc2)N(C)C)[n+](C)n1,-1.2596984381
1775,[Na+].[Na+].[O-][S](=O)(=O)c1cccc2c(cccc12)N=Nc3ccc(N=Nc4ccc(Nc5ccccc5)c6c4cccc6[S]([O-])(=O)=O)c7ccccc37,-1.4631185388
1776,[Li+].CC1=NN(C(=N)/C1=N/Nc2cc(Cl)c(cc2Cl)[S]([O-])(=O)=O)c3ccccc3,-1.2370685249
1777,CC(C)CC1CC(C)(O)CCO1,2.1376816201
1778,[Na+].[Na+].Cc1ccc(cc1)[S](=O)(=O)Oc2ccc(cc2)N=Nc3ccc(N=Nc4ccc(Nc5ccc(cc5[S]([O-])(=O)=O)[N+]([O-])=O)cc4)c6ccc(cc36)[S]([O-])(=O)=O,-1.5709847474
1779,Cc1cc(C)c(N)c(C)c1N,-0.8207163555
1780,[Na+].[Na+].Nc1ccc(N=Nc2ccc(N\N=C\3C(=O)c4c(N)c(N=Nc5ccc(cc5)N=Nc6ccc(N)cc6N)c(cc4C=C3[S]([O-])(=O)=O)[S]([O-])(=O)=O)cc2)c(N)c1,-1.5687181444
1781,CC1(C)CC(=O)CC(C)(C)N1[O],0.1034125496
1782,[Na+].[Na+].Nc1ccc(N=Nc2ccc(cc2)[S](=O)(=O)Nc3ccc(cc3)N=Nc4c(N)c5c(O)c(N=Nc6ccccc6)c(cc5cc4[S]([O-])(=O)=O)[S]([O-])(=O)=O)c(N)c1,-0.6029811942000001
1783,Cc1ccc(O)cc1,-0.7015479053
1784,[Na+].Nc1c(cc(NC2CCCCC2)c3C(=O)c4ccccc4C(=O)c13)[S]([O-])(=O)=O,-1.2963650985
1785,NC1=NC(=O)N(C=C1)C2OC(CO[P](O)(O)=O)C(O)C2O,-1.1987753523
1786,[Na+].[O-][N+](=O)c1ccc(Nc2ccc(Nc3ccccc3)c(c2)[S]([O-])(=O)=O)c(c1)[N+]([O-])=O,-2.1991373631
1787,COC(=O)c1ccccc1N,-1.7338470451
1788,[Na+].Nc1c(cc(Nc2ccccc2)c3C(=O)c4ccccc4C(=O)c13)[S]([O-])(=O)=O,-2.1738960877
1789,[Na+].CC1=NN(C(=O)C1N=Nc2cc(Cl)ccc2Oc3ccccc3Cl)c4cc(ccc4Cl)[S]([O-])(=O)=O,-2.3162215849
1790,CCNC(=S)OC(C)C,-1.7447887835
1791,CCOC(=O)c1ccc(O)c(O)c1,-1.8556550616
1792,OC(=O)c1cc(cc(c1)C(O)=O)C(O)=O,-1.9422995529
1793,COc1ccc(CCC#N)cc1OC,-1.9013447833
1794,[Na+].CC1=NN(C(=O)C1N=Nc2cccc(c2)[S](=O)(=O)NCCc3ccccc3)c4cc(Cl)c(cc4Cl)[S]([O-])(=O)=O,-2.4299809947
1795,[Na+].[Na+].Cc1ccc(cc1)[S](=O)(=O)Nc2cc(cc3C=C(C(=N/Nc4ccc(Oc5ccccc5C)cc4Oc6ccccc6C)\C(=O)c23)[S]([O-])(=O)=O)[S]([O-])(=O)=O,-2.5669690772
1796,[Na+].[Na+].[Na+].[Na+].COc1cc(N=Nc2cc(cc3cc(cc(O)c23)[S]([O-])(=O)=O)[S]([O-])(=O)=O)c(C)cc1NC(=O)Nc4cc(C)c(cc4OC)N=Nc5cc(cc6cc(cc(O)c56)[S]([O-])(=O)=O)[S]([O-])(=O)=O,-2.6903136873
1797,O=C1NC(=O)C2CCCC12,0.1553573817
1798,[Na+].[O-][S](=O)(=O)CCNC1CCCCC1,-0.0784185571
1799,[Na+].[Na+].[O-][S]([O-])(=O)=O,0.1263337648
1800,C[C@]12CC[C@H]3[C@@H](CCC4=C3CCC(=O)C4)[C@@H]1CC[C@@H]2O,-4.947028744
1801,OCC(CO)(CBr)CBr,-1.1304017512
1802,[Na+].[Na+].[Na+].[Na+].[Na+].[Na+].[O-]C(=O)c1ccc[n+](c1)c2nc(NCCNc3ccc4N=C5C(=C6Oc7c(ccc(NCCNc8nc(Nc9cc(ccc9[S]([O-])(=O)=O)[S]([O-])(=O)=O)nc(n8)[n+]%10cccc(c%10)C([O-])=O)c7[S]([O-])(=O)=O)N=C6C(=C5Oc4c3[S]([O-])(=O)=O)Cl)Cl)nc(Nc%11cc(ccc%11[S]([O-])(=O)=O)[S]([O-])(=O)=O)n2,-0.9522048024
1803,[Na+].Nc1ccc(N\N=C\2C=Cc3c(cccc3[S]([O-])(=O)=O)C2=O)cc1,-1.2915600389
1804,C/C=C(\C)/C(=O)OC1C(C2(C(CC1(C)C)C3=CCC4C5(CCC(C(C5CCC4(C3(CC2O)C)C)(C)CO)OC6C(C(C(C(O6)C(=O)O)OC7C(C(C(C(O7)CO)O)O)O)O)OC8C(C(C(C(O8)CO)O)O)O)C)CO)OC(=O)C,-1.1031036675
1805,[Cl-].[Cl-].[Sn++],-0.0274572689
1806,[K+].OP(O)O,1.1524094081999998
1807,[Na+].[Na+].[Cu].COc1ccc(cc1N)[S]([O-])(=O)=O.Nc2ccc(c(N)c2)[N+]([O-])=O.Oc3cccc([O-])c3,-1.5043501961
1808,[Na+].[Na+].[Na+].[Na+].COc1ccc(N\N=C\2C(=O)c3ccc(Nc4nc(Nc5ccc6C(=O)C(=N/Nc7ccc(OC)cc7[S]([O-])(=O)=O)/C(=Cc6c5)[S]([O-])(=O)=O)nc(n4)N8CCOCC8)cc3C=C2[S]([O-])(=O)=O)c(c1)[S]([O-])(=O)=O,-1.8252827514
1809,[Na+].[Na+].[Na+].[O-]C(=O)C1=NN(c2ccc(cc2)[S]([O-])(=O)=O)C(=O)C1N=Nc3ccc(cc3)[S]([O-])(=O)=O,-0.5049964012
1810,CC(N)C(O)=O,0.2678986156
1811,[Na+].[Na+].Cc1ccc(cc1)[S](=O)(=O)Nc2cc(cc3C=C(C(=N/Nc4cc(Cl)ccc4Oc5ccccc5)\C(=O)c23)[S]([O-])(=O)=O)[S]([O-])(=O)=O,-0.6679306861
1812,[H+].[Cl-].CC(C)(C)N(CC(=O)c1ccc(O)c(CO)c1)Cc2ccccc2,-1.3487765491
1813,[Cl-].CN(N=CC1=[N+](C)c2ccccc2C1(C)C)c3ccc(C)cc3,-1.3292188053
1814,ON=C1CCCCC1,-0.8495729560999999
1815,[Na+].[Na+].[Na+].[Na+].[Na+].[Na+].Nc1c(N=Nc2cc(Nc3nc(Cl)nc(Nc4cccc(c4)[S]([O-])(=O)=O)n3)ccc2[S]([O-])(=O)=O)c(cc5C=C(/C(=N/Nc6cc(Nc7nc(Cl)nc(Nc8cccc(c8)[S]([O-])(=O)=O)n7)ccc6[S]([O-])(=O)=O)C(=O)c15)[S]([O-])(=O)=O)[S]([O-])(=O)=O,-0.9572055168
1816,OC(=O)C1CCCN1,1.1291356492
1817,[Ca++].[O-]P=O.[O-]P=O,-0.0326449205
1818,[NH4+].[Fe+3].[O-]C(=O)CN(CCCN(CC([O-])=O)CC([O-])=O)CC([O-])=O,0.1050056219999999
1819,[Na+].[Na+].COc1nc(Nc2ccccc2)nc(Nc3ccc(\C=C\c4ccc(Nc5nc(Nc6ccccc6)nc(OC)n5)cc4[S]([O-])(=O)=O)c(c3)[S]([O-])(=O)=O)n1,-1.7615101482
1820,[Na+].Cc1ccc(N[S](=O)(=O)c2cc(NNC3=C4C(=O)C=C(C=C4C=CC3=N)[S]([O-])(=O)=O)ccc2Cl)c(C)c1,-0.6308713175
1821,[Na+].Cc1cc(ccc1N\N=C2\C(=O)C=Cc3ccccc23)[S]([O-])(=O)=O,-0.4366004304
1822,[Na+].[Na+].CC(=O)Nc1cc(cc2C=C(\C(=N/Nc3ccccc3)C(=O)c12)[S]([O-])(=O)=O)[S]([O-])(=O)=O,-0.5866084475
1823,CN(C)C1CCCCC1,-0.9774881423
1824,[Li+].[Li+].[O-]C([O-])=O,-0.7546423143000001
1825,[Na+].[Na+].CC(=O)Nc1ccc2C=C(\C(=N/Nc3ccc(cc3)[S](=O)(=O)CCO[S]([O-])(=O)=O)C(=O)c2c1)[S]([O-])(=O)=O,-0.6794075026
1826,[Na+].CCN(CC)c1ccc(cc1)[C+](c2ccc(cc2)N(CC)Cc3cccc(c3)[S]([O-])(=O)=O)c4ccc(cc4)N(CC)Cc5cccc(c5)[S]([O-])(=O)=O,-0.7717026898999999
1827,NCCCCCCNC(O)=O,-0.0952988049
1828,[Li].O[S](=O)(=O)C(F)(F)F,0.9030401981
1829,NC(N)=N.O[N+]([O-])=O,0.0102512628
1830,CCOCCOCCOC(=O)C=C,-0.181251006
1831,N#CCCC#N,0.1752408894
1832,[Na+].[Na+].Cc1cc(ccc1NNC2=C(C=C3C=CC(=O)C=C3C2=O)[S]([O-])(=O)=O)C4(CCCCC4)c5ccc(NNC6=C(C=C7C=CC(=O)C=C7C6=O)[S]([O-])(=O)=O)c(C)c5,-0.8547884607999999
1833,O[S](=O)(=O)c1ccccc1,0.8489070931
1834,Cc1cccc(c1C)[S](O)(=O)=O,0.7779988658
1835,[Na+].Nc1cc(cc2cc(cc(O)c12)[S]([O-])(=O)=O)[S](O)(=O)=O,-1.476228892
1836,OC(=O)C(O)=O,0.0790172102
1837,[K].OC(=O)C(O)=O.OC(=O)C(O)=O,-0.3073494259
1838,[Li+].[O-][N+]([O-])=O,1.1700973958
1839,CCCCNCCO,0.931102034
1840,CNCCO,1.1242964559
1841,NCCO,1.2140725315
1842,CN(C)C=O,1.1361123296
1843,[OH-].[Cr+3].[O-][S]([O-])(=O)=O,0.7823423727
1844,[Na+].S,1.2435692985
1845,[Na+].CCN(CC)[S](=O)(=O)c1ccc(OC)c(N\N=C\2C=C(c3ccccc3C2=O)[S]([O-])(=O)=O)c1,-2.4667539114
1846,CCOC(=O)N(CC)c1ccccc1,0.8673994761
1847,Oc1ccc(cc1)[S](=O)(=O)c2ccc(O)cc2,-2.3570247849
1848,OC[C@H]1O[C@@H](Oc2cc(O)cc(O)c2C(=O)CCc3ccc(O)cc3)[C@H](O)[C@@H](O)[C@@H]1O,-2.639897679
1849,Cc1c(N)cccc1Cl,-2.1510663204
1850,CC(=O)OCCc1ccccc1,-2.2317574452
1851,OC(=O)CCCCC1CCSS1,-2.3750473352
1852,Cc1ccccc1OCC2CO2,-2.2911044462
1853,CCCCCCCCCCCCCC[N+](C)(C)C.CCCCCCCCCCCCCC[N+](C)(C)C.[O-]C(=O)C([O-])=O,-2.8980709963
1854,[Na+].O[S](=O)(=O)CCN1CCN(CC1)CC[S]([O-])(=O)=O,-2.7475939424
1855,Clc1ccc2N(C3CC[NH2+]CC3)C(=O)Nc2c1,-2.6630758608
1856,CC(CC=O)CC(C)(C)C,-2.6759065954
1857,Clc1ccccc1Cl,-3.0533857998
1858,COc1ccc(\C=C\C)cc1,-3.1255398769
1859,[Cl-].[Cl-].[Cl-].[Cr+3],-3.1996317806
1860,NC1=Nc2[nH]cc(CCc3ccc(cc3)C(O)=O)c2C(=O)N1,-3.5742890365
1861,C.[Mo].[Mo],-3.4202754414
1862,[Na+].CCCCCCCCCCCCCCCC(=O)N1[C@@H](CCC1=O)C([O-])=O,-4.0223191178
1863,CCOC(=O)N(c1ccccc1)c2ccccc2,-3.9692395593
1864,[O--].[O--].[O--].[O--].[O--].[O--].[Al+3].[Al+3].[Ca++].[Ca++].[Ca++].[Ca++].[Ca++].[Ca++].[O-][S]([O-])(=O)=O.[O-][S]([O-])(=O)=O.[O-][S]([O-])(=O)=O,-3.0742274262
1865,Nc1ccc(OCc2cccc(F)c2)c(Cl)c1,-4.6932923336000005
1866,Oc1c(Br)c2ccccc2nc1C3C(=O)c4ccccc4C3=O,-4.8670972664
1867,CC(C)CCCC(C)CCCC(C)CCCCC(C)CCCC(C)CCCC(C)C,-5.1490404299
1868,[Ca++].[O-][Sn]([O-])=O,-5.616551128099999
1869,CCCCCCCCCCCCCCC/C=C/CC(CC(O)=O)C(O)=O,-6.9644458512
1870,CCCCCCCCCCCCCCCCOc1ccccc1C(=O)CC(=O)Nc2scc(n2)c3ccccc3,-4.8472795348
1871,CC(C)OCCOC(C)=O,-0.1657752416
1872,[NH4+].[NH4+].[NH4+].[Cl-].[Cl-].[Cl-].[Cl-].[Cl-].[Cl-].[Rh+3],-0.5687670702000001
1873,CC(CC(O)=O)CC(C)(C)C(O)=O,-0.2790374966
1874,OC(=O)c1cc(ccc1O)[S](O)(=O)=O,0.6554902722
1875,N[S](O)(=O)=O.C1COCCN1,0.727886015
1876,[F-].[K+],1.2284072863
1877,OCCN1CCNC1=O,0.8776773261
1878,Nc1ccc(OCCO)c(N)c1,-0.2337041755
1879,CC(=C)C(O)=O,0.0562733679
1880,CC(=C)C(=O)OC(=O)C(C)=C,-0.1967597116
1881,CC[N+](CC)(CC)CC.[O-]C(=O)c1ccccc1,0.583312842
1882,[Na+].[O-]C#N,0.1711169096
1883,[Na+].OC([O-])=O,0.0579609271
1884,OCCNCCO,0.9577927941
1885,C=CC(=O)OCCOCCOCCOCCOC(=O)C=C,-0.5000132962
1886,[Na+].CCN(CC)c1cc2[o+]c3cc(N(CC)CC)c(C)cc3c(c2cc1C)c4ccc(cc4[S]([O-])(=O)=O)[S]([O-])(=O)=O,-0.8053203897
1887,[Na+].[Br-],0.9635010857
1888,COCCOCCOC,0.8454562496
1889,C/C=C/C(O)=O,0.0381751458
1890,[Ba++].[O-][N+]([O-])=O.[O-][N+]([O-])=O,-0.4440713859
1891,[Zn++].[O-]C(=O)C1CCC(=O)N1.[O-]C(=O)C2CCC(=O)N2,-0.5341935881000001
1892,[Ca++].O[P](O)([O-])=O.O[P](O)([O-])=O,-0.3966430532
1893,[K+].CN(C)CC([O-])=O,0.8091728638
1894,[K+].OC([O-])=O,0.9537476957
1895,CC(=C)CCO,0.0190678934
1896,[Na+].CCC(C)c1cc(cc(n2nc3ccccc3n2)c1O)[S]([O-])(=O)=O,-1.5762449498
1897,Cc1ccc(N)cc1,-1.0477452605
1898,[Na+].[Na+].Cc1ccc(cc1[S]([O-])(=O)=O)[S](=O)(=O)c2cc(NC(=O)C(Br)=C)ccc2N=Nc3c(N)ccc4cc(ccc34)[S]([O-])(=O)=O,-1.8948362305
1899,CCOc1ccccc1O,-1.1714515037
1900,CCC1(COCOC1)COC(=O)C=C,-1.3330548746
1901,COc1cc(C=O)ccc1O,-1.2280265929
1902,BrCBr,-1.2858947125
1903,[Na+].[Na+].[O-][Se]([O-])=O,0.7153884158
1904,[Na+].[Cl-].[O-]C(=O)c1ccc[n+](Cc2ccccc2)c1,0.5192202667
1905,CC(C)(N)C#C,1.0316559884
1906,[Na+].[O-][V](=O)=O,0.2664613742
1907,[Na+].[Na+].CCN1C(=O)C(=N/Nc2cc(Nc3nc(F)nc(Nc4cc(ccc4Cl)[S]([O-])(=O)=O)n3)ccc2[S]([O-])(=O)=O)\C(=C(C(N)=O)C1=O)C,-0.9210343837
1908,CC(O)CNCC(C)O,0.815044373
1909,C1N2CN3CN1CN(C2)C3,0.7924026819
1910,O.O.O.O.O.O.O.[Cl-].[Cl-].[Cl-].[La+3],0.3652265972
1911,CCC1CO1,0.080542298
1912,[Al+3].[O-]C=O.[O-]C=O.[O-]C=O,-0.2746003214999999
1913,O=C1CCCCC1,-0.0573697280999999
1914,[NH4+].[NH4+].[O-][S](=O)(=O)OO[S]([O-])(=O)=O,0.5710956732
1915,[Cl-].C[N+](C)(C)CC(O)CCl,0.6474063078
1916,CC(C)(CO)CO,0.901422988
1917,CCOC(C)=O,-0.025404461
1918,[Cl].[Cl].[Rh].[Rh].C\1C\C=C/CC\C=C1.C\2C\C=C/CC\C=C2,-2.4997980736
1919,[K+].OC(=O)c1ccccc1C([O-])=O,-0.3910244327
1920,[Na+].[Na+].[Na+].[Na+].[Na+].[Na+].[O-][W]([O-])(=O)=O.[O-][W]([O-])(=O)=O.[O-][W]([O-])(=O)=O.O=[W](=O)=O.O=[W](=O)=O.O=[W](=O)=O.O=[W](=O)=O.O=[W](=O)=O.O=[W](=O)=O.O=[W](=O)=O.O=[W](=O)=O.O=[W](=O)=O,-0.4724611164
1921,[Na+].[O-]C(=O)CCl,0.8486241841
1922,O=C1CCCCCN1,0.8601209136
1923,[Na+].[O-]N=O,1.0749962334
1924,[Na+].Cc1ccc(cc1)[S]([O-])(=O)=O,0.6245331513
1925,COc1ccc([NH2+]CCO)cc1[NH3+].[O-][S]([O-])(=O)=O,-0.5343422948
1926,C=CCNCC=C,-0.0790069571
1927,CO[P](=O)(CCC(=O)NCO)OC,1.5784906741
1928,OCCN(CCO)c1nc(Nc2ccccc2)nc(Nc3ccc(\C=C\c4ccc(Nc5nc(Nc6ccccc6)nc(n5)N(CCO)CCO)cc4[S](O)(=O)=O)c(c3)[S](O)(=O)=O)n1,-1.0592793487
1929,N#CCCCCC#N,-0.1309124421
1930,CC(=O)CC(=O)Nc1ccccc1,-1.2990810635
1931,CO[S]([O-])(=O)=O.CN(N=CC1=[N+](C)c2ccccc2C1(C)C)c3ccc(C)cc3,-1.6762060534999998
1932,COc1ccc(cc1)N(C)N=CC2=[N+](C)c3ccccc3C2(C)C.CO[S]([O-])(=O)=O,-1.6925364836
1933,CCCCC(CC)(CO)CO,-1.2603343364
1934,CI,-1.2145838492
1935,CC\C=C(/C)C=O,-1.0573697281
1936,O=C1OC(=O)c2cc3C(=O)OC(=O)c3cc12,-1.4062217243
1937,CCCCOC(=O)CCC(C)=O,-1.306674746
1938,CC1CCC2C(C1)C(=O)OC2=O,-1.3015260488
1939,[Ca++].CCCCC(CC)C([O-])=O.CCCCC(CC)C([O-])=O,-1.5917155587
1940,Cc1cccc(C)c1N,-1.167514488
1941,COC(=O)C1CCC(CC1)C(=O)OC,-1.3871946661
1942,[Na+].CCCCC(CC)COC(=O)CC(C(=O)OCC(CC)CCCC)[S]([O-])(=O)=O,-1.7357141887
1943,NC(=O)c1ccc(N)cc1,-1.2255453859
1944,CN1C(=O)N(C)c2nc[nH]c2C1=O,-1.3525852601
1945,CC(CC#N)CC(C)(C)C#N.CC(CC(C)(C)CC#N)C#N,-1.5746822213999998
1946,CN(C)Cc1ccccc1,-1.2279188258
1947,ClC(Cl)Cl,-1.1738343117
1948,[NH4+].[Br-],1.908299785
1949,C=CC(=O)OCC1CCCO1,-0.2954517157
1950,[K+].CC(=O)CC(=O)Nc1ccc(cc1)[S]([O-])(=O)=O,0.4217473345
1951,CCOC1=C(O)C(=O)O[C@@H]1[C@@H](O)CO,0.5809706515999999
1952,[Na+].[Na+].[Na+].[Na+].CC(O)([P]([O-])([O-])=O)[P]([O-])([O-])=O,0.4204601089999999
1953,COC(=O)\C=C/C(=O)OC,-0.2672048758999999
1954,Cc1cc(O)ccc1O,-0.2074175173999999
1955,CNC(=O)NC,0.9386362339
1956,[NH4+].[NH4+].[NH4+].[NH4+].[O-][Mo]([O-])(=O)=O.[O-][Mo]([O-])(=O)=O,-2.5804798622
1957,[Na+].CCCCC(CC)CN(CCC(O)=O)CCC([O-])=O,0.4104692649
1958,[Cu++].CC([O-])=O.CC([O-])=O,-0.3755357121
1959,[H+].[Cl-].CN(C)C,0.8993339870999999
1960,CNC.OC(=O)COc1ccc(Cl)cc1Cl,0.4499772209
1961,COCCC(=O)OC,0.8026937067000001
1962,[K+].[O-]C#N,0.9659600909
1963,OCCCCOC=C,-0.18999534
1964,[K+].[O-]P=O,0.8626748208
1965,O.[Na+].[O-]P=O,0.8546356528
1966,CCCCOCC1CO1.CC(C)N.FB(F)F,-0.5379542498
1967,[Cl-].C(c1ccccc1)[P+](c2ccccc2)(c3ccccc3)c4ccccc4,-0.7188245606999999
1968,[Na+].[O-][S](=O)(=O)C(CC(=O)OC1CCCCC1)C(=O)OC2CCCCC2,-0.7147015973999999
1969,CN(CCC#N)c1ccc(cc1)C=CC2=[N+](C)c3ccccc3C2(C)C.[O-][S]([O-])(=O)=O,-0.7741720686
1970,[Na+].[Na+].[O-][S](=O)(=O)OO[S]([O-])(=O)=O,0.4865525209
1971,[Na+].CC1=NN(C(=O)C1N=Nc2ccc(C)c(c2)[S](=O)(=O)Nc3ccccc3)c4ccc(cc4)[S]([O-])(=O)=O,-0.8725523685
1972,OC(=O)C=C,0.0059673299
1973,CN,1.3686434782
1974,[Na+].[Fe+3].[O-]C(=O)CN(CCN(CC([O-])=O)CC([O-])=O)CC([O-])=O,-0.7073891823999999
1975,C=CC(=O)OC1C=CC2C3CCC(C3)C12,-3.7081424715
1976,[Na+].[O-][S](=O)(=O)CC=C,0.6949528649
1977,[Na+].[Na+].[Na+].[Na+].Cc1cc(Nc2nc(NCCO)nc(Nc3ccc(N=Nc4cc5c(cccc5[S]([O-])(=O)=O)c(c4)[S]([O-])(=O)=O)c(C)c3)n2)ccc1N=Nc6cc7c(cccc7[S]([O-])(=O)=O)c(c6)[S]([O-])(=O)=O,-1.1748734719
1978,COc1ccc2cc(oc2c1)C3N(C)c4cc(ccc4[NH+]3C)[S](C)(=O)=O.CC([O-])=O,0.2125744685999999
1979,[Na+].OCCN1CCN(CC1)CC[S]([O-])(=O)=O,0.4318666789
1980,NC(=O)[C@@H]1CCC[NH2+]1,0.7853597575
1981,[nH]1cncn1,1.0058274476
1982,[H+].[Br-],1.3775443727
1983,[Na+].[O-]C=O,1.0125444228
1984,Oc1ccc(O)cc1,-0.1967366109
1985,NC(CC(O)=O)C(O)=O,-1.2293181874
1986,[I-].CC[P+](c1ccccc1)(c2ccccc2)c3ccccc3,-1.7271281938
1987,[V],-0.8144249576
1988,Nc1ccc(Nc2ccc(cc2[S](O)(=O)=O)[N+]([O-])=O)cc1,-1.5982895297
1989,[Cl-].Cn1c2ccccc2c(C=CC3=[N+](C)c4ccccc4C3(C)C)c1c5ccccc5,-1.743927996
1990,C1COC=CC1,-1.0383982131
1991,CCCCCCC(O)CO,-1.2899752166
1992,CCN(C(C)C)C(C)C,-1.2416022633
1993,[Na].Nc1cc(c(O)c2C(=O)c3c(N)cc(c(O)c3C(=O)c12)[S](O)(=O)=O)[S](O)(=O)=O,-1.7991126191
1994,CC(C)OC(=O)C(F)(F)F,-1.336078753
1995,[Na+].[Na+].CN=C1C=CC2=CC(=CC(=O)C2=C1NNc3ccc(NC(=O)C(Br)=C)cc3[S]([O-])(=O)=O)[S]([O-])(=O)=O,-1.9476532093
1996,[Na+].CCOc1ccc(C)cc1N=Nc2ccc(N=Nc3cccc(c3)[S]([O-])(=O)=O)c4ccccc24,-1.8471355444
1997,OC(=O)\C=C\C(O)=O,-1.2196294277
1998,CC(O)CN(CC(C)O)c1ccc(C)cc1,-1.5038218002
1999,CCO[S](=O)(=O)OCC,-1.3429497185
2000,[Na+].CN(Cc1ccc(Nc2cc(c(N)c3C(=O)c4ccccc4C(=O)c23)[S]([O-])(=O)=O)cc1)[S](=O)(=O)c5ccc(C)cc5,-1.9428219908
2001,[K+].[O-]C(=O)C(F)(F)F,0.6610693015
2002,[Na+].[Na+].[O-][P]([O-])(F)=O,0.6844005874
2003,OC=O,1.1758552936
2004,[NH4+].[NH4+].OC(=O)CN(CCN(CC(O)=O)CC([O-])=O)CC([O-])=O,0.3226990562
2005,CCCCCCCCCCCC[N+](C)(C)CC(O)C[S]([O-])(=O)=O,0.2865181043
2006,[K+].[Br-],0.7556754335
2007,Cc1ccc(cc1[S](O)(=O)=O)[N+]([O-])=O,0.4924399529
2008,[Cr+3].CC([O-])=O.CC([O-])=O.CC([O-])=O,0.4692256086
2009,O[C@@H](C(O)=O)c1ccccc1Cl,-0.4390279004999999
2010,[Na+].[Na+].[O-][S](=O)(=O)c1ccc2c(C=CC(=O)/C2=N/Nc3ccc(N=Nc4ccc(Nc5ccccc5)c(c4)[S]([O-])(=O)=O)c6ccccc36)c1,-1.0156300044
2011,[I-].[Cs+],0.4112261076
2012,[Cl-].CN1C[NH+](C=C)C=C1,0.6585802853
2013,[Cl-].N[C@@H](CS)C(O)=O.[H+],0.6219271018
2014,[Ru+3].[Ru+3].[Ru+3].CC([O-])=O.CC([O-])=O.CC([O-])=O.CC([O-])=O.CC([O-])=O.CC([O-])=O.CC([O-])=O,-0.0356831695
2015,CCCCO,-0.0504090528
2016,[Na+].[Na+].[O-][Mo]([O-])(=O)=O,0.5020204465
2017,[Cl].[Fe].[O-][S]([O-])(=O)=O,0.540234161
2018,[Cl-].[Cl-].[Cl-].[Fe+3],0.6028517968
2019,[Fe++].[O-][S]([O-])(=O)=O,0.6313327107
2020,[Na+].COc1ccc(cc1)N=Nc2ccc(cc2OC)N=Nc3cccc(c3)[S]([O-])(=O)=O,-0.8354591701
2021,[Na+].[O-]N1C=CC=CC1=S,0.6370124426
2022,[Na+].OC[C@H](O)C1OC(=O)[C-](O)C1=O,0.5110430921
2023,[Cl-].[Cl-].[Ni++],0.6949333776000001
2024,[Na+].Cc1c(CNC(=O)CCl)c(C)c(Nc2cc(c(N)c3C(=O)c4ccccc4C(=O)c23)[S]([O-])(=O)=O)c(C)c1CNC(=O)CCl,-1.0175519333
2025,CC(C)=CCO,-0.128994642
2026,[Ca++].N[S]([O-])(=O)=O.N[S]([O-])(=O)=O,0.4388612161999999
2027,NCCCCCCN,0.7389034055
2028,[Na+].OC[S]([O-])=O,0.731520726
2029,[nH]1ccnc1,0.9683905422
2030,[Na+].N[C@@H](CC(O)=O)C([O-])=O,0.6099273323
2031,[Mn++].[O-][P]([O-])([O-])=O.[O-][P]([O-])([O-])=O,0.4103907799
2032,CCC(C)(C)OO,-0.2165945745
2033,NCCc1ccccc1,-0.2823811698
2034,CC1(C)CC(O)CC(C)(C)N1[O],0.5627035438
2035,[Na+].Cc1cccc2n[n-]nc12,0.6051674279
2036,O=C1CCC(=O)O1,-0.2016662739
2037,[Ca++].CCC([O-])=O.CCC([O-])=O,-0.4769347221
2038,OCC(CO)(CO)CO,-0.3416163866
2039,CC(C)C(=O)OC(=O)C(C)C,0.5917902317
2040,[Na+].[O-]C(=O)[C@@H]1CCC(=O)N1,0.6082046329
2041,[Na+].[Na+].CCN(Cc1cccc(c1)[S]([O-])(=O)=O)c2ccc(cc2)[C+](c3ccc(cc3)N(CC)Cc4cccc(c4)[S]([O-])(=O)=O)c5ccccc5[S]([O-])(=O)=O,-0.1131580367
2042,[Na+].[Na+].[O-][P](=O)=O,0.6893014740000001
2043,CC1(C)C(O)C(C)(C)C1O,-0.3736775878
2044,[K+].[K+].[K+].OC(CC([O-])=O)(CC([O-])=O)C([O-])=O,0.2961937852
2045,OCCOCCOCCCNc1ccc(NCCCOCCOCCO)c2C(=O)c3ccccc3C(=O)c12,0.0571886956
2046,CC(O)=O,1.0017178079
2047,OC(=O)CCC(=O)C(O)=O,0.6148800726
2048,[Na+].[Na+].[O-][S](=O)(=O)CCCSSCCC[S]([O-])(=O)=O,0.2286526355
2049,CC(=C)C=O,-0.0675110058
2050,CC(C)C=O,-0.0798261768
2051,CC(C)O[P](S)(=S)OC(C)C,-0.5528547078
2052,CNC(=O)C(C)(C(C)C)C(C)C,-1.3948677058
2053,ClC(Cl)=O,-1.1608458422
2054,OC(=O)CC1(CCCCC1)CC(O)=O,-1.4722340504
2055,[Sr],-1.1139433523
2056,NC(=O)CC[C@H](NC(=O)C[NH3+])C([O-])=O,-0.194310278
2057,[Li].[Na].[K].CC(C)(C)c1ccc(cc1)[S](=O)(=O)Nc2ccc3cc(ccc3c2)[S](=O)(=O)c4cc5N=C6C(=C7Oc8c(ccc(N)c8[S](O)(=O)=O)N=C7C(=C6Oc5c(c4N)[S](O)(=O)=O)Cl)Cl,-2.1807658976
2058,CCSC,-1.0569732819
2059,O=Cc1ccccc1,-1.2095723109
2060,CCC(C)(OO)OOC(C)(CC)OO,-1.5077732457
2061,CN[C@@H](C)[C@@H](O)c1ccccc1,-1.4051913165
2062,CCOC(=O)C(C)C,-1.2554968887
2063,S=[Sr],0.0036602887
2064,O=C1OC(=O)c2ccccc12,-1.3644249332
2065,Cl\C=C\Cl,-1.1871803856999998
2066,c1ccc2ncccc2c1,-1.325093551
2067,CC(=O)c1ccccc1.CC(C)(O)c2ccccc2.Oc3ccccc3,-1.7593061432
2068,[Na+].[Na+].Nc1c2C(=O)c3ccccc3C(=O)c2c(cc1[S]([O-])(=O)=O)c4cc(c(N)c5C(=O)c6ccccc6C(=O)c45)[S]([O-])(=O)=O,-2.0301800533
2069,CCN1CCCCC1,-1.2757105223
2070,Cc1ccc(N)c(c1)[S](O)(=O)=O,-1.4942009905000002
2071,OC(=O)c1cc(C(O)=O)c(cc1C(O)=O)C(O)=O.C2CN=C(N2)c3ccccc3.C4CN=C(N4)c5ccccc5,-1.9594675236
2072,O=C1NCCN1,0.8402733738
2073,[O--].[O--].[O--].[Fe+3].[Fe+3],-3.7261483073
2074,[NH3+]O.[NH3+]O.[O-][S]([O-])(=O)=O,0.553426318
2075,[Cl-].[Cl-].[Co++],0.654418336
2076,[K+].O[P](O)(O)=O,0.6286564425
2077,[K+].CCCCCCCCCCCCCC(=O)N[C@@H](CCC(O)=O)C([O-])=O,-0.8308225768999999
2078,CC(=O)OCC(COC(C)=O)OC(C)=O,-0.5754367043
2079,CC1(C)CO1,-0.0945494336
2080,CCCCCCOC1O[C@H](CO)[C@@H](O)[C@H](O)[C@H]1O,-0.6586987459
2081,OC(=O)CC(O)(CC(O)=O)C(O)=O,0.4768431239
2082,Nc1[nH]ncn1,0.8326929954000001
2083,OCCN1C(=O)N(CCO)C(=O)N(CCO)C1=O,0.3403663284
2084,[Na+].OC(=O)CC(O)(CC(O)=O)C([O-])=O,0.4252480461999999
2085,[Na+].[Na+].Nc1c2C(=O)c3ccccc3C(=O)c2c(Nc4ccc(NC(=O)C(Br)=C)cc4[S]([O-])(=O)=O)cc1[S]([O-])(=O)=O,-1.0618038915
2086,[Na+].[Na+].NC(=O)CCN(CCO)c1nc(Nc2ccccc2)nc(Nc3ccc(\C=C\c4ccc(Nc5nc(Nc6ccccc6)nc(n5)N(CCO)CCC(N)=O)cc4[S]([O-])(=O)=O)c(c3)[S]([O-])(=O)=O)n1,-1.2475609958
2087,OC1COC(O)C(O)C1O,0.5778808511
2088,CC(C)(CO)C(O)C(=O)NCCCO,0.4376764540999999
2089,OC(C(O)C(O)=O)C(O)=O,0.5718478438
2090,O[P](O)(=O)CN(CCCCCCN(C[P](O)(O)=O)C[P](O)(O)=O)CCCCCCN(C[P](O)(O)=O)C[P](O)(O)=O,-0.0877655775
2091,[K+].O[C@H]([C@@H](O)C([O-])=O)C(O)=O,0.4736237943999999
2092,COC(=O)CC(C(C)=O)C(=O)OC,-0.5248348408
2093,N.N.N.N.[Pd++].OC([O-])=O.OC([O-])=O,-0.7223996879000001
2094,C(CCOCC1CO1)COCC2CO2,-0.5608137387
2095,[Cl-].[Cl-].[Pd++],-0.5036976261
2096,[Na+].[SH-],0.990088732
2097,NCCC(O)=O,0.7865480445999999
2098,[H+].[H+].[Cl-].[Cl-].CNc1nc(OC)ccc1N,0.3819230911
2099,CCC(C)NCCO,0.6667009336999999
2100,OC(=O)CC(O)(CC(O)=O)C(O)=O.C1CNCCN1,0.2879414183
2101,[Na+].[Na+].[O-][S](=O)O[S]([O-])=O,0.4533910824
2102,CN=C(NCC1CCOC1)N[N+]([O-])=O,-0.5694147178
2103,CCOCCC(=O)OCC,-0.4317085178
2104,CNC1CCCCC1,-0.3214680129
2105,COC(=O)CC#N,-0.2636316857
2106,[Na+].OCC[S]([O-])(=O)=O,0.5569422141
2107,CC[N+](CC)(CC)CC.[O-][S](=O)(=O)C(F)(F)C(F)(F)C(F)(F)C(F)(F)C(F)(F)C(F)(F)C(F)(F)C(F)(F)F,-0.0721808988
2108,[Na+].[Na+].CCCCCCCC/C=C/CCCCCCCCOC(=O)C(CC([O-])=O)[S]([O-])(=O)=O,-0.962426912
2109,CCOC(=O)CC#N,-0.3276124069
2110,[Na+].[Na+].COc1cc(c(OC)cc1N=NC2C(=NN(C2=O)c3ccc(cc3)[S]([O-])(=O)=O)C)[S](=O)(=O)CCO[S]([O-])(=O)=O,-0.0898430335
2111,[Na+].[Na+].OC(=O)C(O)(CC([O-])=O)CC([O-])=O,0.3454130072
2112,CC(CCC#N)C#N,-0.3155007402
2113,CCCCOCC(C)O,-0.4052379668
2114,O=C1OC=CO1,0.7770765429000001
2115,[Na+].CCC(C)OC(S)=S,0.4688768793
2116,CC(O)c1cc(N)ccc1N.[O-][S]([O-])(=O)=O,-0.6856367901
2117,Cc1ncoc1C#N,-0.324555733
2118,[Cd++].O[N+]([O-])=O.O[N+]([O-])=O,0.3276361318
2119,[Na+].CCOC([S-])=S,0.5443381649
2120,[Cl-].[Cl-].[NH3+]CCCCCCCC[NH3+],0.3621421768
2121,CC(C)(C)NC(=O)[C@@H]1C[C@@H]2CCCC[C@H]2C[NH2+]1,-2.1616093611
2122,OCCCCCCO,1.6264407184
2123,CN(C)CCOC(=O)C(C)=C,0.5024815492
2124,[Na+].[Na+].OC(C(O)C([O-])=O)C([O-])=O,0.4110563572999999
2125,CCO[P](=O)(OCC)OCC,0.4385265234
2126,OC(=O)C1CCC(=O)N1,-0.4042589172
2127,CCCC=O,-0.1590074228
2128,C1CCSC1,-1.1819174748
2129,CC(=O)Oc1ccccc1,-1.3735951622999998
2130,CCCl,-1.0507488092
2131,Clc1cc(Cl)ncn1,-1.4172531143
2132,[Na+].[Na+].[Na+].CC(=O)C(N=Nc1ccc(cc1)N=Nc2c(N)c3c(cc2[S]([O-])(=O)=O)C=C(\C(=N/Nc4ccc(c5ccccc45)[S]([O-])(=O)=O)C3=O)[S]([O-])(=O)=O)C(=O)Nc6ccccc6,-2.2180283184
2133,Cc1ccc(N)c(C)c1,-1.3352536727
2134,Nc1ccccc1Cl,-1.3575741458
2135,N[P](N)(=O)Oc1ccccc1,-1.4876534031
2136,[Na+].CCOc1cccc2C(=O)c3c(Nc4ccccc4[S]([O-])(=O)=O)ccc(NC5CCCCC5)c3C(=O)c12,-1.9878367861
2137,CC(CN)CCCN,-1.3272487005
2138,CN1C(=CC(=O)N(C)C1=O)N,-1.4535787311
2139,C/C=C/CCC1CCCC(=O)O1,-1.4887262913
2140,[K+].F[B-](F)(F)F,-1.3676388693
2141,CCCOC(=O)C(/O)=C/Oc1ccccc1,-1.6225463588
2142,NC1=CC(=O)N=C(N)N1,-1.378146596
2143,Cc1ccc(N)c(Cl)c1O,-1.4815528695
2144,[N-]=[N+]=C1C(=O)NC(=O)NC1=O,-1.4717570191
2145,CC(COCC(C)OC(=O)C=C)OC(=O)C=C,-1.6682980883
2146,OC(=O)c1ccncc1,-1.3759670992
2147,OC1CSC(O)CS1,-1.4690382322
2148,CC(=O)CCCCCl,-1.4155738757
2149,CC1=NN(C(=O)C1)c2ccc(cc2)[S](O)(=O)=O,-1.6926402974
2150,Cc1ccccc1[S](N)(=O)=O,-1.5259868531
2151,CC1CC(NC(N)=O)NC(=O)N1,-1.5314234319
2152,Cc1cc(N)ccc1N.O[S](O)(=O)=O,-1.641347932
2153,Nc1cccc(c1)C(F)(F)F,-1.5081956214
2154,NC1CCC(CC1)CC2CCC(N)CC2,-1.6240034803
2155,COc1ccc(OC)c(NC(C)=O)c1,-1.5915498548
2156,[K+].CC(C)c1ccc(cc1)[S]([O-])(=O)=O,0.3208872115
2157,[NH4+].O.NC([O-])=O,0.7115939977
2158,[Na+].CC(C)c1ccc(cc1)[S]([O-])(=O)=O,0.3460227367
2159,CO[S]([O-])(=O)=O.C[N+](C)(C)CCCNC(=O)CCCCCCCCC=C,0.0940632128999999
2160,O.O.O.O.O.O.O.O.O.O.[Na+].[Na+].[O-]B(OB=O)OB([O-])OB=O,-0.8846418846999999
2161,Nc1ncccc1O,-0.3461061519
2162,C=CN1CCCCCC1=O,-0.4507860761
2163,CC(=O)OC\C=C(/C)C=O,-0.4607939818
2164,OB(O)O,-0.0992552152
2165,[Ca++].[Ca++].[Ca++].[O-]B([O-])[O-].[O-]B([O-])[O-],-0.6843417048
2166,[K].OB(O)O,-0.3120594734
2167,CCC(CO)(CO)C(O)=O,0.5168038544
2168,[Pb++].[O-][N+]([O-])=O.[O-][N+]([O-])=O,0.1665354510999999
2169,[Na+].[Na+].[Na+].OCCN(CCN(CC([O-])=O)CC([O-])=O)CC([O-])=O,0.1444215392
2170,[Na+].[Na+].OCCN(CCO)c1nc(Nc2ccccc2)nc(Nc3ccc(\C=C\c4ccc(Nc5nc(Nc6ccccc6)nc(n5)N(CCO)CCO)cc4[S]([O-])(=O)=O)c(c3)[S]([O-])(=O)=O)n1,-1.29966008
2171,[Zn++].CC(O)C([O-])=O.CC(O)C([O-])=O,-0.7035054304999999
2172,CC(C)CC(O)=O,-0.3279248515
2173,[Li+].[Li+].[Li+].O.O.O.O.OC(CC([O-])=O)(CC([O-])=O)C([O-])=O,0.2218764714
2174,CCCCC(=O)N(Cc1ccc(cc1)c2ccccc2c3n[nH]nn3)[C@@H](C(C)C)C(O)=O,-2.7359260939
2175,OCCN(CCO)c1ccccc1,-0.5833809314
2176,CCOC(=O)OC,-0.3444506814
2177,[Mg++].[Cl-].[Cl-],0.6922078268999999
2178,NCCCCCCN.OC(=O)CCCCC(O)=O,0.2513647845
2179,[O-][S]([O-])(=O)=O.O=[V++],0.4571186188
2180,[Li+].O.O.O.[O-][Cl](=O)(=O)=O,0.4612188619
2181,[K+].[O-][S](=O)(=O)C(F)(F)C(F)(F)C(F)(F)C(F)(F)F,-0.8645162178
2182,[Cl-].CCN(CCO)c1ccc(cc1)N=Nc2sc3cc(OC)ccc3[n+]2C,-0.9467714818
2183,CCN(CCO)c1ccc(cc1)N=Nc2sc3cc(OC)ccc3[n+]2C.CO[S]([O-])(=O)=O,-1.0208150872
2184,CCCCOC(=O)CO,-0.4583389122
2185,COC(=O)CCl,-0.372767961
2186,[Cl-].[Cl-].[Cd++],0.3967110896
2187,[Na+].[O-][S](=O)(=O)CCBr,0.332748699
2188,Oc1ccccc1O,0.6123418909
2189,CCN(O)CC,0.7036319098
2190,NC(N)=N.NC(N)=N.OC(O)=O,0.3975348561999999
2191,[Li+].CC([O-])=O,0.8337672926999999
2192,CC(=C)C(=O)OCCOC(=O)CCC(O)=O,-0.706708916
2193,[Cl-].CN(C)[C@H]1[C@@H]2C[C@@H]3[C@H](O)c4c(Cl)ccc(O)c4C(=C3C(=O)[C@]2(O)C(=O)\C(=C(N)/O)C1=O)O.[H+],-1.0469016509
2194,CCC(C)C(O)=O,-0.3559535751
2195,[Fe+3].[Fe+3].[O-][S]([O-])(=O)=O.[O-][S]([O-])(=O)=O.[O-][S]([O-])(=O)=O,1.0415240791
2196,[Zn++].[Br-].[Br-],1.2977429939
2197,[Na+].[Na+].[Na+].[Na+].[Na+].[Cr+3].Nc1nc(Cl)nc(Nc2cc(cc3cc(c(N=Nc4cc(ccc4[O-])[N+]([O-])=O)c([O-])c23)[S]([O-])(=O)=O)[S]([O-])(=O)=O)n1.Nc5nc(Cl)nc(Nc6cc(cc7cc(c(N=Nc8cc(ccc8[O-])[N+]([O-])=O)c([O-])c67)[S]([O-])(=O)=O)[S]([O-])(=O)=O)n5,-0.4949751746
2198,[Na+].Cc1ccc(OCCC[S]([O-])(=O)=O)c(c1)[N+]([O-])=O,0.1703103591
2199,Cl.Cl.CCCCC1=NC2(CCCC2)C(=O)N1.CCCCC3=NC(=O)C4(CCCC4)N3,-1.019613944
2200,[Na+].[Na+].[Na+].CCN(c1ccccc1)c2nc(Cl)nc(Nc3cc(cc4C=C(\C(=N/Nc5ccccc5[S]([O-])(=O)=O)C(=O)c34)[S]([O-])(=O)=O)[S]([O-])(=O)=O)n2,-0.2667452841
2201,[Cl-].[Cl-].[Zn++],0.5010006364
2202,CC1=CN(C2CC(O)C(CO)O2)C(=O)NC1=O,-0.7420620876999999
2203,CCN(CC)c1ccc(cc1)C=CC2=[N+](C)c3ccccc3C2(C)C.CC([O-])=O,-0.9604187817
2204,CCN(CC)c1ccc(cc1)C=CC2=[N+](C)c3ccccc3C2(C)C.O[P](O)([O-])=O,-1.0004895677
2205,[Na].OC(=O)c1cc2ccccc2c(Cc3c(O)c(cc4ccccc34)C(O)=O)c1O,-0.9807588825
2206,N.N.O[C@H]([C@@H](O)C(O)=O)C(O)=O,0.3662767625999999
2207,Cc1ncc(CN)c(N)n1,0.4903065627
2208,[Mn++].[O-][N+]([O-])=O.[O-][N+]([O-])=O,1.377095201
2209,CN(C)CCCNCCCN(C)C,0.3558508036
2210,[H+].[H+].[Cl-].[Cl-].Nc1ccc(OCCO)c(N)c1,0.2461592973999999
2211,[Na+].[Na+].[Na+].OC(CC([O-])=O)(CC([O-])=O)C([O-])=O,0.2166530911
2212,O.O.O.O.O.O.O.O.O.[Al+3].[O-][N+]([O-])=O.[O-][N+]([O-])=O.[O-][N](=O)=O,-0.9408131942
2213,[F-].[Na+],-0.0021872624
2214,C[C@H](N)c1ccccc1,-0.4601924093
2215,[Na+].COC(=O)c1ccc([O-])cc1,0.3803001877
2216,[Na+].NC(CCC(O)=O)C([O-])=O,0.3919616292
2217,[Na+].[N-]=[N+]=[N-],0.8040134946999999
2218,[Na+].[Na+].[Mn++].[O-]C(=O)CN(CCN(CC([O-])=O)CC([O-])=O)CC([O-])=O,0.024802502
2219,[NH4+].[NH4+].[O-]C(=O)C([O-])=O,-0.4725815013
2220,N[C@@H](CCC(N)=O)C(O)=O,-0.5483114193999999
2221,CC[C@H](C)[C@H](N)C(O)=O,-0.5029538568
2222,[H+].[Cl-].OCCNc1ccc2OCOc2c1,0.2728975009
2223,O=C1OC(=O)C=C1,0.6181158071
2224,[Na+].[Na+].[O-]C([O-])=O,0.581124668
2225,[Na+].[Na+].OCCNc1nc(NCCO)nc(Nc2ccc3C(=O)C(=N/Nc4ccc(cc4)N=Nc5ccc(cc5)[S]([O-])(=O)=O)\C(=Cc3c2)[S]([O-])(=O)=O)n1,-0.2836980196999999
2226,C[C@H]1CO1,0.8380333836
2227,[Na+].[Na+].Cc1ccc2nc(sc2c1[S]([O-])(=O)=O)c3ccc(cc3)N=Nc4ccc(cc4)c5sc6c(ccc(C)c6[S]([O-])(=O)=O)n5,-1.2223096235
2228,CCOCCCC(C)OCCOCC(C)CO,-0.790860844
2229,CC(N)c1ccccc1,-0.4813817083
2230,[K+].[K+].[Zn++].[O-]C(=O)CN(CCN(CC([O-])=O)CC([O-])=O)CC([O-])=O,0.237458201
2231,CCCCNC(=O)OCCOC(=O)C=C,-1.6348405969
2232,[H+].[Cl-].NNc1ccc(Cl)cc1,-1.5636654662
2233,Cc1cc(C)cc(N)c1,-1.4022004623
2234,[Na+].[Co+3].N[S](=O)(=O)c1ccc([O-])c(c1)N=Nc2c([O-])ccc3ccccc23.N[S](=O)(=O)c4ccc([O-])c(c4)N=Nc5c([O-])ccc6ccccc56,-2.2022038482
2235,CC1(C)CC(=O)CC(C)(C1)C#N,-1.5404977204
2236,[H+].[Cl-].OC1(CCNCC1)c2ccc(Cl)cc2,-1.7207775313
2237,[NH3+][C@@H](C([O-])=O)c1ccccc1,-1.5082784056999998
2238,CCCCCCCCN.CCCCO[P](S)(=O)OCCCC,-1.8796973024
2239,CC(C)C1=NN(C(=O)NC(C)(C)C)C(=O)N1N,-1.7188473974
2240,CC(=O)CCc1ccc(O)cc1,-1.5520409413
2241,ClC(Cl)(Cl)[2H],-1.417811305
2242,Nc1cc(Cl)nc(C(O)=O)c1Cl,-0.0042500518
2243,OCCNc1ccc(cc1[N+]([O-])=O)N(CCO)CCO,-1.7953855716
2244,[F-].[Al+3].[K+],-1.269901072
2245,[Al+3].CCCC[O-].CCCC[O-].CCCC[O-],-1.7373354758
2246,Oc1ccc(Cl)cc1Cl,-1.5589830837
2247,[Na+].[Na+].[Na+].[Na+].Nc1ccc(cc1[S]([O-])(=O)=O)N=Nc2ccc(N=Nc3ccc(N\N=C/4C(=O)c5ccc(NC(=O)c6ccccc6)cc5C=C4[S]([O-])(=O)=O)c7ccc(cc37)[S]([O-])(=O)=O)c8ccc(cc28)[S]([O-])(=O)=O,-2.3935953584
2248,COC(=O)C=C(C)C,-1.4140004112
2249,[Na+].[Na+].[Na+].[Na+].[Na+].COc1cc(N=Nc2cc(cc3cc(cc(O)c23)[S]([O-])(=O)=O)[S]([O-])(=O)=O)c(C)cc1N=Nc4c(O)c5c(Nc6nc(Nc7ccccc7)nc(Nc8ccc(cc8)N=Nc9ccc(O)c(c9)C([O-])=O)n6)cc(cc5cc4[S]([O-])(=O)=O)[S]([O-])(=O)=O,-2.4833879664
2250,CC1=NN(C(=O)C1)c2cccc(c2)[S](O)(=O)=O,-1.7718215434
2251,CC(=O)OCC=C(C)C,-1.4743213171
2252,CCCCCCCC(=O)N(C)C,-1.6002483409
2253,CCCCCC(C)=O,-1.4333383705
2254,CCCC(C)C=O,-1.3774493615
2255,O=C1OC(=O)C2CCCCC12,-1.5647364969
2256,CCC(CO)(COCC=C)COCC=C,-1.7182484471
2257,CCCCNCCCC,-1.5039654481
2258,CC(COCC(C)OC(=O)C=C)OCC(C)OC(=O)C=C,-1.8755690909
2259,C[C@@H]1CO1,0.8380333836
2260,CCCCN(CCO)CCCC,-1.6367385713999998
2261,[Na+].CN(C)C(=S)SCCC[S]([O-])(=O)=O,0.1779035996
2262,[Na+].[Na+].[Na+].[Na+].COc1ccc(cc1N\N=C/2C(=O)c3c(N)c(N=Nc4ccc(cc4)[S](=O)(=O)CCO[S]([O-])(=O)=O)c(cc3C=C2[S]([O-])(=O)=O)[S]([O-])(=O)=O)[S](=O)(=O)CCO[S]([O-])(=O)=O,-0.4161044822999999
2263,Cc1ccc(cc1N)C(N)=O,-0.5767319197
2264,OCc1scnc1,0.5257355357
2265,CC(=O)N1C[C@@H](O)C[C@H]1C([O-])=O,0.3449927217
2266,[Na+].[Na+].[Na+].[Na+].[O-][S](=O)(=O)OCC[S](=O)(=O)c1ccc2c(ccc(N\N=C/3C(=O)c4c(NC(=O)c5ccccc5)cc(cc4C=C3[S]([O-])(=O)=O)[S]([O-])(=O)=O)c2[S]([O-])(=O)=O)c1,-0.3893149412
2267,[Na].[Na].[Na].[Na].CNc1ccc(/C=C/c2ccc(Nc3nc(Nc4ccc(cc4)[S]([O-])(=O)=O)nc(n3)N5CCOCC5)cc2[S]([O-])(=O)=O)c(c1)[S]([O-])(=O)=O.Cc6nc(Nc7ccc(cc7)[S]([O-])(=O)=O)nc(n6)N8CCOCC8,-0.4843358104999999
2268,[I-].C[S+](C)(C)=O,-0.7568844320999999
2269,Cc1ccc(N)cc1N,-0.5071845321
2270,Cc1cc(N)ccc1N,-0.5071845321
2271,O.O.O.O.O.O.O.[Co++].[O-][S]([O-])(=O)=O,0.1271332296
2272,[Na+].CN(C)C([S-])=S,0.4168921924
2273,CCN(CC)c1ccc(cc1)[C+](c2ccc(cc2)N(CC)CC)c3ccc(cc3)N(CC)CC.CC([O-])=O,-0.1395608978999999
2274,[NH4+].[Cl-],0.8422541039
2275,[Cl-].Nc1cn(n[o+]1)N2CCOCC2,0.1471983169
2276,CCCCOC(=O)\C=C/C(O)=O,-0.6677809794
2277,Cc1ccc(NCCO)cc1O,-0.6550553282
2278,[Na+].[Na+].COc1cc(c(C)cc1N=NC2C(=NN(C2=O)c3ccc(cc3)[S]([O-])(=O)=O)C)[S](=O)(=O)CCO[S]([O-])(=O)=O,-0.2390039262
2279,OC1CNC(C1)C(O)=O,0.4399221153
2280,[Na+].Cc1ccc(cc1N)C(=O)Nc2ccc(cc2)[S]([O-])(=O)=O,-0.9492775868
2281,CCOC(=O)C(C)C=C,-1.5763108556999998
2282,CNC(=S)NN,-0.465572855
2283,[Cl-].[K+],0.6777748798000001
2284,O[S](=O)(=O)c1ccc2ccccc2c1,0.230443278
2285,COC(=O)CC(=C)C(=O)OC,-0.653770318
2286,OCCOCCOc1ccccc1,-0.7165256146
2287,CC(CCCC(C)(C)O)CC=O,-0.6921365673000001
2288,CCCNCCC,-0.461082427
2289,Nc1ccccc1,-0.4250168953
2290,[Na+].OC(=O)c1cc(cc(c1)[S]([O-])(=O)=O)C(O)=O,0.1093959475
2291,[Na+].[Na+].[Na+].[Na+].[Na+].[Na+].[O-][S](=O)(=O)c1cc(Nc2nc(Cl)nc(Nc3ccc(Nc4nc(Cl)nc(Nc5cc(cc6C=C(/C(=N/Nc7ccccc7[S]([O-])(=O)=O)C(=O)c56)[S]([O-])(=O)=O)[S]([O-])(=O)=O)n4)cc3)n2)c8C(=O)C(=N/Nc9ccccc9[S]([O-])(=O)=O)\C(=Cc8c1)[S]([O-])(=O)=O,-0.6303809029
2292,[Br-].C[P+](c1ccccc1)(c2ccccc2)c3ccccc3,-0.0189230333
2293,[Cl-].C[n+]1ccccc1,0.4201828890999999
2294,[Na+].[Na+].[Na+].NC(=O)Nc1cc(Nc2nc(F)nc(NCCOCC[S](=O)(=O)C=C)n2)ccc1N=Nc3cc4c(cc(cc4[S]([O-])(=O)=O)[S]([O-])(=O)=O)cc3[S]([O-])(=O)=O,-0.4145597239
2295,CCc1nccnc1C,0.4445107882999999
2296,[H+].[Cl-].NO,0.6895503556999999
2297,C=CC(=O)NCNC(=O)C=C,-0.6552426764
2298,OC[C@H](O)[C@@H](O)[C@H](O)C(=O)C(O)=O,0.2373207652
2299,C[N+]1([O-])CCOCC1,0.4563099285
2300,[NH3+]CCO.[NH3+]CCO.[NH3+]CCO.OC(CC([O-])=O)(CC([O-])=O)C([O-])=O,-0.0501601163999999
2301,[Na+].NCCNCC[S]([O-])(=O)=O,0.2445359542
2302,[Na+].[Na+].[Na+].Cc1cc(N=Nc2cc(ccc2[S]([O-])(=O)=O)[S]([O-])(=O)=O)c(C)cc1N=Nc3ccc(Nc4nc(N)nc(Cl)n4)c5c3cccc5[S]([O-])(=O)=O,-0.3869456913
2303,[K+].[O-][S](=O)(=O)CCCOC(=O)C=C,1.1562683245
2304,[Na+].[Na+].[Na+].Cc1c(Nc2nc(Cl)nc(Nc3cccc(c3)[S]([O-])(=O)=O)n2)c(C)c(c(C)c1Nc4cc(c(N)c5C(=O)c6ccccc6C(=O)c45)[S]([O-])(=O)=O)[S]([O-])(=O)=O,-0.4244279852
2305,[Na+].[Na+].[Na+].Cc1c(Nc2nc(Cl)nc(Nc3ccccc3[S]([O-])(=O)=O)n2)c(C)c(c(C)c1Nc4cc(c(N)c5C(=O)c6ccccc6C(=O)c45)[S]([O-])(=O)=O)[S]([O-])(=O)=O,-0.4244279852
2306,Nc1ccc(F)cc1,-0.5272743845000001
2307,C1N(CCOC1)C2=NC(=NC(=N2)NC3=C4C(=O)/C(=N/NC5=CC=CC=C5)/C(=CC4=CC(=C3)S(=O)(=O)[O-])S(=O)(=O)[O-])NC6=CC(=C(C=C6)/C=C/C7=C(C=C(C=C7)NC8=NC(=NC(=N8)N9CCOCC9)NC1=C2C(=O)/C(=N/NC3=CC=CC=C3)/C(=CC2=CC(=C1)S(=O)(=O)[O-])S(=O)(=O)[O-])S(=O)(=O)[O-])S(=O)(=O)[O-].[Na+].[Na+].[Na+].[Na+].[Na+].[Na+],-1.144796153
2308,CC(=O)C1CCOC1=O,0.3975093207
2309,[Na+].COC(=O)c1cc(cc(c1)[S]([O-])(=O)=O)C(=O)OC,-0.9664819924
2310,[Na+].[Cl-],0.7343267611
2311,[Li+].[Li+].[O-]C(=O)CCCC([O-])=O,0.3427540765999999
2312,CC1OC(=C(O)C1=O)C,0.3906698962
2313,[Na+].COc1cc(O)c(cc1[S]([O-])(=O)=O)C(=O)c2ccccc2,-0.022384851
2314,CC(C)C(O)C(C)(C)CO,-0.6667259261999999
2315,CCCCC(CC)COC(=O)[C@H](C)O,-2.6735257097
2316,O=C1CCCC1,0.5536775573
2317,[H+].[Cl-].CNC,1.5657185919
2318,S.[Mn],-4.1599117564
2319,COC=O,0.6985937788
2320,[Na+].[Na+].[Na+].Oc1cc(c2ccc3c4c(ccc1c24)c(cc3[S]([O-])(=O)=O)[S]([O-])(=O)=O)[S]([O-])(=O)=O,-0.242535631
2321,CC1C=CCC2C1C(=O)OC2=O,-0.7362684615999999
2322,CC(C)NC(=O)C(C)=C,-0.6201428843
2323,[Na+].[Na+].OCCNc1nc(Nc2ccccc2)nc(Nc3ccc(\C=C\c4ccc(Nc5nc(NCCO)nc(Nc6ccccc6)n5)cc4[S]([O-])(=O)=O)c(c3)[S]([O-])(=O)=O)n1,-1.4592143997
2324,CCOCCOC(C)(C)C,-0.6879152253
2325,COC(C)CCOC(C)=O,-0.6877845281999999
2326,[Na+].CCCCCCCCCCCCCCCO[S]([O-])(=O)=O,-1.042005529
2327,NC(=N)[S](O)=O,-0.5567928158
2328,CC(C)C(=O)OOC(C)(C)C,-1.6070025668
2329,COC(Cc1ccccc1)OC,-1.6296186709
2330,Nc1nc(N)nc(N)n1.O[P](O)(O)=O,-1.7594101934
2331,C1OCC2Cc3ccccc3C2O1,-1.6560932729
2332,COc1cc(CC(C(C)=O)C(C)=O)ccc1O,-1.7863659491
2333,OC[C@H]1NC[C@H](O)[C@@H](O)[C@@H]1O,0.4043520428
2334,CCOC(=O)C(Cl)C(=O)OCC,-1.7209723549
2335,[Na+].[O-][S](=O)(=O)C1=CC(=O)C2=C(NNc3ccccc3C(F)(F)F)C(=N)C=CC2=C1,-2.0686300615
2336,CC(=C)C(=O)OCCOCCOCCOC(=O)C(C)=C,-1.9005552518
2337,CC1CC(CCC1N)CC2CCC(N)C(C)C2,-1.8210383613
2338,Cc1ccc(C)c(O)c1,-1.5375827569
2339,Nc1ncnc2n(cnc12)C3OC(CO[P](O)(O)=O)C(O)C3O,-1.9953026194
2340,ClCC(Cl)Cl,-1.5811040628
2341,Cc1cc(O)c(C)c(C)c1O,-1.6383266335
2342,Nc1ccc(cc1)[S](=O)(=O)CCO[S](O)(=O)=O,-1.9051186702
2343,C=CCN1C(=O)N(CC=C)C(=O)N(CC=C)C1=O,-1.8526019693
2344,COC(=O)c1nccnc1N,-1.6422660516999998
2345,Nc1nc(N)nc(N)n1,-1.5592150485
2346,NC(N)=N[N+]([O-])=O,-1.4858424644
2347,Nc1ccccc1C(F)(F)F,-1.6756867087
2348,CC(=O)N1CCN(CC1)c2ccc(O)cc2,-1.817914488
2349,C1OC1COc2ccc(cc2)N(CC3CO3)CC4CO4,-1.9192347247
2350,NN=C(N)N.OC(O)=O,-1.6153792849000002
2351,CNCc1cccc2ccccc12,-1.7150988877000002
2352,COc1ccccc1NC(=O)CC(C)=O,-1.8059055211
2353,CC(C)OC(C)C,-1.5165927583
2354,CC(C)Br,-1.598518701
2355,Cc1ccc(cc1)[S](N)(=O)=O,-1.7421953353
2356,CCSCC,-1.4680248268
2357,CC(C)=CCCC(C)=O,-1.6210489706
2358,CCCCOCCOCCOCCCC,-1.862006084
2359,CC1CCC(C(O)C1)C(C)=C,-1.7111123645
2360,COc1ccc(C)cc1N,-1.6601758755
2361,OC(=O)c1cc(C(O)=O)c(cc1C(O)=O)C(O)=O.C2CN=C(N2)c3ccccc3,-2.1253109845
2362,Nc1ccc(Cl)cc1,-1.628640918
2363,CCC(C)CC(=O)CC,-1.630817582
2364,[Al+3].CC([O-])=CC(C)=O.CC([O-])=CC(C)=O.CC([O-])=CC(C)=O,-2.0338377464
2365,FC(F)Cl,-1.4597341592
2366,[Na+].[K+].CC1=NN(C(O)C1N=Nc2ccc3c(cccc3[S]([O-])(=O)=O)c2[S](O)(=O)=O)c4ccc(cc4)[S](=O)(=O)CCO[S]([O-])(=O)=O,-0.3928398265
2367,OCC#CCO,1.5363390032
2368,[Na+].[Na+].[Na+].CCN(c1ccccc1)c2nc(Cl)nc(Nc3cc(cc4C=C(\C(=N/Nc5ccc6ccccc6c5[S]([O-])(=O)=O)C(=O)c34)[S]([O-])(=O)=O)[S]([O-])(=O)=O)n2,-0.4592355493
2369,[Na+].Oc1ccc(cc1NNC2=CC=C3C(=O)C=CC=C3C2=O)[S]([O-])(=O)=O,-0.9011960035
2370,OC(=O)CCC(N(CC(O)=O)CC(O)=O)C(O)=O,0.0436038038999999
2371,CC(=C)OC(C)=O,-0.5277513782
2372,O=C1OC(=O)C2CC=CCC12,-0.7139217719
2373,Cc1[nH]nc(C)c1,-0.5204744976
2374,[K+].[K+].CCCCCCCCCCCCCC(=O)NCC([O-])=O.CCCCCCCCCCCC(=O)NCC([O-])=O,-0.3429717
2375,CCC12CC[C@H]3[C@@H](CCC4=CC(=O)CC[C@H]34)[C@@H]1CCC2=O,-3.7327198893
2376,N[C@@H](CO[P](O)(O)=O)C(O)=O,-0.8149408723
2377,[Na+].CCCCC(CC)CCCCCc1ccc(cc1)[S]([O-])(=O)=O,-0.0969056512
2378,[Na+].[Na+].[Na+].[Na+].[Na+].[Na+].OCCN(CCO)c1nc(Nc2ccc(\C=C\c3ccc(Nc4nc(Nc5cc(ccc5[S]([O-])(=O)=O)[S]([O-])(=O)=O)nc(n4)N(CCO)CCO)cc3[S]([O-])(=O)=O)c(c2)[S]([O-])(=O)=O)nc(Nc6cc(ccc6[S]([O-])(=O)=O)[S]([O-])(=O)=O)n1,-0.6924056004000001
2379,[Cs+].[Cs+].[O-]C([O-])=O,0.9300687552
2380,CC(C)(C)C(O)=O,-0.5635618856
2381,CC1(C)CC(O)CC(C)(C)N1CCO,-0.8598205529
2382,CCN(CC)CC#C,-0.6020131225
2383,[Co++].OC(=O)CC(O)(CC([O-])=O)C([O-])=O,-0.954573972
2384,[Co++].[Co++].[Co++].OC(CC([O-])=O)(CC([O-])=O)C([O-])=O.OC(CC([O-])=O)(CC([O-])=O)C([O-])=O,-1.3025954999
2385,O.O.[Cl-].[Cl-].[Ba++],0.0418928153
2386,OCC(Br)(CO)[N+]([O-])=O,0.1271308568
2387,[SH--].[Cu+].[Cu+],-4.2045730411
2388,Cc1[nH]ccn1,0.5121363664999999
2389,[Na+].[Na+].[Na+].[O-][P]1(=O)O[P]([O-])(=O)O[P]([O-])(=O)O1,-0.062309467
2390,O=[Se]=O,1.3647745033
2391,C1CCOCOC1,0.4107896597
2392,[Na+].[Na+].[Na+].[Na+].[Na+].Nc1nc(Cl)nc(Nc2ccc(c(N\N=C/3C(=O)c4c(N)c(N=Nc5cc(ccc5[S]([O-])(=O)=O)[S]([O-])(=O)=O)c(cc4C=C3[S]([O-])(=O)=O)[S]([O-])(=O)=O)c2)[S]([O-])(=O)=O)n1,-0.5908005839
2393,CC(C)=CC(C)=O,-0.560826234
2394,[Na+].[Na+].Oc1ccc(Cl)cc1N\N=C/2C(=O)c3c(O)cc(cc3C=C2[S]([O-])(=O)=O)[S]([O-])(=O)=O,-1.2898086582
2395,[Cl-].CCOC(=O)c1ccccc1c2c3ccc(cc3[o+]c4cc(ccc24)N(CC)CC)N(CC)CC,-1.2801897062
2396,Oc1ccc(Cl)cc1,-0.6876597172
2397,CC(=C)C#N,-0.4067085165999999
2398,Cc1ccccc1O,-0.6190130172999999
2399,[Li+].[Li+].[O-][S]([O-])(=O)=O,0.3921242805
2400,CC(=C)C(=O)OCC[N+](C)(C)CCC[S]([O-])(=O)=O,0.9627399696
2401,[Na+].[Na+].CN(CC[S]([O-])(=O)=O)c1ccc(cc1)/C=C(C#N)/C(=O)Nc2ccc(cc2)c3sc4c(ccc(C)c4[S]([O-])(=O)=O)n3,-0.415949942
2402,OCCOc1ccccc1,-0.742461176
2403,[K+].OC(=O)C([O-])=O,-0.7096904801
2404,[Na+].[Na+].CC(=O)Nc1ccc2C(=O)C(=N/Nc3ccc(cc3)[S](=O)(=O)CCO[S]([O-])(=O)=O)\C(=Cc2c1)[S]([O-])(=O)=O,-0.3963934895
2405,CC(=O)NNC(C)=O,0.3286681761
2406,CCOC(=O)C(C)C1CCCCC1,-3.3274567494
2407,[Ca++].[O-]C(=O)C1CCC(=O)N1,0.1651478476
2408,[Na+].[Na+].Cc1cc(Oc2cc(C)cc(c2)[S]([O-])(=O)=O)cc(c1)[S]([O-])(=O)=O,-0.2207961953999999
2409,CN(C)CCOC(=O)C=C,0.2243106848
2410,CC1COC(=O)O1,0.371232292
2411,COc1ccc(CO)cc1,-0.7447271456
2412,Nc1ccccc1.C=O,-2.0040922179
2413,OC1(CCCCC1)C#C,-0.7048960629000001
2414,OC(=O)c1ccc2C(=O)OC(=O)c2c1,-0.8961963145999999
2415,[Cs],0.255764198
2416,CC(C)(CO)COC(=O)C(C)(C)CO,0.0682018165
2417,[Na+].[Na+].[Na+].[Na+].[Cu++].Nc1nc(Cl)nc(Nc2cc(cc3cc(c(N=Nc4cc(c5cccc(c5c4[O-])[S]([O-])(=O)=O)[S]([O-])(=O)=O)c([O-])c23)[S]([O-])(=O)=O)[S]([O-])(=O)=O)n1,-0.5907814418999999
2418,NNC(=O)NN,0.4145585536
2419,CCCC(C)O,-0.2541408245
2420,[Na+].CC(=O)[C-]1C(=O)OC(=CC1=O)C,0.0845613317
2421,Cc1cccc(O)c1,-0.662918503
2422,CS,-0.3148794359
2423,CCCC1CO1,-0.57344678
2424,[K+].O[B-](O)(F)F,-0.724347118
2425,[Na+].CC(=O)Nc1ccc(NNC2=C3C(=O)C=C(C=C3C=CC2=N)[S]([O-])(=O)=O)c(c1)C(F)(F)F,-1.3288181975
2426,N[C+](N)N.[O-]C(=O)c1ccccc1,0.0050162556
2427,O.O.O.O.[Na+].[Na+].[O-]B([O-])[O-].[O-]B([O-])[O-].[O-]B([O-])[O-].[O-]B([O-])[O-].[O-]B([O-])[O-].[O-]B([O-])[O-].[O-]B([O-])[O-].[O-]B([O-])[O-],-0.4201864202
2428,[Na+].[O-]C(=O)COc1ccccc1,0.1085957051
2429,[Na+].CCN(CC)c1ccc(cc1)[C+](c2ccc(cc2)N(CC)CC)c3ccc(cc3[S]([O-])(=O)=O)[S]([O-])(=O)=O,-0.4066892685
2430,Oc1ccccc1Cl,-0.7538392019
2431,Clc1ccc(Br)cc1Cl,-1.0114935501
2432,CCCC[NH+](C)C,-0.6670324644
2433,[Na+].[Na+].[Na+].[Na+].[O-][S](=O)(=O)c1cccc2cc(NNC3=CC(=O)C4=CC(C=CC4=C3[S]([O-])(=O)=O)=NC(=O)Nc5ccc6C(=O)C(=N/Nc7ccc8cccc(c8c7)[S]([O-])(=O)=O)/C(=Cc6c5)[S]([O-])(=O)=O)ccc12,-0.6872171371
2434,[H+].[Cl-].NCC1(CCCCC1)CC(O)=O,0.0190211463
2435,[H+].[Cl-].NC(N)=N,1.3522850438999998
2436,CC(=O)CC(=O)OCCOC(=O)CC(C)=O,-0.0337559002999999
2437,[Na+].Nc1ccc(cc1)[S]([O-])(=O)=O,0.0379554154
2438,C1OCOCO1,0.3717171259
2439,[Mn++].O[P]([O-])([O-])=O,0.1455471695
2440,O.[Zn++].[O-][S]([O-])(=O)=O,0.0702954323
2441,[Na+].[Na+].[O-][Si]([O-])=O,0.2356352551
2442,[Na+].[O-]C(=O)Cc1ccccc1Nc2c(Cl)cccc2Cl,-1.1742318477
2443,[Na+].[Na+].COc1cc(ccc1Nc2nc(Nc3ccc(cc3OC)N=Nc4cccc(c4)[S]([O-])(=O)=O)nc(n2)N(CCO)CCO)N=Nc5cccc(c5)[S]([O-])(=O)=O,-1.6008155248
2444,CCC(CO)(CO)COCC(CC)(CO)CO,-1.076302279
2445,COC(=O)CCS,-0.7575876082999999
2446,[Na+].Cc1ccc(cc1[N+]([O-])=O)C(=O)Nc2ccc(cc2)[S]([O-])(=O)=O,-1.232035998
2447,Cc1[nH]cnc1CO,0.2683337666
2448,[K+].O[P](O)([O-])=O,0.1842562687
2449,C=CC=O,0.5693792548
2450,O.O.O.O.[Ce+3].O[S]([O-])(=O)=O.[O-][S]([O-])(=O)=O,-0.2918169735
2451,N.N.N.N.N.N.O.O.O.O.O.O.O.O.O.O.O.O.O.O.O.O.O.O.O.O.O.O.O.O.[Mo].[Mo].[Mo].[Mo].[Mo].[Mo].[Mo],-0.7664726234999999
2452,[NH4+].[O-][Cl](=O)(=O)=O,0.2436628357999999
2453,[Na+].[Na+].[Na+].[Na+].[Na+].[Cu++].[O-]C(=O)c1cc(ccc1NNC(=N/Nc2cc(cc([N-]c3nc(Cl)nc(n3)N=C4C=C(C(C=C4[S]([O-])(=O)=O)=Nc5nc(Cl)nc(Nc6cccc(c6)[S]([O-])(=O)=O)n5)[S]([O-])(=O)=O)c2[O-])[S]([O-])(=O)=O)\c7ccccc7)[S]([O-])(=O)=O.[H+],-0.8254112341
2454,CC(=C)C(N)=O,0.3753911904
2455,[Na+].[Na+].[Na+].[Na+].[Na+].[Na+].CCN(CC)c1nc(Nc2ccc(\C=C\c3ccc(Nc4nc(Nc5cc(ccc5[S]([O-])(=O)=O)[S]([O-])(=O)=O)nc(n4)N(CC)CC)cc3[S]([O-])(=O)=O)c(c2)[S]([O-])(=O)=O)nc(Nc6cc(ccc6[S]([O-])(=O)=O)[S]([O-])(=O)=O)n1,-0.8122490226000001
2456,[Cl-].CN[C@@H](C)[C@H](O)c1ccccc1.[H+],-0.003669443
2457,[Na+].[O-][N+](=O)c1cccc(c1)[S]([O-])(=O)=O,-0.0514554578
2458,CC1=CC(=O)CC(C)(C)C1=O,-0.8779041501
2459,OCCOCC#CCOCCO,0.7589618218
2460,OC(=O)c1cc(cc(c1O)[N+]([O-])=O)[N+]([O-])=O,-1.057125752
2461,OCCc1ccccc1,-0.7859239136
2462,CC(=O)OC=C,-0.6339227122
2463,Oc1ccccc1C#N,-0.7749656265
2464,[Na+].Nc1c(cc(Br)c2C(=O)c3ccccc3C(=O)c12)[S]([O-])(=O)=O,-1.3055373023
2465,C[Si](C)C,-0.5634276852000001
2466,OCCOCCO.O=C1OC(=O)c2ccccc12,-1.4052404634
2467,[Na+].[Na+].[Fe].Nc1ccc(cc1)[N+]([O-])=O.Nc2cccc(c2)[S]([O-])(=O)=O.Nc3ccc(Nc4ccccc4)c(c3)[S]([O-])(=O)=O.OC\5=CC(=O)C=CC5=N/Nc6cc(cc(c6O)[N+]([O-])=O)[N+]([O-])=O,-2.5268154232
2468,OC(=O)c1ccccc1,-1.619929844
2469,OC1=CC(=O)NC=N1,-1.5871611222
2470,O=COCc1ccccc1,-1.6731198028999998
2471,CCCCOCC,-1.5499606595
2472,CCOC(=O)C(=N/Nc1ccc(cc1)[N+]([O-])=O)/C(=O)C2=NN3C(=NC(=O)c4ccccc34)S2,-2.2216330999
2473,Cc1ccccc1N=C(N)N=C(N)N,-1.8422414993
2474,CC(C)(O)C1CCC(C)(O1)C=C,-1.7997284582
2475,CC(=O)CC(=O)Nc1ccccc1C,-1.8501922609
2476,CC(C)C(NC(N)=O)NC(N)=O,-1.8096943587
2477,FC(F)CCl,-0.9229632085
2478,CC(C)(O)c1cccc(c1)C(C)(C)O,-1.8635330455
2479,CCc1cccc(C)c1N,-1.7061271762
2480,[Ca++].[O-][S]([O-])(=O)=O,-1.715687645
2481,COc1ccc(NC(=O)CC(C)=O)cc1,-1.9014771833
2482,CC1OCC(O1)c2ccccc2,-1.805450609
2483,CCCC1CC(=CC(=O)C1)C,-1.7725870938
2484,CC(=O)Oc1ccc(cc1)C#N,-1.7990172934
2485,OC(=O)CC[C@H](N1C(=O)c2ccccc2C1=O)C(O)=O,-1.4463316859
2486,CC(C)C1CCC(=CC1)C.CC(C)C2CCC(=CC2)C,-5.495255435900001
2487,ClC(Cl)=C,-1.5885809265000002
2488,CC(C)[C@H]1CCC(=CC1=O)C,-1.7882436903
2489,CC1(C)S[C@@H]2[C@H](N)C(=O)N2[C@H]1C(O)=O,-1.9440451079
2490,[B+3].[Cl-].[Cl-].[Cl-].CCCCCCCCN(C)C,-5.4653701933
2491,Sc1ccccc1Cl,-1.7800351331
2492,Nc1nccnc1C(O)=O,-1.7631595965
2493,CN(C)Cc1ccccc1Cl,-1.8493554218
2494,[Ca++].CCO[P]([O-])(=O)Cc1cc(c(O)c(c1)C(C)(C)C)C(C)(C)C.CCO[P]([O-])(=O)Cc2cc(c(O)c(c2)C(C)(C)C)C(C)(C)C,-2.4616735699000003
2495,C=CCOC(=O)OCCOCCOC(=O)OCC=C,-2.0652647201
2496,OCCCCCCC=C,-1.7442328638
2497,Cl[S](=O)(=O)c1ccccc1,-1.88532188
2498,CC(C)C1CCC(C)CC1OCC(O)CO,-2.0063585886
2499,COc1ccc(C=O)cc1O,-1.8262432451
2500,Cc1ccc(C=O)cc1,-1.7237015325
2501,Nc1ccc(O)cc1[N+]([O-])=O,-1.8337646505
2502,Oc1ccccc1[N+]([O-])=O,-1.8029142358
2503,CC1CC(=CC(C)C1C=O)C,-1.8440637235
2504,CCCCC[C@H]1CCC(=O)O1,-1.8552940397
2505,CC(=O)COc1c(C)cccc1C,-1.9185447839
2506,COc1ccc(OC)c(N)c1,-1.8588690394
2507,CC(=O)CC(=O)Nc1ccc(C)cc1C,-1.9900786823
2508,COc1ccc(C)cc1NC(C)=O,-1.931164755
2509,CC1=NN(C(=O)C1)c2ccccc2,-1.9250852844
2510,CCCCCCC=O,-1.7501244285
2511,CC(C)(C)OC(=O)C=C,-1.8045937153
2512,CC(O)C(=O)N(C)C,1.6302351258
2513,[NH4+].OCC([O-])=O,1.7009159091
2514,OC(=O)c1cccc2cccc(c3cccc4cccc(C(O)=O)c34)c12,-2.2334403365
2515,CC(C)COC(=O)C=C,-1.8067597771
2516,CC(CC=O)c1ccccc1,-1.86983286
2517,Cc1cc(O)ccc1N,-1.7894220529
2518,COC(=O)C(=O)c1ccccc1,-1.9142373478
2519,[Na+].[Na+].Nc1ccc2c([O-])c(N=Nc3ccc(cc3)N=Nc4ccc(cc4)[S]([O-])(=O)=O)c(cc2c1)[S](O)(=O)=O,-0.4603540840999999
2520,[Cl].COc1cc(CN)ccc1O,0.0188462521
2521,[Na+].[Na+].CC1=NN(C(=O)C1N=Nc2cc(NC(=O)C(Br)=C)ccc2[S]([O-])(=O)=O)c3cc(Cl)c(cc3Cl)[S]([O-])(=O)=O,-0.5501699754
2522,[Na+].[Na+].[Na+].[Na+].[Na+].[Na+].[O-][S](=O)(=O)c1ccc(Nc2nc(Cl)nc(NCCNc3ccc4N=C5C(=C6Oc7c(ccc(NCCNc8nc(Cl)nc(Nc9ccc(cc9[S]([O-])(=O)=O)[S]([O-])(=O)=O)n8)c7[S]([O-])(=O)=O)N=C6C(=C5Oc4c3[S]([O-])(=O)=O)Cl)Cl)n2)c(c1)[S]([O-])(=O)=O,-0.8795540191
2523,CC(O)CN.OC(=O)CC(O)(CC(O)=O)C(O)=O,0.8629201268000001
2524,Cc1c(O)cccc1O,0.1927727267
2525,CC(C)(O)C=C,0.351057238
2526,[Li+].[Li+].[O-]C(=O)CCCCC([O-])=O,0.0846221527
2527,[Li+].[Li+].[O-]C(=O)CCCCCCCCC([O-])=O,-0.0473478928
2528,[Li+].[Li+].[O-]C(=O)CCCCCCCC([O-])=O,-0.017921985
2529,Nc1ccc2C(=O)C(=N/Nc3ccc(cc3)N=Nc4ccc(cc4)[S](O)(=O)=O)\C(=Cc2c1)[S](O)(=O)=O.OCCN(CCO)CCO.OCCN(CCO)CCO,-0.6359046156
2530,[Na+].[Na+].Oc1c2ccc(Nc3nc(Cl)nc(Cl)n3)cc2cc(c1N=Nc4ccc(cc4)[S](=O)(=O)CCO[S]([O-])(=O)=O)[S]([O-])(=O)=O,-1.5783823574
2531,CCN(CC)CCCNc1nc(NCCCN(CC)CC)nc(Nc2ccc3c(O)c(N=Nc4ccc5NC(=O)Nc5c4)c(cc3c2)[S](O)(=O)=O)n1.CC(O)C(O)=O,-0.64043406
2532,[Sn++].[O-][S]([O-])(=O)=O,-0.0578238563
2533,COc1cc(Nc2c(cnc3cc(OCCCN4CCN(C)CC4)c(OC)cc23)C#N)c(Cl)cc1Cl,-4.8795513261000005
2534,C/C=N/O,0.4958194622
2535,[Li+].[Br-],1.3237062702
2536,CCC(OCCCOC)OC(C)=O,-0.0168484647
2537,[Na+].[Na+].[O-][S](=O)[S]([O-])=O,0.0182921287
2538,C\C=C/C=O,0.4120163187
2539,CC1OC1C,0.3972950779
2540,[Na+].CCCCCCCCCO[S]([O-])(=O)=O,-0.1361989598
2541,[Cl-].CCNc1cc2[o+]c3cc(NCC)c(C)cc3c(c2cc1C)c4ccccc4C(=O)OC,-1.3909846109
2542,CCOc1ccc(N)cc1,-0.8608353259999999
2543,Clc1ccccc1C(=O)CC#N,-2.1751395948
2544,CC(=O)CC(=O)OCCOC(=O)C(C)=C,-1.0636822045
2545,O=C1OCc2ccccc12,-0.8627210528
2546,CC1=NN(C(=N)C1)c2cccc(c2)[S](O)(=O)=O,-1.1387882185
2547,O=C1CCN(CC1)Cc2ccccc2,-1.0169828584
2548,COC(=O)\C=C(/C)N,-0.8059235439
2549,F.[Na].[MgH2].O=[Si]=O,-0.8566651273999999
2550,Nc1ccc(cc1)N(CCO)CCO.O[S](O)(=O)=O,-0.2184130526
2551,[NH4+].[NH4+].[Zn++].[Zn++].[O-]C([O-])=O.[O-]C([O-])=O.[O-]C([O-])=O,-0.2897617622
2552,[Na+].[Na+].[SH-],0.3524906593
2553,[Ni++].CC([O-])=O.CC([O-])=O,0.0005376801
2554,OC(C(F)(F)F)C(F)(F)F,0.020110333
2555,[Na+].[Na+].[Na+].OC(=O)C1=CC(CC=C1O)(Nc2nc(NC3(CC=C(O)C(=C3)C(O)=O)[S]([O-])(=O)=O)nc(NC4(CC=C(O)C(=C4)C(O)=O)[S]([O-])(=O)=O)n2)[S]([O-])(=O)=O,-0.6896460114
2556,[Ca++].[O-]C=O.[O-]C=O,0.1212110943
2557,CC(=O)OCCOC(C)=O,0.068474963
2558,[Na+].[Na+].Nc1c2C(=O)c3ccccc3C(=O)c2c(Nc4ccc(cc4)[S](=O)(=O)CCO[S]([O-])(=O)=O)cc1[S]([O-])(=O)=O,-0.5639623965
2559,[O--].[O--].[O--].[As+3].[As+3],-1.0458962962
2560,[Na+].[Na+].[O-][S](=O)(=O)c1ccccc1\C=C/c2ccc(cc2)c3ccc(cc3)\C=C/c4ccccc4[S]([O-])(=O)=O,-1.504668533
2561,ClC(Cl)(Cl)C(=O)C(Cl)(Cl)Cl,-1.1797979201
2562,CCCCO[P](O)(=O)OCCCC,-1.0872511921
2563,COC=C,-0.5310304973
2564,CCOCCOC(=O)C(C)=C,-0.9674738601
2565,CCOC(=O)C(Cl)C(C)=O,-0.9859492465
2566,[Na+].[Na+].[Na+].CCN1C(=O)C(=N/Nc2cc(Nc3nc(Cl)nc(Nc4ccc(c(Nc5nc(N)nc(Cl)n5)c4)[S]([O-])(=O)=O)n3)c(cc2[S]([O-])(=O)=O)[S]([O-])(=O)=O)\C(=C(C(N)=O)C1=O)C,-0.7590012125
2567,CCN(CC)CC(C)O,0.1021113643
2568,CC(N)=S,0.3363395335
2569,COCC(C)OC(C)=O,0.0830232388
2570,[NH4+].[Na+].COc1cc(c(C)cc1NC(=O)C(N=Nc2ccc(cc2)c3sc4c(ccc(C)c4[S]([O-])(=O)=O)n3)C(C)=O)[S]([O-])(=O)=O,-0.6230624777
2571,CCCCOCCOCCOCOCCOCCOCCCC,-1.3016357757
2572,CC1OC(=O)C(C)OC1=O,-0.9360258625
2573,ClCBr,-0.8891641024
2574,NC(=O)c1ccccc1N,-0.9139223167
2575,CC\C=C/CCO,-0.7858548038
2576,COC1CCC=CO1,-0.853333105
2577,[H+].[Cl-].Cc1ncc(CO)c(CO)c1O,-0.1117125827999999
2578,[Na+].[Na+].[Na+].[Na+].OO.OO.OO.[O-]C([O-])=O.[O-]C([O-])=O,-0.3094338224
2579,CCCCCCCCCc1ccc(OCCOCCO)cc1,-0.3045102393
2580,NC(N)=N.SC#N,1.106488088
2581,[Na+].CCCCCCCCCCCCO[S]([O-])(=O)=O,-0.2838814082999999
2582,CC(C)C(N1CCCNC1=O)C(O)=O,-1.1028619258
2583,CC(=O)OC(C=C)C#N,-0.8986939452
2584,CC1CCCCC1O,-0.864495868
2585,CC(O)COc1ccccc1,-1.0034177306
2586,CN(CC(O)=O)C(N)=N,-0.9387416733
2587,Cc1ccccc1N,-0.8539252345
2588,CCCCC(CC)COCCCN,-1.096509119
2589,CC(C)CC=O,-0.7590833569
2590,[Cl-].N[C@@H](Cc1[nH]cnc1)C(O)=O.[H+],-0.1076498856
2591,[Na+].[Na+].[Na+].[Na+].[Na+].[O-][P]([O-])(=O)O[P]([O-])(=O)O[P]([O-])([O-])=O,-0.3954232123
2592,[Na+].O[C@H](C[O-])[C@H]1OC(=C(O)C1=O)O,-0.1325447734
2593,COCCOC(=O)C=C,0.0439416783999999
2594,[H+].[Cl-].NNc1ccc(cc1)[S](N)(=O)=O,-0.1912743698
2595,CN(C)C(N)=O,0.2124315669
2596,[K+].[Au+].[C-]#N.[C-]#N,-0.3042087283
2597,[Na+].[Na+].[Na+].[Na+].[Na+].[Na+].[Na+].[Na+].[Na+].[Na+].[O-][S](=O)(=O)c1ccc(cc1)N=Nc2ccc(cc2)N=Nc3ccc(\C=C\c4ccc(cc4[S]([O-])(=O)=O)N=Nc5ccc(cc5)N=Nc6ccc(cc6)[S]([O-])(=O)=O)c(c3)[S]([O-])(=O)=O.[O-][S](=O)(=O)c7ccc(cc7)N=Nc8ccc(cc8)N=Nc9ccc(/C=C/c%10ccc(cc%10[S]([O-])(=O)=O)N=Nc%11ccc(\C=C\c%12ccc(cc%12[S]([O-])(=O)=O)N=Nc%13ccc(cc%13)N=Nc%14ccc(cc%14)[S]([O-])(=O)=O)c(c%11)[S]([O-])(=O)=O)c(c9)[S]([O-])(=O)=O,-1.2315456851
2598,OC(C(O)=O)c1ccccc1,-0.0321269405
2599,CC1(C)NC(=O)NC1=O,0.0384738201
2600,[Na+].[Na+].[Na+].[Na+].OCCNc1nc(Nc2cccc(c2)[S](O)(=O)=O)nc(Nc3ccc(\C=C\c4ccc(Nc5nc(NCCO)nc(Nc6cccc(c6)[S](O)(=O)=O)n5)cc4[S](O)(=O)=O)c(c3)[S](O)(=O)=O)n1,-0.8876904267
2601,O[P](O)(=O)c1ccccc1,-1.0269230581
2602,[Na+].[Na+].CC1=NN(C(=O)C1N=Nc2ccccc2C([O-])=O)c3ccc(cc3)[S]([O-])(=O)=O,-1.491314993
2603,[Na+].[O-][S](=O)(=O)c1ccc(Nc2nc(Cl)nc(Cl)n2)cc1,-1.3810309201
2604,CCCCCCCCCc1ccccc1O.CC2CO2.OCCNCCO.C=O,-1.4630694907
2605,[Cl-].CCN(CC)c1ccc2C=C(C(=O)Oc2c1)c3n(C)c4ccccc4[n+]3C,-1.4505613752000002
2606,CC(C)CC(C)=O,-0.8514795392
2607,COc1ccccc1N,-0.9443240129
2608,C=COCCOCCOC=C,-1.0530702077
2609,[Na+].[Na+].[Na+].CN(c1ccc2c(c1)C=C(/C(=N/Nc3ccccc3[S]([O-])(=O)=O)C2=O)[S]([O-])(=O)=O)c4nc(Cl)nc(Nc5cccc(c5)[S]([O-])(=O)=O)n4,-0.7520299872
2610,[Cu++].[O-][N+]([O-])=O.[O-][N+]([O-])=O,0.8661228867
2611,[nH]1cccn1,1.2878896498
2612,CCN(CC[N+](C)(C)CC(C)O)c1ccc(cc1)N=Nc2ccc(cc2Cl)[N+]([O-])=O.CC([O-])=O,-0.5731459846
2613,[Cl-].CCN(CC[N+](C)(C)CC(C)O)c1ccc(cc1)N=Nc2ccc(cc2Cl)[N+]([O-])=O,-0.5518943050999999
2614,[Cu++].[O-]C(=O)C1CCC(=O)N1.[O-]C(=O)C2CCC(=O)N2,-0.384250204
2615,[Na+].[Na+].COc1cc(ccc1NC(=O)Nc2ccc(cc2OC)N=Nc3cccc(c3)[S]([O-])(=O)=O)N=Nc4cccc(c4)[S]([O-])(=O)=O,-0.714875651
2616,CC(CO)OC(=O)C(C)=C,-0.0449315461
2617,Cc1ccc2OCC(=O)COc2c1,-1.1141554489
2618,CCOC(=O)c1ccnc(c1)C(=O)OCC,-1.2184148997
2619,[Na+].[Na+].[K].[K].OCCN(CCO)c1nc(Nc2ccccc2)nc(Nc3ccc(\C=C\c4ccc(Nc5nc(Nc6ccccc6)nc(n5)N(CCO)CCO)cc4[S]([O-])(=O)=O)c(c3)[S]([O-])(=O)=O)n1,-1.8879601369
2620,CC(C)(O)C(=O)c1ccccc1,-1.0915320913
2621,CC1=CCC2C(C1)C(=O)OC2=O,-1.0999943697
2622,CCCCC(CC)CO.O[P](O)(O)=O,-1.2377892845
2623,CCC(C)C=O,-0.8212312637000001
2624,CC(C)CN(CC(C)C)C=O,-1.082666634
2625,CN1C(=C(NC=O)C(=O)N(C)C1=O)N,-1.1831208545999998
2626,[Na+].[Na+].[Na+].CCN(c1ccccc1)c2nc(Cl)nc(Nc3cc(cc4C=C(\C(=N/Nc5ccc(C)cc5[S]([O-])(=O)=O)C(=O)c34)[S]([O-])(=O)=O)[S]([O-])(=O)=O)n2,-0.8004343948
2627,C=CCOCC1CO1,0.049756882
2628,CCOC(=O)CC1(C)OCCO1,-0.1448235929
2629,[Li+].[Li+].[Na+].[Na+].COc1cc(ccc1N\N=C/2C(=O)c3c(O)cc(cc3C=C2[S]([O-])(=O)=O)[S]([O-])(=O)=O)N(O)\N=C\4C=CC(=N\N=C\5C(=O)c6c(O)cc(cc6C=C5[S]([O-])(=O)=O)[S]([O-])(=O)=O)\C(=C4)OC,-0.9094796777
2630,[K+].[O-][V](=O)=O,-0.0465738269
2631,[La],0.9471841061
2632,[Li+].[Li+].[Na+].[Na+].Nc1c(N=Nc2ccc(cc2)[S](=O)(=O)CCO[S]([O-])(=O)=O)c(cc3C=C(\C(=N/Nc4cc(Nc5nc(F)nc(F)c5Cl)ccc4[S]([O-])(=O)=O)C(=O)c13)[S]([O-])(=O)=O)[S]([O-])(=O)=O,-0.9138010179
2633,[Na+].[Na+].[Na+].[Na+].[O-][S](=O)(=O)OCC[S](=O)(=O)c1ccc(N\N=C/2C(=O)c3c(Nc4nc(Cl)nc(Nc5cccc(c5)[S]([O-])(=O)=O)n4)cc(cc3C=C2[S]([O-])(=O)=O)[S]([O-])(=O)=O)cc1,-0.903187957
2634,COC(=O)CCC(=O)OC,-0.0752231636
2635,O=C(OCC1CO1)C2CC=CCC2C(=O)OCC3CO3,-1.3401088604
2636,[Ca++].CC(=O)[CH-]C(C)=O.CC(=O)[CH-]C(C)=O,-1.2665270421
2637,[Na+].[Na+].[O-][S](=O)(=O)C1=CC(=O)C2=C(NNc3ccc(NC(=O)C(Br)=C)cc3[S]([O-])(=O)=O)C(=N)C=CC2=C1,-1.6785332004
2638,Oc1ccc(cc1O)C#N,-1.0235160951
2639,CC(=C)C(=O)OCCOCCOCCOCCOC(=O)C(C)=C,-1.4186392601
2640,Nc1ccc(cc1)[S](O)(=O)=O,-1.1412730253
2641,COC1CCCC1,-0.9037886388
2642,Nc1ccc(cc1N)[S](O)(=O)=O,-1.1812163945
2643,O=N\C=C/1NC=CC=C1,-1.0004518583
2644,O=C1NC(=O)C2CC=CCC12,-1.0930914177
2645,CC1=CC(=O)CC(C)(C)C1,-1.0613582209
2646,Cc1cccc(N)c1,-0.9508352475
2647,CCN(CC)c1ccc(cc1)C(c2ccc(cc2)N(CC)CC)c3c4cc(ccc4ccc3[S](O)(=O)=O)[S](O)(=O)=O,-0.6984761494
2648,CCC(C)(C)O,0.1266596907
2649,[Rh+3].[O-][N+]([O-])=O.[O-][N+]([O-])=O.[O-][N+]([O-])=O,0.6074112618999999
2650,NC(N)=S,0.188516266
2651,[Li+].[Na+].[Na+].[O-][S](=O)(=O)c1cc(NC(=O)c2ccccc2)c3C(=O)C(=N/Nc4ccc5c(CNc6nc(F)nc(F)c6Cl)cccc5c4[S]([O-])(=O)=O)/C(=Cc3c1)[S]([O-])(=O)=O,-0.8900865081
2652,Oc1cccc(O)c1,1.0034883278
2653,[Cl-].CCCCCCCCCCCCCCCC[n+]1ccccc1,-0.4861495515
2654,CCC(CO)(CO)COCC=C,-0.1997551773
2655,CSCCC(O)C#N,-0.0765411499
2656,CC(C)=CC=O,0.1165037469
2657,[Li+].[OH-],0.6621234357
2658,CC(C)CC(C)(O)C#C,-1.0365979243
2659,O=CC1CCC=CC1,-0.9775501681
2660,O=C1CC(=O)NC(=O)N1,-1.0486616392
2661,OCCCCCCCl,-1.0824421952
2662,N#CCCCCCCC#N,-1.0810922867
2663,CC(C)C1(C)N=C(NC1=O)c2ncccc2C(O)=O,-1.3640293861
2664,CC\C=C/C#N,-0.8598992117
2665,C1C[NH+]=C(N1)c2ccccc2,-1.1265180752
2666,OCC1CCC2C3CC(CC3CO)C12,-1.2515054899
2667,O[C@@H](C(O)=O)c1ccccc1,-0.1416667622
2668,COC1OC(CO)C(O)C(O)C1O,0.7452125491
2669,OCC#CCO.ClCC1CO1,0.7778715429
2670,CC1CCOC1,0.0901312493
2671,[Cr+3].[O-][N+]([O-])=O.[O-][N+]([O-])=O.[O-][N+]([O-])=O,0.6456305496
2672,CC(O)SC=C,0.0054931194
2673,[Na+].[Na+].Nc1ccc(N=Nc2ccc(cc2)N=Nc3c(N)c4C(=O)C(=N/Nc5ccccc5)/C(=Cc4cc3[S]([O-])(=O)=O)[S]([O-])(=O)=O)c(N)c1,-0.827397585
2674,[Na+].[Na+].OC(=O)CN(CCN(CC(O)=O)CC([O-])=O)CC([O-])=O,-0.5054187441
2675,C[N+]([O-])=O,0.2335017655
2676,[Sm+3].[O-][N+]([O-])=O.[O-][N+]([O-])=O.[O-][N+]([O-])=O,0.4860173873
2677,CCC(C)(O)C#C,0.0167319924
2678,NNC(=O)CCCCC(=O)NN,-0.2324579511
2679,COCCOC,1.0451691789
2680,C1COCCO1,1.0549945152
2681,CN1CCCC1=O,1.0037817508
2682,CNC(N)=O,1.1302814392
2683,OCCSCCO,0.9129678895
2684,O.OC(=O)CC(O)(CC(O)=O)C(O)=O,0.6774954055
2685,OCCOCCO,0.9741986662
2686,CC(=C)C(=O)OCCN1CCNC1=O,0.7028481462999999
2687,[H+].[Cl-].CN(C)C(C)(C)CO,0.8134589559000001
2688,NCCNCCO,0.9823282162
2689,CN(CCO)CCO,0.9238549272
2690,OCCOCCOCCO,0.8234052513
2691,OCCN(CCO)CCO,0.8262602859999999
2692,OCCCl,1.0941285967
2693,OC(=O)CC#N,1.0702644103
2694,OCCOC(=O)C=C,0.9351079333
2695,CC(O)C#N,1.1482586908
2696,CC(C)(O)C#C,1.0751110617
2697,CC(C)(C)N,1.1358509819
2698,CC(C)(C)O,1.1300470117
2699,Cc1ccccn1,1.0309150604
2700,OCCS,1.1071488253
2701,CN(C)CCCO,0.9864676175
2702,CO[S]([O-])(=O)=O.C[n+]1ccn(C=C)c1,0.6570840829
2703,Oc1ccc(cc1)[S](O)(=O)=O,0.7590091939
2704,OCCCCOC(=O)C=C,0.8411251015000001
2705,CN(C)C(C)=O,1.0598721633
2706,CC(NC=O)C#N,1.0083088579
2707,CCNCC,1.1358509819
2708,CNC(C)=O,1.1361123296
2709,C1CN1,1.3658352118
2710,CCC(O)CO,1.0451691789
2711,C[C@@H](O)[C@H](C)O,1.0451691789
2712,NC1CCCCC1,1.0035890328
2713,NC1CC1,1.2433943163
2714,ClC(=O)C(Cl)=O,0.8964494062999999
2715,NC=O,1.3463919758
2716,C[S](O)(=O)=O,1.0172449791
2717,COC(=O)COCO,0.9204425284
2718,CNN,1.3365535082
2719,O=C1CCCCO1,0.9994921725
2720,CCCC(O)CO,0.9823448956
2721,OCCCCCO,0.9823448956
2722,CC(N)CN,1.1300235759
2723,CCC(O)=O,1.1303048889
2724,[Na+].[O-]C(=O)C(Cl)(Cl)Cl,0.7319628929
2725,[Na+].[Na+].[Na+].[Na+].CC(O)CN(CC(C)O)c1nc(Nc2ccc(cc2)[S]([O-])(=O)=O)nc(Nc3ccc(/C=C/c4ccc(Nc5nc(Nc6ccc(cc6)[S]([O-])(=O)=O)nc(n5)N(CC(C)O)CC(C)O)cc4[S]([O-])(=O)=O)c(c3)[S]([O-])(=O)=O)n1,-0.0867739927999999
2726,[I-].CCCC[N+](C)(CCCC)CCCC,0.4850619562
2727,OC(=O)C(F)(F)F,0.9430113455
2728,O=[S]1(=O)CCCO1,-0.0868756938
2729,[Na+].[Na+].Nc1ccc(\C=C\c2ccc(N)cc2[S]([O-])(=O)=O)c(c1)[S]([O-])(=O)=O,-0.6173904015
2730,[Y+3].CC([O-])=O.CC([O-])=O.CC([O-])=O,-0.4249436743
2731,Nc1cccc(c1)[S](O)(=O)=O,-1.2051065795
2732,COc1ccc2nccc(C(O)C3CC4CCN3CC4C=C)c2c1.O[S](O)(=O)=O,-1.5924060415
2733,OC(=O)c1cc(Br)nn1c2ncccc2Cl,-1.4489346424
2734,CCC(C)(C)OC,-0.9795636765
2735,CC(=O)C(O)c1ccccc1,-1.1766034244
2736,N.N.OC(O)=O,-0.9826601144
2737,COC(OC)OC,-1.0258013338
2738,OCC(CBr)(CBr)CBr,-2.2261095189
2739,Nc1cc(Cl)c(Cl)cc1[S](O)(=O)=O,-2.1052106917
2740,[nH]1ccnc1c2ccccc2,-1.8893830404
2741,[Sr].OC(C(O)C(O)=O)C(O)=O,-2.1065271998
2742,OCCNc1ccccc1[N+]([O-])=O,-1.9933265855
2743,Cc1oncc1C([O-])=O,-1.0553611102
2744,CC1CC=C(C)C(=O)C1C,-1.8852669619
2745,[Mn++].CCCCC(CC)C(O)=O,-2.0439121671
2746,CCCCC(CC)COCC(O)CO,-2.0550171187
2747,NC(=O)c1ccc(Cl)c(N)c1,-1.976703976
2748,COc1cc(N[S](=O)(=O)c2ccccc2)c3C(=O)c4ccccc4C(=O)c3c1N,-2.3558504459000003
2749,C1OC1COc2cccc(c2)N(CC3CO3)CC4CO4,-2.1925611892
2750,c1ccccc1,-1.6423088751
2751,CC1(C)CC(CC(C)(C)N1)NCCCCCCNC2CC(C)(C)NC(C)(C)C2,-2.350745656
2752,CC(C)CC(C)(O)C#CC(C)(O)CC(C)C,-2.1243507639
2753,CCCCOC(=O)C=C,-1.8773408513
2754,CCCCOCc1ccc(O)c(OC)c1,-2.0948968063
2755,[H+].[Cl-].Nc1cc(Cl)ccc1Cl,-2.0750002801
2756,[Na+].[Na+].CCCCCCCCCCCC(=O)O[C@@H](C)C[S]([O-])(=O)=O.CCCCCCCCCCCC(=O)O[C@H](C)C[S]([O-])(=O)=O,-2.6180468359
2757,Nc1scc(CC(O)=O)n1,-1.9816731181
2758,N#CC1(CC[NH+](CC1)Cc2ccccc2)[NH+]3CCCCC3,-2.2459922106
2759,CCN(CC)c1cccc(O)c1,-2.0112787971
2760,[O-][N+](=O)OCC(CO[N+]([O-])=O)O[N+]([O-])=O,-2.1520684654
2761,COC(=O)C=C1CCCC1,-1.9425722692
2762,C[P](=O)(Oc1ccccc1)Oc2ccccc2,-2.2017086736
2763,Fc1ccccc1,-1.7924097659
2764,[Na+].CCCCCCCCCCCCCCCCCO[S]([O-])(=O)=O,-2.3669926669
2765,NCC(F)F,0.5225303771
2766,CC(=O)OCC1OC(OC(C)=O)C(OC(C)=O)C(OC(C)=O)C1OC(C)=O,-2.4153529113
2767,CC(C)(CO)Cc1ccccc1,-2.0423138216
2768,C1OC1c2ccccc2,-1.9065411213
2769,CC(C)(C)OOC(=O)C(C)(C)C,-2.067961594
2770,CCO[Si](OCC)(OCC)OCC,-2.1455655454
2771,CC\C=C/CC1=C(C)CCC1=O,-2.0452383746
2772,Clc1ccccc1C=O,-1.9805722205
2773,CCC(C)c1ccccc1O,-2.0123777929
2774,CCCCCCCCN(CCO)CCO,-2.1910376032
2775,OC(=O)c1cc(cc(c1)[N+]([O-])=O)C(O)=O,-2.178419855
2776,[Na+].Cc1ccc(cc1)[S](=O)(=O)Oc2ccc(Nc3cc(c(N)c4C(=O)c5ccccc5C(=O)c34)[S]([O-])(=O)=O)cc2,-2.6221984752000003
2777,CCOC(=O)N[S](=O)(=O)c1ccc(C)cc1,-2.2430987475
2778,[Ca++].CCCCCCCCC([O-])=O.CCCCCCCCC([O-])=O,-2.412949573
2779,CCOC(OCC)OCC,-2.040520296
2780,[Li+].[F-],-1.2901015882
2781,CCCCCCCCC(=O)N(C)C,-2.1440495587
2782,Cc1cc(ccc1N=C=O)c2ccc(N=C=O)c(C)c2,-2.308127519
2783,CC(=O)\C=C\c1ccccc1,-2.050971343
2784,Oc1ccc(cc1)C2NC(=O)NC2=O,-2.1731049195
2785,[Na+].CCCCCCCCCCCC(=O)OCC[S]([O-])(=O)=O,-2.4084792453
2786,Nc1ccc(NCCO)c(c1)[N+]([O-])=O,-2.1910899756
2787,CC(O)CC(C)(C)c1ccccc1,-2.1472867242
2788,Oc1cccc2ccccc12,-2.0619739225
2789,Nc1cccc(Cl)c1Cl,-2.1303847013
2790,Cc1ccc(Cl)cc1N,-2.0718850743
2791,CC(=O)N(CCN(C(C)=O)C(C)=O)C(C)=O,-2.2792257347
2792,CC(C)C1CCC(C)CC12OCC(CO)O2,-2.2793855347
2793,[Na+].[Na+].CC(C)(c1ccc(O[S](=O)(=O)c2cccc(NNC3=C4C(=O)C=C(C=C4C=CC3=N)[S](O)(=O)=O)c2)cc1)c5ccc(O[S](=O)(=O)c6cccc(NNC7=C8C(=O)C=C(C=C8C=CC7=N)[S](O)(=O)=O)c6)cc5,-2.9562873167
2794,CCOC(=O)Cc1ccccc1,-2.1362024863
2795,[N-]=[N+]=O,-1.5643997258000002
2796,[Na+].Cc1cc(Nc2cc(c(N)c3C(=O)c4ccccc4C(=O)c23)[S]([O-])(=O)=O)cc(c1C)[S](=O)(=O)NCCO,-2.6748435421
2797,CCCCc1[nH]c(Cl)c(C=O)n1,-2.1991273723
2798,CC\C=C/CCOC(C)=O,-2.111500803
2799,CCCCN1C(=O)C=C(C)C(=C1O)C#N,-2.2729907436000003
2800,CCCc1ccc(O)c(OC)c1,-2.1792905928
2801,ClCC(Cl)C=C,-2.0555103791
2802,[Li+].[Li+].[Li+].[F-].[F-].[F-].[F-].[F-].[F-].[Al+3],-2.1675670427
2803,CCCCCCCCN1CCCC1=O,-2.2577490108
2804,CCC(C)C\C(CC)=N\O,-2.1307281267
2805,[Br-].C[N+](C)=C1OCCC1(c2ccccc2)c3ccccc3,-2.5265751338
2806,FC(F)(F)C(Br)=C,-2.2385851258
2807,COc1ccc(CC(C)C=O)cc1,-2.24666187
2808,CC(C)(C)CC(C)(C)NC(=O)C=C,-2.2588292445
2809,FCC(F)(F)F,-2.0087278867
2810,Cc1cc(N)c(cc1Cl)[S](O)(=O)=O,-2.3456971252
2811,CCOC(=O)C1OC1(C)c2ccccc2,-2.3143750058
2812,O=[Mo](=O)=O,-2.1581724467
2813,[Na+].CCC(=O)Nc1cccc(Nc2cc(c(N)c3C(=O)c4ccccc4C(=O)c23)[S]([O-])(=O)=O)c1,-2.6879470025
2814,Nc1ccc(Cl)cc1C(F)(F)F,-2.2934813757
2815,C[Si](C)(C)N[Si](C)(C)C,-2.2100723772
2816,CC(C)(C)c1ccccc1O,-2.1899589144
2817,CC(CCCC(C)(C)O)C=C,-2.2212072407
2818,CC(Cc1ccc2OCOc2c1)C=O,-2.3134381403
2819,CCC(C)Cl,-2.0012638712
2820,[Pd++].CC([O-])=O.CC([O-])=O,-2.3865009
2821,CC1CCOC(C1)C=C(C)C,-2.2244457918
2822,CCCCC(CC)CO,-2.1604718659
2823,CC\C(C)=C\CCC(C)=O,-2.1925860364
2824,[Na+].CC/1=CC(=O)C=CC1=N/Nc2ccc(Nc3ccc(cc3[N+]([O-])=O)[S]([O-])(=O)=O)cc2,-2.6993635863
2825,OC(=O)c1oc(cc1)C(O)=O,-2.2396237358
2826,OC(=O)c1cccc(Cl)c1Cl,-2.3316729189
2827,Cc1cc(c(N)cc1Cl)[S](O)(=O)=O,-2.4061778726
2828,CC(=O)CC(=O)Nc1ccccc1Cl,-2.4065360765
2829,CC(=O)Oc1ccc(Br)cc1,-2.4166041571
2830,CCCCC(CC)CO.CCCCC(CC)CC(CC)CO.CCCC(O)C(CC)CO.CCCC(C(CC)CO)C(CC)CO,-2.9252846689
2831,Nc1cccc2cccc(N)c12,-2.3071228572
2832,C=CC=C,-1.8668457003
2833,[O-][N+](=O)c1cc(ccc1C#N)C(F)(F)F,-2.4707735629
2834,[Pb++].[O-]c1c(cc(c([O-])c1[N+]([O-])=O)[N+]([O-])=O)[N+]([O-])=O,-2.8083913688
2835,CCC\C=C(/CC)C=O,-2.2559578736000003
2836,CCCCC(CC)C=O,-2.2628407967
2837,CC(CC(O)=O)CC(C)(C)C,-2.3542209788
2838,CC(=O)CC(=O)Nc1ccc2NC(=O)Nc2c1,-2.522680786
2839,Nc1ccc2NC(=O)Nc2c1,-2.3347829023
2840,CCCCC1OC(C)CC(C)(C)O1,-2.4532973596
2841,CC(C)C(=O)c1ccccc1,-2.35661526
2842,Nc1cc(cc(C(O)=O)c1O)[N+]([O-])=O,-2.4907790333
2843,N.N.[Cl-].[Cl-].[Pd++],-2.5257397803
2844,CO[Si](CCC(F)(F)C(F)(F)C(F)(F)C(F)(F)C(F)(F)C(F)(F)F)(OC)OC,-2.8923562141000003
2845,CN[S](=O)(=O)c1cc(OC)c(N)cc1C,-2.5769433589
2846,CC(C)(C)c1ccc(O)cc1,-2.3914008137
2847,ClCC(Cl)C(Cl)=C,-2.4244542069
2848,CCOC(=O)C(C)CC,-2.3364163689
2849,CC(C)(C)C1CCC(=O)CC1,-2.4173816076
2850,CC1(C)[C@@H]2CC[C@]1(C)[C@H](O)C2,-2.4205583952
2851,Nc1ccc(Cl)c(Cl)c1,-2.4461379538
2852,[Mg++].O[P]([O-])([O-])=O,0.2641880223
2853,CCCCOCCOCCOC(=O)CCCCC(=O)OCCOCCOCCCC,-2.8821848864
2854,COc1ccc(C)cc1,-2.3395421013
2855,C(CNc1cccc2ccccc12)CN3CCOCC3,-2.702803349
2856,Oc1ccccc1c2ccccc2,-2.5067117536000003
2857,CCC(C)(C)c1ccccc1O,-2.4912242204
2858,CO[Si](CCCCCC[Si](OC)(OC)OC)(OC)OC,-2.7929479843
2859,C[C@@H]1[C@@H](CN)C[C@H]2C[C@@H]1C2(C)C,-2.5159153811
2860,CC(CCC=C(C)C)C=O,-2.4478585415
2861,OC(=O)CN(CCN(CC(O)=O)CC(O)=O)CC(O)=O,-2.7667755992000003
2862,COc1ccc2nccc([C@@H](O)[C@@H]3CC4CCN3C[C@@H]4C=C)c2c1,-2.8121429703
2863,COc1ccc2nccc([C@H](O)[C@H]3C[C@@H]4CCN3C[C@@H]4C=C)c2c1,-2.8121429703
2864,CCCCCCCCCCCC(=O)N(C)CC(O)=O,-2.7346414392
2865,CC(C)COC(=O)[C@H](C)Cl,-2.5175442498
2866,C/C(C=O)=C/c1ccccc1,-2.4747186153
2867,CC(C)=CC1CC(=C)CCO1,-2.5104223592
2868,CCCC(C)C(=O)OCC,-2.4896905423
2869,CC(=C)C(=O)OC(C)(C)C,-2.4863755076
2870,CCCCOC=C,-2.3379408202
2871,CCCCN[S](=O)(=O)c1ccccc1,-2.6757824138
2872,CC1(C)CCCC(C)(O1)C=C,-2.5359872782
2873,CC1=Nc2ccc(cc2C1(C)C)C(O)=O,-2.6625890537
2874,CC1CCCCC1OC(C)=O,-2.5502978569
2875,[O-][N+](=O)c1ccccc1Cl,-2.5639664909
2876,CCCCC(CC)COC(=O)C(C)O,-2.6735257097
2877,Brc1ccccc1,-2.568561457
2878,[F-].[F-].[F-].[F-].[F-].[F-].[Na+].[Na+].[Na+].[Al+3],-2.6988459025
2879,Cc1ccc(cc1)[N+]([O-])=O,-2.5149437885
2880,COc1cc(CC=C)ccc1OC(C)=O,-2.7015911491000004
2881,CC=C(C)C,-2.2331509446
2882,OC[C@@H]1CO[C@](Cn2cncn2)(O1)c3ccc(Cl)cc3Cl,-2.9059550684
2883,CCCCOC(=O)C(C)=C,-2.5443674546
2884,COc1ccc(CCC(=O)c2c(O)cc(O[C@@H]3O[C@H](CO)[C@@H](O)[C@H](O)[C@H]3O[C@@H]4O[C@@H](C)[C@H](O)[C@@H](O)[C@H]4O)cc2O)cc1O,-3.1851035311
2885,CC(CCO)CC(C)(C)C,-2.5570799155
2886,Oc1cc(Cl)ccc1[N+]([O-])=O,-2.6373771386
2887,Clc1ccccc1,-2.4493202347
2888,CCOC(=O)N1C(=O)c2ccccc2C1=O,-2.7387726333
2889,CC(CCO)CCc1ccccc1,-2.6600258381
2890,[Cl-].CCCCCCCCCC[N+](C)(C)CCCCCCCCCC,-2.9677471262
2891,Fc1ccc(cc1)C([NH+]2CC[NH2+]CC2)c3ccc(F)cc3,-2.8786010762
2892,Nc1nc(N)nc(N)n1.O[P](O)(=O)O[P](O)(O)=O,-2.9089794399
2893,Cc1ccc(NCCO)c(c1)[N+]([O-])=O,-2.7474051676
2894,C=COC1CCCCC1,-2.5825419737
2895,C=COCCCCOC=C,-2.6477435098
2896,Nc1ccc2cc(cc(O)c2c1)[S](O)(=O)=O,-2.8833112394
2897,[Na+].[Na+].CC1=NN(c2cccc(c2)[S]([O-])(=O)=O)C(=O)C1N=Nc3cc(Cl)c(Cl)cc3[S]([O-])(=O)=O,-3.2642643745
2898,CCc1ccc(CC)cc1.CC(C)c2ccccc2.Cc3ccccc3.Cc4cc(C)cc(C)c4.C5CCc6ccccc6C5.C7Cc8ccccc8C7.C9C=Cc%10ccccc9%10.c%11ccccc%11.c%12ccc%13ccccc%13c%12,-3.5397404208
2899,CCCCC.CCc1ccccc1.Cc2ccccc2.Cc3cccc(C)c3.C4CCCC4,-3.1729559438
2900,O[S](=O)(=O)c1ccc2nc([nH]c2c1)c3ccccc3,-2.9611061362
2901,Cc1ccccc1.C=Cc2ccccc2.c3ccccc3,-2.9612739311
2902,[Mn++].[O-]C(=O)C([O-])=O,-2.6780811331
2903,[Li+].[Li+].[Li+].[O-][P]([O-])([O-])=O,-2.5909258566
2904,COc1ccc2CCCCc2c1,-2.7477385243
2905,Nc1cccc2c(N)cccc12,-2.7678536958
2906,CC(O)CCC1CCCCC1,-2.7673615716000004
2907,[Ba++].OC(C(O)C([O-])=O)C([O-])=O,-3.0523304042
2908,CCCCOCOCCCC,-2.8068769998
2909,O[C@H]([C@H]1C[C@@H]2CCN1C[C@@H]2C=C)c3ccnc4ccccc34,-3.0887236136
2910,[Cl-].CCCCCCCCCCCCCCCC[N+](C)(C)C,-3.1249455224
2911,CC1(C)COC(=O)C2CC=CCC2C(=O)OC1,-3.0041810563
2912,CC(C)[C@H]1CC[C@@H](C)CC1O,-2.8302608531
2913,COC(=O)C1C(=CCCC1(C)C)C,-2.9085159963
2914,CC(C)(C)C#C,-2.6135564252
2915,[Cl-].CCCCCCCCCCCCCC[N+](C)(C)CCCCCCCCCCCCCC,-3.3750249603
2916,CC(C)C(=O)OCCOc1ccccc1,-3.0263435366
2917,CC1=C(N2C(SC1)C(N)C2=O)C(O)=O,-3.0453554133
2918,Cc1ccc(C(N)=O)c(O)c1,-2.9170001587
2919,Clc1ccc2CC(=O)Nc2c1,-2.9689885527
2920,CC(Cc1ccccc1)(C=C)C#N,-3.0006167172
2921,CCCCOC(=O)\C=C/C(=O)OCCCC,-3.1280341619
2922,N[C@@H](CSSC[C@H](N)C(O)=O)C(O)=O,-3.1599219868
2923,CCCCC(CC)C(=O)OC,-2.9898040042000003
2924,C1CCC=CC1,-2.7104664382
2925,OCCN1C(=O)Nc2ccccc2C1=O,-3.1128936428
2926,CCCCCCC[C@H]1CCC(=O)O1,-3.0668187599000003
2927,[Ca++].O[P]([O-])([O-])=O,-2.9490262679000003
2928,CCCC=C,-2.6756730859
2929,CCCCC(CC)COCC1CO1,-3.1148651615
2930,O=[P]12OB(O1)O2,-2.8690757364
2931,OC(Cn1ccnc1)c2ccc(Cl)cc2Cl,-3.2640078237
2932,CCCCC(CC)CO[P](O)(=O)OCC(CC)CCCC,-3.3623020198
2933,[Na+].[Na+].[O-][S](=O)(=O)c1cc(Nc2nc(Nc3ccccc3)nc(Nc4ccccc4)n2)ccc1\C=C\c5ccc(Nc6nc(Nc7ccccc7)nc(Nc8ccccc8)n6)cc5[S]([O-])(=O)=O,-3.8255874528
2934,[NH3+]CCCCCCCCCCCC([O-])=O,-3.1963980912
2935,CC(C)CC1CC(C)CCO1,-3.0799294807
2936,C1CN(CCO1)SSN2CCOCC2,-3.2596343038
2937,Fc1cc(Br)cc(F)c1F,-3.2102979357
2938,S=C(SN1CCOCC1)N2CCOCC2,-3.2913006621
2939,CCC(=O)N(C1CCN(CC1)Cc2ccccc2)c3ccccc3,-3.4150433898
2940,Cc1cc(C)c(O)c(c1)C(C)(C)C,-3.1719091991000004
2941,Cc1cccc2NC(=S)Nc12,-3.13627918
2942,[Na+].[Na+].[Na+].[Na+].[Na+].CCCCCCCCCCCC(O)=O.CCCCCCCCCCCC([O-])=O.CCCCCCCCCCCC(=O)OC(C)C([O-])=O.CCCCCCCCCC(O)=O.CCCCCCCCCC([O-])=O.CCCCCCCCCC(=O)OC(C)C([O-])=O.CC(O)C([O-])=O,-4.0857316668
2943,CCCCCCCCCCC=O,-3.1520232011
2944,FC(F)(F)c1ccc(Cl)c(Cl)c1,-3.2679824907
2945,CC(O)COc1ccc(cc1)C(C)(C)c2ccc(OCC(C)O)cc2,-3.499700952
2946,CCC(C)Br,-3.1114780979
2947,CC(C)COC(=O)Cc1ccccc1,-3.2710471955
2948,C[C@]12CCC(=O)C=C1CC[C@@H]3[C@@H]2CC[C@@]4(C)[C@H]3CCC4(O)C#CCO,-3.526033775
2949,Cc1ccc(Cl)cc1,-3.1023856768
2950,C=CC1CC2CC1C=C2,-3.0798864018
2951,CC(C)CCC(C)(O)C#CC(C)(O)CCC(C)C,-3.4375252922
2952,S.[Ni],-3.022952972
2953,[Fe+3].[O-][P]([O-])([O-])=O,-3.2614644911000004
2954,Nc1cccc(c1)[S](=O)(=O)c2cccc(N)c2,-3.5118956043000003
2955,CCOC(=O)C1=C(C)C=CCC1(C)C,-3.411619706
2956,CCCCCCCCCCCCCCCCN,-3.5835100427
2957,CCCCCCCCCCCCCCCCCCN,-3.6312456144
2958,[O-][N+](=O)c1cccc(C#N)c1C#N,-2.9373448418
2959,ClCCN1C(=O)Nc2ccccc2C1=O,-3.5747994393
2960,CC1(C)CCC=C(C1)C(=O)CCC=C,-3.5342474855000003
2961,CCCC[C@H](CC)COCCOCCOC(=O)C=C.CCCC[C@@H](CC)COCCOCCOC(=O)C=C,-3.9942741056
2962,[Na+].[Na+].[Cr+3].Cc1nn(c([O-])c1N=Nc2cc(ccc2[O-])[S]([O-])(=O)=O)c3ccccc3.[O-]c4ccc(cc4N=Nc5c([O-])ccc6ccccc56)N=Nc7ccccc7,-2.6916066775
2963,CCOC(=C)C1C(C)(C)CC(=O)CC1(C)C,-3.6433442829
2964,[Cl-].C[N+](C)=CCC(O)CC(N)=O,0.5931295033
2965,[O-][N+](=O)c1cc(Cl)cc(Cl)c1,-3.5843334863
2966,SC1CCCCC1,-3.3672139557
2967,[S--].[S--].[Sn+4],-3.5808418514
2968,Cc1cccc(C)c1NC(=O)C[NH+]2CC[NH2+]CC2,0.4432827885
2969,[Na+].[Na+].[Na+].OC([O-])=O.[O-]C([O-])=O,0.0508613621999999
2970,N[S](=O)(=O)c1sc(Cl)cc1,-3.2959363681
2971,CC(C)N(C(=O)CO)c1ccc(F)cc1,-1.1786398993
2972,[OH-].[Cu++].[Cu++].[O-][P]([O-])([O-])=O,-3.7450548094
2973,CCCCCCC(=O)OCC=C,-3.5976237668
2974,CCCCCCCc1ccc(O)cc1,-3.6597017052
2975,CCCCCCCCCc1ccc(OCC(O)=O)cc1,-3.8425967597
2976,[Zn++].[Zn++].[Zn++].OC(CC([O-])=O)(CC([O-])=O)C([O-])=O.OC(CC([O-])=O)(CC([O-])=O)C([O-])=O,-2.2540402576
2977,CCCCCCCCCC(C)(C)SSC1=NNC(=S)S1,-3.9885639112
2978,CC(O)C(C)\C=C/C1CC=C(C)C1(C)C,-3.7860287034
2979,[H+].[Cl-].NNC(=O)C(N)CO,0.5104628122
2980,CC(C)(c1ccc(O)c(CC=C)c1)c2ccc(O)c(CC=C)c2,-3.9963835519
2981,CC(C)CC1(C)OCC(CO)O1,-0.7059803773000001
2982,F[S](F)(F)(F)(F)F,-3.6731547352
2983,CC(C)CCCCCN(CCCCCC(C)C)CCCCCC(C)C,-4.0572475801
2984,C1CN(CCC1Nc2ccccc2)Cc3ccccc3,-3.9542229462
2985,OC(=O)C(CCBr)(c1ccccc1)c2ccccc2,-4.0694912575
2986,CC12CCC(=O)C=C1C=CC3C2CCC4(C)C3CCC45CCC(=O)O5,-4.1007061575
2987,[Na+].[Na+].CCCCCCCC\C=C/CCCCCCCCNC(=O)CC(C([O-])=O)[S]([O-])(=O)=O,-0.0195157831
2988,CC(=C)C(=O)OCC(F)(F)C(F)(F)C(F)(F)C(F)F,-4.0459673488
2989,CC(C)(C)CCCCC(O)=O,-2.4750431492
2990,COCc1ccc(cc1)c2ccc(COC)cc2,-4.0023686333
2991,CCCCCCCCCCCCCCOC(=O)OOC(=O)OCCCCCCCCCCCCCC,-4.3499005787
2992,S=[Fe],-3.6218288656
2993,C1C=CC2C3CC(C=C3)C12,-3.8202211698
2994,CC(C)CCCC(C)CCCC(C)=O,-4.0051761335
2995,C1CCC\C=C/CC1,-3.770339988
2996,CN(C)C(=S)SSC(=S)N(C)C,-4.1161961212
2997,CO[Si](CC(C)C)(OC)C(C)C,-4.0243009096
2998,CN1C(C)(C)CC(CC1(C)C)OC(=O)CC(C(CC(=O)OC2CC(C)(C)N(C)C(C)(C)C2)C(=O)OC3CC(C)(C)N(C)C(C)(C)C3)C(=O)OC4CC(C)(C)N(C)C(C)(C)C4,-4.672731896
2999,[H+].[Cl-].OC(=O)C1CCNCC1,0.3840315922999999
3000,CCOC(=O)C1=C(COCCN2C(=O)c3ccccc3C2=O)NC(=C(C1c4ccccc4Cl)C(=O)OC)C,-4.5011269518
3001,C=CCOC(=O)CCC1CCCCC1,-4.0624492536000005
3002,CCOc1nc(NC)nc(NC(=O)N[S](=O)(=O)c2ccccc2C(=O)OC)n1,-4.387910768899999
3003,[Ca++].[O-]C([O-])=O,-3.7802652447
3004,Cc1cc(Cc2ccc(N)c(C)c2)ccc1N,-4.1506087086
3005,CCCCNC(=S)N(CCCC)CCCC,-4.1840665057
3006,CCCCC(CC)CNCC(CC)CCCC,-4.2367225564
3007,Nc1ccc(Cc2ccc(N)c(Cl)c2)cc1Cl,-4.2868907228
3008,CC(O)C(C)(C)\C=C\C1CC=C(C)C1(C)C,-4.2167463336
3009,CC(CC(C)(C)C)C[P](O)(=O)CC(C)CC(C)(C)C,-4.366128471100001
3010,N[S](=O)(=O)c1ccc(NC(=S)Nc2ccc(F)cc2)cc1,-2.9899599684
3011,CCOC(=O)c1nn(c2ccc(OC)cc2)c3C(=O)N(CCc13)c4ccc(cc4)N5CCCCC5=O,-4.6282058436
3012,ON1CC(=O)N=C2C=CC(=CC2=C1c3ccccc3Cl)Cl,-4.4653328209
3013,CCCCCC,-3.9441703352
3014,NC(NC#N)=NCCCCCCN=C(N)NC#N,-4.4346903729000005
3015,CCC(=O)OC(C)(CCC=C(C)C)C=C,-4.3823578934
3016,[Na+].[Na+].[Na+].[Cr+3].Cc1nn(c([O-])c1N=Nc2c([O-])cc(c3ccccc23)[S]([O-])(=O)=O)c4ccccc4.Cc5nn(c([O-])c5N=Nc6c([O-])cc(c7ccccc67)[S]([O-])(=O)=O)c8ccccc8,-1.2121028981
3017,CCCCCCCCCCCCCCCCCCCCCC[N+](C)(C)C.CO[S]([O-])(=O)=O,-4.8359730654
3018,COC1=Cc2ccccc2Nc3ccccc13,-4.5144193944
3019,CC(C)CCCC(C)CCCC(C)CCCC(C)(O)C=C,-4.7086538251
3020,CCN(CC)c1ccc(cc1)[C+](c2ccccc2)c3ccc(cc3)N(CC)CC.O[S]([O-])(=O)=O,-2.0572883439
3021,CC[C@]12CCC3=C(CCc4cc(OC)ccc34)[C@@H]1CCC2=O,-4.772922847
3022,COC1=CCC2=C(CC[C@@H]3[C@@H]2CC[C@]4(C)[C@@H](O)CC[C@@H]34)C1,-4.7610719313
3023,CCC1(C/C=C2/CCCc3cc(OC)ccc23)C(=O)CCC1=O,-4.838817118500001
3024,[Mn++].[O-]C([O-])=O,-4.5005872378
3025,CC(=O)OC1N=C(c2ccccc2Cl)c3cc(Cl)ccc3NC1=O,-5.028666922799999
3026,COC1=CCC2=C(CCC3C2CCC4(C)C3CCC4=O)C1,-4.9798745042000006
3027,N(c1ccccc1)c2cccc3ccccc23,-4.8638916314
3028,O=C(OCCOC(=O)c1ccccc1)c2ccccc2,-5.0700925015
3029,O=[Ni],-4.5191656494
3030,CC1CCC2(C)C(=CCCC2(C)C1OC=O)C,-5.0311421132
3031,COC(=O)CCc1cc(c(O)c(c1)C(C)(C)C)C(C)(C)C,-5.1235829068
3032,C1CC(CC=C1)C2OCC3(CO2)COC(OC3)C4CCC=CC4,-5.2397354439
3033,CCC(C)C(C)C(C)CCc1ccc(O)cc1,-5.1824053879
3034,CC[C@]12CC[C@H]3[C@@H](CCC4=C3CC=C(C4)OC)[C@@H]1CCC2=O,-5.363817292
3035,CC(C)CCCCCCCOC(=O)c1ccc(C(=O)OCCCCCCCC(C)C)c(c1)C(=O)OCCCCCCCC(C)C,-5.7065739478
3036,[OH-].[OH-].[OH-].[Cl-].[Cu++].[Cu++],-5.2539851522
3037,[Zn++].CN(C)C([S-])=S.CN(C)C([S-])=S,-5.4987140306
3038,CC(C)CCCC(C)CCCC(C)CCCC(C)=O,-5.4746775177
3039,O=[Mn],-4.921453892
3040,CC(C)C(=O)OC[C@H]1O[C@@](COC(C)=O)(O[C@H]2O[C@H](COC(C)=O)[C@@H](OC(=O)C(C)C)[C@H](OC(=O)C(C)C)[C@H]2OC(=O)C(C)C)[C@@H](OC(=O)C(C)C)[C@@H]1OC(=O)C(C)C,-6.0735348087
3041,[Mn],-4.894774805
3042,[F-].[F-].[F-].[La+3],-5.535398327699999
3043,O=C(CC(=O)c1ccccc1)c2ccccc2,-5.6579029620000005
3044,CC1=CC(=N/Nc2ccccc2[N+]([O-])=O)\C(=O)C=C1,-5.7475958635
3045,O=[Cu],-5.3051166643
3046,[Fe+3].[Fe+3].[Fe+3].[Fe+3].[O-][P]([O-])(=O)O[P]([O-])([O-])=O.[O-][P]([O-])(=O)O[P]([O-])([O-])=O.[O-][P]([O-])(=O)O[P]([O-])([O-])=O,-6.3076085303
3047,CCCCCCCCCCCCS[Sn](CCCC)(CCCC)SCCCCCCCCCCCC,-6.295424349
3048,CCCCCCCCCCCCCCCCCCCCCCOC(=O)CCCCCCCCC(=O)OCCCCCCCCCCCCCCCCCCCCCC,-6.405660228
3049,CC(=O)OC1(CCC2C3CC(=C)C4=CC(=O)CCC4(C)C3CCC12C)C(C)=O,-6.1077931611
3050,CCCCN(CCCC)C(=S)SCSC(=S)N(CCCC)CCCC,-6.2405235691
3051,CCOC(=O)c1nn(c2ccc(OC)cc2)c3C(=O)N(CCc13)c4ccc(cc4)[N+]([O-])=O,-6.6187193264
3052,CCCCCCCCCCCCCCCCCCOCCCN(C)C,-6.852054029800001
3053,[Ta],-6.9291741838
3054,COc1ccc(c(O)c1)C(=O)c2ccccc2O,-7.2738841077
3055,O=C1CCCCCN1C(=O)Nc2ccc(Cc3ccc(NC(=O)N4CCCCCC4=O)cc3)cc2,-7.763261261599999
3056,Cc1ccc(Sc2ccc(cc2)C(=O)c3ccccc3)cc1,-7.6154082599
3057,CC(C(C)(C)C)C(C)(C)SSSC(C)(C)C(C)C(C)(C)C,-9.129966133
3058,[Zn++].[O-][N+]([O-])=O.[O-][N+]([O-])=O,0.7217551526
3059,[Ba++].CC(C)(C)CC(C)(C)CC([O-])=O.CC(C)(C)CC(C)(C)CC([O-])=O,-1.698832456
3060,[Br-].CCCC[P+](CCCC)(CCCC)CCCC,0.41483097
3061,NC(CO)CO,0.9744271172
3062,[Ag+].[Ag+].O[S](O)(=O)=O,-1.5849835397999998
3063,O.O.O.O.[Cl-].[Cl-].[Mn++],0.5826413073
3064,NC(CO)(CO)CO,0.7906283690000001
3065,[Br-].CC[NH+](CC)CC,0.5951972853999999
3066,CO[S]([O-])(=O)=O.C[N+](CCO)(CCO)CCO,0.3926664196
3067,[Na+].[Na+].CCCCCCCCCCCCCCCCc1c(Oc2ccccc2[S]([O-])(=O)=O)cccc1[S]([O-])(=O)=O,0.2227653537
3068,[NH4+].[NH4+].[O-]C(=O)CSSCC([O-])=O,0.4596030518
3069,OCCCOCC(OCCCO)C(OCCCO)C(OCCCO)C(COCCCO)OCCCO,0.053341445
3070,CC1=CC(=O)N2NC=NC2=N1,-1.3471955313
3071,[Na+].[Na+].Nc1ncnc2n(cnc12)[C@@H]3O[C@H](CO[P](O)(=O)O[P]([O-])(=O)O[P](O)([O-])=O)[C@@H](O)[C@H]3O,0.0168879621
3072,[Na+].[Na+].CN(CC(O)=O)C(N)=N[P]([O-])([O-])=O,0.3126582838
3073,[Ba++].CCCCC(CC)C([O-])=O.CCCCC(CC)C([O-])=O,-0.905288847
3074,[Na+].OC[C@@H](O)[C@@H](O)[C@H](O)[C@@H](O)[C@@H](O)C([O-])=O,0.3170701984
3075,[Na+].[Na+].[O-]C(=O)CCC(=O)C([O-])=O,0.4295256052
3076,NCCCCCCCCCCN,1.5277010030000002
3077,[Na+].[Na+].CC(C)CCCCCCCO.OC(=O)CC(C(O)=O)[S](O)(=O)=O,0.0810654195
3078,[Na+].[Na+].N[C@@H](CCC([O-])=O)C([O-])=O,0.3719654625999999
3079,[Zn++].[O-]C(=O)c1ccccc1.[O-]C(=O)c2ccccc2,-1.8168417251
3080,CC1CO1,0.8325704879000001
3081,CCCCOCNC(=O)C=C,-0.6536630282
3082,[Br-],-0.3762292432999999
3083,[Na+].CCCCCCCCCCCCN(CCC(O)=O)CCC([O-])=O,-0.0407296334
3084,[Na+].CCCCCCCC/C=C/CCCCCCCC(=O)N(C)CC([O-])=O,-0.0975222259999999
3085,CC(O)C(=O)NCCO,1.3070323786
3086,[Ba++].[Ba++].[Ba++].[O-][P]([O-])([O-])=O.[O-][P]([O-])([O-])=O,-1.3456118943000002
3087,OCC1CCCO1,0.3887739198
3088,CC(=C)C(=O)OCCO.O[P](O)(O)=O,-0.9602557176
3089,[Na+].[O-][S](=O)(=O)c1ccc(C=C)cc1,-0.0332510813
3090,CC(=O)CC(C)=O,0.1864485079
3091,COC(=O)CC(=O)OC,0.0273419683
3092,[Mg].[Mg].[Mg].OC(=O)CC(O)(CC(O)=O)C(O)=O.OC(=O)CC(O)(CC(O)=O)C(O)=O,-1.5461258216999998
3093,[Na+].OC[C@@H](O)[C@@H](O)[C@H](O)[C@@H](O)C(O)C([O-])=O,0.7066663199
3094,CN(C)C(=N)N(C)C,0.9386229258
3095,OCC(O)COC(=O)CS,0.7793742068
3096,OCCOCCOCCOCCO,0.7116903978
3097,CC(CCO)CCO,0.927470714
3098,CC(O)=O.OCCNCCO,0.7820188759000001
3099,CO,1.4942803838999998
3100,CC(O)=O.OCCN(CCO)CCO,0.6793511375
3101,O=[S]1(=O)CCCC1,-0.079806903
3102,CC(=C)C(=O)OCCO,-0.1144208137
3103,Cl.CNCC(O)c1cccc(O)c1,-0.308924931
3104,COC(C)(C)CCO,-0.072529286
3105,[Zn++].CCCCO[P]([S-])(=S)OCCCC.CCCCO[P]([S-])(=S)OCCCC,-2.5083839395
3106,[Na+].[O-][S](=O)(=O)c1ccc(N\N=C2\C(=O)C=Cc3ccccc23)c4ccccc14,-2.4263930478
3107,[Zn++].CCCCC(CC)C([O-])=O.CCCCC(CC)C([O-])=O,0.4554354087
3108,[Na+].CCC(C)O[P]([S-])(=S)OC(C)CC,-2.4221431699
3109,CC(C)CCCCCC(=O)NCCCCCC(O)=O,-2.7708536118
3110,CCCCCCCCC(O)=O,-2.7221977641
3111,OC(=O)c1ccc2cc(O)ccc2c1,-3.2789428853
3112,[Ni][Ni][Ni]=[S]=S,-4.5143091680000005
3113,CC(C)(C)c1ccc(C=C)cc1,-4.5633510279000005
3114,Cc1cc(C)cc(c1)C(Cl)=O,-3.3292897203
3115,[OH-].[OH-].[Cu++].[Cu++].[O-]C([O-])=O,-5.1432191168
3116,o1c(cnc1c2ccccc2)c3ccccc3,-5.5532102962
3117,O=[Mn]=O,-6.1610484037
3118,CCC(N)(CO)CO,0.9015785325
3119,O[Cr](=O)(=O)O[Cr](O)(=O)=O.c1ccncc1.c2ccncc2,0.3990871293999999
3120,[NH3+][C@H]1CCCC[C@H]1[NH3+],0.8890064826
3121,[Na+].[O-]CCS,0.9537303441
3122,O=C1N(CC2CO2)C(=O)N(CC3CO3)C(=O)N1CC4CO4,-1.495423095
3123,CN(C)Cc1cc(CN(C)C)c(O)c(CN(C)C)c1,0.5055163708
3124,[Cs+].OC=O,0.6746872011
3125,OC(=O)COCCOCC(O)=O,0.6709250275
3126,COCNC(=O)C(C)=C,0.7919653131000001
3127,[Na+].[Na+].[Na+].[Na+].[Na+].[O-]C(=O)CN(CCN(CC([O-])=O)CC([O-])=O)CCN(CC([O-])=O)CC([O-])=O,0.2012984367
3128,CCCCNC1CC(C)(C)NC(C)(C)C1,0.5746150304
3129,NC(N)=O.OC[P+](CO)(CO)CO.O[S]([O-])(=O)=O,0.4036921179
3130,[Na+].[Na+].[Na+].NC(=O)Nc1cc(Nc2nc(N)nc(Cl)n2)ccc1N=Nc3cc4c(cc(cc4[S]([O-])(=O)=O)[S]([O-])(=O)=O)cc3[S]([O-])(=O)=O,-1.0000005869
3131,[Na+].[Na+].[O-][Si](=O)O[Si]([O-])=O,0.5846760173
3132,CC(C)(C)OO,0.8846472262999999
3133,[Na+].CC1=NN(C(=O)C1N\N=C\2C=C(C=C(Cl)C2=O)[N+]([O-])=O)c3ccc(cc3)[S]([O-])(=O)=O,-0.8385771725
3134,O.O.O.O.O.O.[Co++].[O-][N+]([O-])=O.[O-][N](=O)=O,0.3618761934
3135,[Cl-].NC(N)=O.OC[P+](CO)(CO)CO,0.4251118411999999
3136,CC(O)CN(CC(C)O)C(=O)CCCCC(=O)N(CC(C)O)CC(C)O,0.2109933627
3137,OC(=O)CCS,0.754917543
3138,[H+].[Cl-].COC(=O)C(N)CO,0.5774207675
3139,CC1(C)COC(=O)C1O,0.6515307225
3140,[Na+].[Cr+3].Cc1nn(c([O-])c1N=Nc2cc(Cl)c(cc2[O-])[S](N)(=O)=O)c3ccccc3.Cc4nn(c([O-])c4N=Nc5cc(Cl)c(cc5[O-])[S](N)(=O)=O)c6ccccc6,-2.6924708965
3141,CN(C)CCOCCN(C)CCO,0.4764657364
3142,NC#N,1.1245149893000002
3143,NCCN1CCNC1=O,0.6335459397
3144,[Na+].[Na+].[Na+].[Na+].Nc1c(N=Nc2ccc(cc2)[S](=O)(=O)CCO[S]([O-])(=O)=O)c(cc3C=C(/C(=N/Nc4ccc(cc4)[S](=O)(=O)CCO[S]([O-])(=O)=O)C(=O)c13)[S]([O-])(=O)=O)[S]([O-])(=O)=O,-0.2552865172
3145,[Cl-].CC(C)(C)CC(C)(C)c1ccc(OCCOCC[N+](C)(C)Cc2ccccc2)cc1,0.0729096485
3146,CC(C)(CO)[C@@H](O)C(=O)NCCCO,0.3944261529
3147,CN(C)CCCN1CN(CCCN(C)C)CN(CCCN(C)C)C1,0.1642130702
3148,[Cr].CC([O-])=O,0.6534905512
3149,C[C@@H]1O[C@@H](O[C@@H]2[C@H](C)O[C@@H](O)[C@@H](O[S](O)(=O)=O)[C@@H]2O[S](O)(=O)=O)[C@@H](O[S](O)(=O)=O)[C@H](O[C@@H]3O[C@@H](C)[C@@H](O[C@@H]4O[C@@H](C)[C@@H](O)[C@@H](O[C@@H]5O[C@@H](C)[C@@H](O)[C@@H](O[S](O)(=O)=O)[C@@H]5O[S](O)(=O)=O)[C@@H]4O[S](O)(=O)=O)[C@@H](O[S](O)(=O)=O)[C@@H]3O[S](O)(=O)=O)[C@@H]1O.OC[C@@H](O)[C@@H](O)[C@H](O)[C@H](O)CO.O[C@@H]6O[C@@H]([C@@H](O[C@@H]7O[C@@H]([C@@H](O)[C@H](O)[C@@H]7O)C(O)=O)[C@H](O)[C@@H]6O)C(O)=O,-0.5892058636
3150,CC(O)CN(CC(C)O)CC(C)O,0.4173208759
3151,[Cl-].NCCCC[C@H](N)C(O)=O.[H+],0.4373479501
3152,[Na+].CC(C)(C[S]([O-])(=O)=O)NC(=O)C=C,0.3386928662
3153,CC1(O)CC(C)(O)OO1,0.5714408419
3154,NCCNCCNCCNCCNCCN,0.3327787326
3155,CN(C)CCCNC1CC(C)(C)NC(C)(C)C1,0.316191362
3156,[Ni++].O[P](O)([O-])=O.O[P](O)([O-])=O,0.2964249182
3157,[Na+].CC(C)COC(=O)CC(C(=O)OCC(C)C)[S]([O-])(=O)=O,0.1773743212
3158,[Na+].CC(C)CC(C)OC(=O)CC(C(=O)OC(C)CC(C)C)[S]([O-])(=O)=O,0.1096259345
3159,[Na+].CCCCC(CC)CO[S]([O-])(=O)=O,0.3329637961
3160,[Na+].CCC([O-])=O,0.716422901
3161,[Na+].[Na+].[Na+].OC1=CC(=O)\C(C=C1N=Nc2ccc(N=Nc3ccc(Nc4ccc(cc4[S]([O-])(=O)=O)[N+]([O-])=O)cc3)c5c2cccc5[S]([O-])(=O)=O)=N/Nc6ccc(Nc7ccc(cc7[S]([O-])(=O)=O)[N+]([O-])=O)cc6,-0.3225773366
3162,Cc1ccc(cc1)[S](O)(=O)=O.CC2(C)CC(N)CC(C)(CN)C2,0.1572981869
3163,[Na+].[O-]C(=O)C=C,0.7150841112
3164,[OH-].C[N+](C)(C)CCO,0.6032053211
3165,[Na+].[K+].Oc1ccc2ccccc2c1N=Nc3ccc(cc3)N=Nc4cccc(c4)[S](=O)(=O)Nc5ccc6cc(cc(c6c5)[S]([O-])(=O)=O)[S]([O-])(=O)=O,-1.2096462437
3166,CC(CCN)CC(C)(C)CN,0.4781562172999999
3167,[Na+].CCCCCCCCO[S]([O-])(=O)=O,0.2872063056
3168,CCNc1ccc(cc1C)C(c2ccc(NCC)c(C)c2)=C3C=CC(=NCC)C(=C3)C.CC(O)=O,-1.0232212865
3169,CCCCCCCCCCCC(=O)NCCC[N+](C)(C)C.CO[S]([O-])(=O)=O,-0.011381165
3170,[Na+].CCCCCCC(CCCC)CO[S]([O-])(=O)=O,0.142087324
3171,[Na+].[Na+].[Na+].[Na+].[Na+].NC(=O)Nc1cc(Nc2nc(Cl)nc(Nc3cc(N)c(cc3N=Nc4ccc(cc4)[S](=O)(=O)CCO[S]([O-])(=O)=O)[S]([O-])(=O)=O)n2)ccc1N=Nc5cc6c(cc(cc6[S]([O-])(=O)=O)[S]([O-])(=O)=O)cc5[S]([O-])(=O)=O,-0.5105575438000001
3172,[Na+].[Na+].[Na+].[Na+].[Na+].[Na+].[O-][S](=O)(=O)c1ccc(cc1)N=Nc2ccc(N\N=C\3C(=O)c4ccc(NC(=O)Nc5ccc6C(=O)C(=N/Nc7ccc(cc7[S]([O-])(=O)=O)N=Nc8ccc(cc8)[S]([O-])(=O)=O)\C(=Cc6c5)[S]([O-])(=O)=O)cc4C=C3[S]([O-])(=O)=O)c(c2)[S]([O-])(=O)=O,-0.5694985454
3173,[Li+].CCCCCCCCCCCCO[S]([O-])(=O)=O,0.10896299
3174,[Na+].CCCCCCCCCCO[S]([O-])(=O)=O,0.1029880533
3175,[K+].[Fe+3].[O-]C(=O)CN(CCN(CC([O-])=O)CC([O-])=O)CC([O-])=O,-0.0920128034
3176,CCCCCCCC\C=C/CCCCCCCC(=O)N(C)CC(O)=O.OCCN(CCO)CCO,0.7757804054999999
3177,OCC(O)=O,0.5960163257
3178,[H+].[Cl-].CN(C)C(=N)N=C(N)N,0.257987497
3179,N#CCN(CC#N)CC#N,-1.6475578342
3180,[K+].CCCCCCCC\C=C/CCCCCCCC(=O)N(C)CC([O-])=O,-0.1215920041
3181,CC(C)OC(C)=O,-0.5467680909
3182,CC(=O)OCC(=C)COC(C)=O,-0.7796166704
3183,Cc1ccccc1O[P](S)(=S)Oc2ccccc2C,-1.0605299646
3184,CCCC(CCC)CCCC1COCCN1CCO,0.9642581623
3185,[Na+].CNCC[S]([O-])(=O)=O,0.1906881396
3186,[Al+3].[Cl-].[Cl-].[Cl-].[Cl-].[Cl-].[Cl-].[Cl-].[Ti+4],-0.1112894041
3187,[Na+].[Na+].Nc1c2C(=O)c3ccccc3C(=O)c2c(Nc4cccc(c4)[S](=O)(=O)CCO[S]([O-])(=O)=O)cc1[S]([O-])(=O)=O,-0.4545358261
3188,O[C@@H]1CO[C@@H]2[C@@H](O)CO[C@H]12,1.1774501829
3189,NCc1ccc(CN)cc1,1.1750718055
3190,COC1COC2C(COC12)OC,1.0599918174
3191,[Na+].[Na+].[O-][S](=O)(=O)c1cc2ccc(nc2c(c1)[S]([O-])(=O)=O)C3C(=O)c4ccccc4C3=O,-0.3778369537
3192,[NH4+].COc1cc(c(C)cc1NC(=O)CC(C)=O)[S]([O-])(=O)=O,-0.2018762227
3193,[Na+].[Na+].[Na+].[Na+].Oc1cc(O)c(cc1N=Nc2ccc(Nc3ccc(cc3[S]([O-])(=O)=O)[N+]([O-])=O)cc2)N=Nc4cc(cc5cc(c(N=Nc6ccc(Nc7ccc(cc7[S]([O-])(=O)=O)[N+]([O-])=O)cc6)c(O)c45)[S]([O-])(=O)=O)[S]([O-])(=O)=O,-0.7667514499
3194,[Na+].[Na+].[O-][S](=O)(=O)c1cccc(c1)N=Nc2ccc(N=Nc3ccc(Nc4ccccc4)c5c3cccc5[S]([O-])(=O)=O)c6ccccc26,-0.5325397259
3195,CCCCCCCCCCCCN(CCCN)CCCN,-0.1977113735
3196,COc1cc(ccc1NC(=O)c2ccc(cc2)N=Nc3c(O)nc(NC#N)nc3[O-])N=Nc4ccc5cc(cc(c5c4)[S]([O-])(=O)=O)[S]([O-])(=O)=O.OCC[NH+](CCO)CCO.OCC[NH+](CCO)CCO.OCC[NH+](CCO)CCO,-0.8216489824
3197,[Na+].CC(C)CCCCCCCOC(=O)CC(C(=O)OCCCCCCCC(C)C)[S]([O-])(=O)=O,-0.4691061177
3198,[H+].[Cl-].CC(C)(N=NC(C)(C)C(N)=N)C(N)=N,-0.1451393328
3199,[Cl-].COC[P+](c1ccccc1)(c2ccccc2)c3ccccc3,0.5063442706
3200,[NH4+].[Cl-].[Cl-].[Cl-].[Cl-].[Au+3],0.4889459304999999
3201,[Ca++].[O-][PH]([O-])=O,0.9487769325
3202,N.N.N.N.[Pd++].CC([O-])=O.CC([O-])=O,0.5414259625
3203,CC(CO)(CO)C=O,0.9289333763
3204,NCCNCCNCCN.NCCN(CCN)CCN,0.5339097655
3205,NCCNCCNCCNCCN.NCCNCCN(CCN)CCN,0.4218033311999999
3206,CN(C)CCCN,0.9906298514
3207,[Cl-].CCN(CCC[NH+](C)C)C#N,0.7173642943999999
3208,CCC1(CO)COCOC1,0.8350942171
3209,CC(C)(C)CCCCCCCC(O)=O,-2.1113969493
3210,CN1CCCN(C)C1=O,0.8921966739
3211,OCC1CN2CCN1CC2,0.8470942954
3212,CN1CCN(C)CC1,0.9423643206
3213,CCOCCOCCOC,0.8291459354999999
3214,CCN1CCCC1=O,0.9463070612
3215,OCCCOC(=O)C=C,0.8855791863
3216,Cn1ccnc1,1.0856251051
3217,CC(O)CN(CCCN(C)C)CCCN(C)C,0.6101059749000001
3218,NCCOCCN,0.9823282162
3219,COCCOCCOCCOCCOC,0.6530976581
3220,COCCOCCOCCOC,0.7490240663
3221,CC1CNCC(C)O1,0.9386380084
3222,NCCO.OC(=O)CS,0.8147327303
3223,CC(CCC(O)=O)C(O)=O,0.8352249534999999
3224,OC(=O)CC(=O)C(O)=O,0.8791925338
3225,OCC(O)COCC(O)CO,0.7794395395
3226,Cl.CC1=C(CCCl)C(=O)N2CCCCC2=N1,0.57976692
3227,OCN1C(NC(=O)NCNC(=O)NC2N(CO)C(=O)NC2=O)C(=O)NC1=O,0.4108359647999999
3228,NCC(O)CO,1.0404339534
3229,Cc1[nH]ncc1,1.0856251051
3230,CC(=O)CC(N)=O,0.9952273665
3231,OCC1COC(=O)O1,0.9277942328
3232,CC(=O)N1CCOCC1,0.8888753261
3233,OCCOCC(COCCO)OCCO,0.6492617384
3234,[Cl-].C[N+](C)(C)C,0.9601894459
3235,CN(C)C(=O)CC(C)=O,0.8888753261
3236,CN(C)CCCNC=O,0.8854190372
3237,CNC=O,1.2286477338
3238,[NH4+].[O-]C(=O)CS,0.96197626
3239,OCCN(CCO)CCO.OCCN(CCO)CCO.OC(=O)CCCCCCCCCCC(O)=O,0.2768038328
3240,CN(CCCN)CCCN,0.8378838589000001
3241,[Cl-].[Cs+],0.7737662420999999
3242,[OH-].[Cs+],0.8241636018
3243,[Ca++].OCC1OB(O)OC1C(O)C(O)C([O-])=O.OCC2OB(O)OC2C(O)C(O)C([O-])=O,0.3169727848
3244,NCCO.NCCO.OC(O)=O,0.7347292364
3245,[Cs+].[Cs+].[O-][S]([O-])(=O)=O,0.4414438192
3246,[K+].OC(=O)CCCCC(O)=O,0.7322652276999999
3247,[Na+].[Na+].CCN(Cc1cccc(c1)[S]([O-])(=O)=O)c2ccc(cc2)N=Nc3ccc(N=Nc4cccc(c4)[S]([O-])(=O)=O)c5ccccc35,0.1715437669999999
3248,[Na+].[Na+].Nc1ccc(NNC2=C3C(=O)C=C(C=C3C=CC2=N)[S]([O-])(=O)=O)c(c1)[S]([O-])(=O)=O,0.3165863989999999
3249,CC(=O)OCCOCCOCCOC(C)=O,0.6303241084000001
3250,CCOC(=O)N1CCC(=O)CC1,0.7665063868
3251,CCC[NH2+]CC,1.0546594571
3252,[Cl-].[Cl-].[Cl-].[In+3],0.6552600369
3253,NC(=O)c1ccc[n+](c1)C2OC(CO[P]([O-])(=O)O[P](O)(=O)OCC3OC(C(O)C3O)n4cnc5c(N)ncnc45)C(O)C2O,0.1782048937999999
3254,O=C1CCCCCO1,0.9425469123
3255,O=C1CCCO1,1.0650472922
3256,C1CCNCC1,1.0698153477
3257,[K+].[S-]C#N,1.0124096986
3258,[K+].[O-][P](=O)(OCc1ccccc1)OCc2ccccc2,0.499854127
3259,OCC#C,1.2513159198
3260,OCCCO,1.1186438786
3261,OCc1cccnc1,0.9620638041
3262,[Na+].CCCCC(CC)C([O-])=O,0.779379433
3263,[Na+].COCCOCCOc1cc(Nc2c(C)cc(C)c(c2C)[S]([O-])(=O)=O)c3C(=O)c4ccccc4C(=O)c3c1N,0.2391231023999999
3264,[Na+].CCOC(=O)c1ccc([O-])cc1,0.7254773119
3265,[Na+].CCO[P]([S-])(=S)OCC,0.6814775579000001
3266,[Na+].CC(C)CO[P]([S-])(=S)OCC(C)C,0.5778568301
3267,[Na+].[S-]C#N,1.0911130427
3268,CC(C)COC(C)(C)C,0.8852856245999999
3269,C[N+](C)(C)C.OC(=O)c1ccccc1C([O-])=O,0.6211099353
3270,[OH-].C[N+](C)(C)C,1.040224269
3271,[Na+].[Na+].[Na+].Cc1cc(N\N=C\2C=CC(=O)C(=C2)C([O-])=O)c(OCCC[S]([O-])(=O)=O)cc1N=Nc3ccc(cc3[S]([O-])(=O)=O)[N+]([O-])=O,0.1614506128999999
3272,[Zn++].[O-][P]([O-])([O-])=O.[O-][P]([O-])([O-])=O,0.5928981548
3273,CC1(C)CC(O)CC(C)(C)N1,-0.1966099864
3274,NCCN1CCNCC1,-0.1112860428999999
3275,CC(C)OCCO,-0.0176551044
3276,NC(=O)CCNCCO,-0.1211098882
3277,CCN(CC)c1ccc(cc1)[C+](c2ccccc2)c3ccc(cc3)N(CC)CC.CC([O-])=O,-0.6479880176
3278,CO[P](C)(=O)OC,-0.0936877841
3279,CO[P+](=O)OC,-0.0375898256999999
3280,CN(C)[P+](CC1CCCCC1)(N(C)C)N(C)C.F[B-](F)(F)F,-1.5071434524
3281,FC(F)(F)C(F)(F)C(=O)C(F)(C(F)(F)F)C(F)(F)F,-1.4997434273
3282,[Cl-].[Cl-].[Cl-].[Cl-].[Pd++].[H+].[H+],-1.3983706153
3283,[Pd++].[O-][N+]([O-])=O.[O-][N+]([O-])=O,-1.3625352504
3284,[Na+].[Na+].[Na+].[Na+].[O-][S](=O)(=O)c1ccc(c(c1)N=Nc2ccc(N=Nc3ccc(N\N=C4/C(=O)C(=Cc5cc(Nc6ccccc6)ccc45)[S]([O-])(=O)=O)c7ccccc37)c8cc(ccc28)[S]([O-])(=O)=O)[S]([O-])(=O)=O,-2.0236334836000003
3285,OCCN(CCO)C(=O)CCCCCCCCC=C,-2.7615135856
3286,CC(C)=CCCC(C)(OC=O)C=C,-4.0405904263
3287,O=C1NC(=CC=N1)NC(=O)c2ccccc2,-5.1596802151
3288,Nc1c(I)c(C([O-])=O)c(I)c(C([O-])=O)c1I,-1.569622787
3289,CCCCCCCCCCCCc1ccccc1[S](O)(=O)=O.CC(C)(N)CO,0.2137915766
3290,OC(=O)\C=C/C(=O)OCCOCCOCCOC(=O)\C=C/C(O)=O,0.1595325622
3291,[Na+].[Na+].CC(CCO[S](=O)(=O)c1ccccc1)[N-]c2ccc([N-]C(C)CCO[S](=O)(=O)c3ccccc3)c4C(=O)c5ccccc5C(=O)c24,-0.4376461111999999
3292,[Na+].[Cr+3].[O-]c1cc(c2ccccc2c1N=Nc3ccc4cccc(c4c3[O-])[S]([O-])(=O)=O)[S]([O-])(=O)=O,-1.171951452
3293,Fc1cccc2CC(=O)Nc12,-2.2251369084
3294,CC(C)CCCCCCCOCCCNCCCN,-3.2048809276
3295,[Na+].[Na+].Nc1ccc(N=Nc2ccc(NC(=O)c3ccc(cc3)N=Nc4c(N)c5C(=O)C(=N/Nc6ccccc6)/C(=Cc5cc4[S]([O-])(=O)=O)[S]([O-])(=O)=O)cc2)c(N)c1,-1.3406827143
3296,[Ce].[Ce].[O-]C(=O)C([O-])=O,-4.8732958362
3297,CCCCCCC(=O)OCC(CC)(CO)COC(=O)CCCC,-5.982567027000001
3298,CCCCCCCC[Sn]1(CCCCCCCC)OC(=O)CS1,-6.4456261549
3299,CCOC(=O)C1CCC(CC1)C(=O)OCC,-2.2512731137
3300,[Sr++].[O-][Ti]([O-])=O,-6.5279992996
3301,ClCCCN1CCOCC1,0.7860892979999999
3302,[Y+3].[O-][N+]([O-])=O.[O-][N+]([O-])=O.[O-][N+]([O-])=O,0.5453241375
3303,CC1=C(C#N)C(=O)N(CCC(O)=O)C(=C1)O,-1.4436540675999998
3304,CC1=C(C(N)=O)C(=O)N(CCC(O)=O)C(=C1)O,-1.6024488726
3305,CCCCCCCC(=O)NCCCC[C@H](N)C(O)=O,0.0575708237
3306,[Na+].[Na+].[Na+].[Na+].[O-][P]([O-])(=O)O[P]([O-])([O-])=O,-0.1942710493
3307,[Na+].[Na+].[Na+].[O-]O[P]([O-])(=O)CC([O-])=O,0.301076949
3308,[H+].[Cl-].CN(C\C=C\C#CC(C)(C)C)Cc1cccc2ccccc12,-1.7198600749
3309,[Na+].[K+].Nc1c(cc(NC2CCC(CC2)Nc3nc(F)nc(Nc4cc(ccc4[S]([O-])(=O)=O)[S]([O-])(=O)=O)n3)c5C(=O)c6ccccc6C(=O)c15)[S]([O-])(=O)=O,-0.7569465698000001
3310,[Cl-].CCN(CC)c1ccc(cc1)/C=C(C#N)/C(=O)OCCC[N+](C)(C)CCOC(=O)\C(=C\c2ccc(cc2)N(CC)CC)C#N,-0.8036189217
3311,FC(F)(F)[S](=O)(=O)N[S](=O)(=O)C(F)(F)F,0.4541441757
3312,[Na+].[Cr+3].Cc1nn(c([O-])c1N=Nc2cc(Cl)cc(c2[O-])[S]([O-])(=O)=O)c3cccc(c3)[S]([O-])(=O)=O,-1.1331674849
3313,CCCCCCCC\C=C/CCCCCCCCOCCO,-2.4949028287
3314,CC(C)(C)c1cc(CCC(O)=O)cc(n2nc3ccccc3n2)c1O,-5.53070544
3315,CCCCCCC(O)CCCCCCCCCCC(=O)OCC(O)CO,-3.3974324562
3316,CCN(CC)C1=C[C@@H]2Oc3cc(N(CC)CC)c(C)cc3C(=C2C=C1C)c4ccccc4C(=O)OC,-7.6872220822
3317,CCOC(=O)CC(NC1CCC(CC1)CC2CCC(CC2)NC(CC(=O)OCC)C(=O)OCC)C(=O)OCC,-3.7440777388
3318,CC(CC(C)(C)C)CC(C)(C)CC(C)(C)C,-3.3549684893
3319,COCC(NC(C)=O)C(=O)NCc1ccccc1,-3.3984573794
3320,CCCCOCC(C)OCC(C)O,-0.6530596225
3321,CCCCCCCCCCCCCCCCCCC(O)=O,-3.775990335
3322,CCOC(C)(C)CC,-1.4719350107
3323,CC(CO)CC(C)c1ccccc1,-2.3469160768
3324,Nc1c(Oc2ccccc2)cc(O)c3C(=O)c4ccccc4C(=O)c13,-4.2192268325
3325,CCn1nc2cc(cc3C(=O)c4ccccc4c1c23)c5cc6nn(CC)c7c8ccccc8C(=O)c(c5)c67,-4.3931837232
3326,O=C1c2ccccc2C(=O)c3c4[nH]c5c6C(=O)c7ccccc7C(=O)c6c8[nH]c9c(ccc%10C(=O)c%11ccccc%11C(=O)c9%10)c8c5c4ccc13,-4.5096151077
3327,[O-][N+](=O)c1cc2c3ccccc3C(=O)c4ccc5c6ccc7C(=O)c8ccccc8c9ccc(c6c79)c1c5c24,-4.3992383437
3328,CCOc1ccc(Nc2ccc(cc2[N+]([O-])=O)[S](=O)(=O)N(C)C)cc1,-4.2617516212
3329,O=C(Nc1cc2c([nH]c3c2cc(NC(=O)c4ccccc4)c5C(=O)c6ccccc6C(=O)c35)c7C(=O)c8ccccc8C(=O)c17)c9ccccc9,-4.5222231174
3330,Brc1ccc2c3cc4ccc5C(=O)c6ccccc6c7cc8ccc(C(=O)c2c1Br)c3c8c4c57,-4.4504277175
3331,COc1ccc(cc1)C(CN(C)C)C2(O)CCCCC2,0.2567187446
3332,[Na+].[Na+].[Cr].[Cr].Oc1ccc2ccccc2c1N\N=C/3C(=O)C=C(c4cc(ccc34)[N+]([O-])=O)[S](O)(=O)=O.Oc5ccc6ccccc6c5N\N=C/7C(=O)C=C(c8cc(ccc78)[N+]([O-])=O)[S]([O-])(=O)=O.Oc9ccc%10ccccc%10c9N\N=C/%11C(=O)C=C(c%12cc(ccc%11%12)[N+]([O-])=O)[S]([O-])(=O)=O,-5.1661846252
3333,CCCCCCCCCCCCOC(=O)C=C,-4.3809109776
3334,[O--].[O--].[O--].[Al+3].[Y+3],-4.2145392055
3335,[Rh+3].[I-].[I-].[I-],-4.6845024567
3336,CCCCCCCCCCCCCCOC(=O)C=C,-4.428848848
3337,ClC1=C(Cl)C2(Cl)C3C(C(=O)OC3=O)C1(Cl)C2(Cl)Cl,-5.1712348525
3338,COc1cc(N=Nc2c(Cl)cc(cc2[N+]([O-])=O)[N+]([O-])=O)c(NC(C)=O)cc1N(CCOC(C)=O)CCOC(C)=O,-5.4630997896
3339,COC(=O)c1sc(N)c(C#N)c1C,-4.9917376214
3340,CCCCCCCCCCCCCCCCCC[P](=O)(OC)OC,-5.529966163099999
3341,CCCCCCCC\C=C/CCCCCCCC(=O)NCC(C)O,-5.530921640800001
3342,[Al+3].[O-][P]([O-])(=O)O[P]([O-])(=O)O[P]([O-])([O-])=O,-5.6688423383
3343,CC(C)(O)C(=O)c1ccc(cc1)C2(C)CC(C)(C)c3cc(ccc23)C(=O)C(C)(C)O,-5.9372904598
3344,CC(C)(O)C(=O)c1ccc(cc1)C2(C)CC(C)(C)c3ccc(cc23)C(=O)C(C)(C)O,-5.9638494884
3345,CC(C)=CCC\C(C)=C\CCC(=C)C=C,-6.3103895185
3346,Cc1cccc(C)c1O[P](=O)(Oc2cccc(O[P](=O)(Oc3c(C)cccc3C)Oc4c(C)cccc4C)c2)Oc5c(C)cccc5C,-6.8367531336
3347,CCCCC1CCC(CC1)C2CCC(=O)CC2,-6.3736456351
3348,CCCCCCCC[Sn](CCCCCCCC)(CCCCCCCC)CCCCCCCC,-6.7570975386
3349,[Cl].[Rh].c1ccc(cc1)P(c2ccccc2)c3ccccc3.c4ccc(cc4)P(c5ccccc5)c6ccccc6.c7ccc(cc7)P(c8ccccc8)c9ccccc9,-7.0120095436000005
3350,CC(C)CCCCCCCCCCOC(=O)CSCc1cc(c(O)c(c1)C(C)(C)C)C(C)(C)C,-6.7895895249
3351,[Cl-].[Cl-].[Pd++].c1ccc(cc1)P(c2ccccc2)c3ccccc3.c4ccc(cc4)P(c5ccccc5)c6ccccc6,-7.0267374942
3352,Nc1ccc(cc1Cl)C2(c3ccc(N)c(Cl)c3)c4ccccc4c5ccccc25,-6.9044856274
3353,Clc1c(Cl)c(Cl)c2C3=Nc4cccc5cccc(N3C(=O)c2c1Cl)c45,-7.1336144776
3354,OC1=Cc2ccccc2NC1=C3C(=O)c4ccccc4C3=O,-7.0463600735
3355,Cc1cc(c(O)c(C)c1CN2C(=O)N(Cc3c(C)cc(c(O)c3C)C(C)(C)C)C(=O)N(Cc4c(C)cc(c(O)c4C)C(C)(C)C)C2=O)C(C)(C)C,-7.5440264742
3356,CCc1cc(C)cc(CC)c1Nc2ccc(Nc3c(CC)cc(C)cc3CC)c4C(=O)c5ccccc5C(=O)c24,-7.423828912
3357,CCc1cccc(C)c1Nc2ccc(Nc3c(C)cccc3CC)c4C(=O)c5ccccc5C(=O)c24,-7.3753013985
3358,O=C1N2c3cccc4cccc(N=C2c5cccc6cccc1c56)c34,-7.204596088300001
3359,CCCCCCCCSCc1cc(C)c(O)c(CSCCCCCCCC)c1,-7.3271136165
3360,CCCCCCCCSc1nc(Nc2cc(c(O)c(c2)C(C)(C)C)C(C)(C)C)nc(SCCCCCCCC)n1,-7.469064653099999
3361,CCCCCCCCCCCCCCCCOC(C)=O,-7.397152994400001
3362,CCCCC(CC)COC(=O)CCC(=O)OCC(CC)CCCC,-7.835715931
3363,CCC(CC)CO[Si](OCC(CC)CC)(OCC(CC)CC)OCC(CC)CC,-8.1906449159
3364,CC(C)(C)c1cc(Cc2cc(c(O)c(c2)C(C)(C)C)C(C)(C)C)cc(c1O)C(C)(C)C,-8.6280505595
3365,CCCCCCCCC(O)=O.CCCCCCCC(O)=O.CCCCC(CC)C(O)=O.OCC(CO)(CO)CO,-8.7655314659
3366,CCCCCCCC(=O)OOC(=O)CCCCCCC,-7.6118931699
3367,BrC1CC(Br)CC(Br)CC(Br)CC(Br)CC(Br)C1,-6.9904281999
3368,c1ccc2cc3ccccc3cc2c1,-6.4448105798
3369,Clc1ccc(Cl)c(N\N=C2/C(=O)C(=Cc3ccccc23)C(=O)Nc4cc(Cl)c(NC(=O)C5=Cc6ccccc6C(=N/Nc7cc(Cl)ccc7Cl)\C5=O)cc4Cl)c1,-8.1508681249
3370,CCCCCCCCCCCCS,-7.573831768200001
3371,C.[Nb],-7.6358227076
3372,O=C1c2ccccc2C(=O)c3ccccc13,-6.0397604981
3373,[Ca++].Cc1ccccc1NC(=O)CC(=O)CN=Nc2ccc(cc2[N+]([O-])=O)[S]([O-])(=O)=O.Cc3ccccc3NC(=O)CC(=O)CN=Nc4ccc(cc4[N+]([O-])=O)[S]([O-])(=O)=O,-7.7398036692
3374,CC(C)(C)CCCCC(=O)OC=C,-7.1224610466
3375,C[C@@H](C[C@H](c1cc(C2CCCCC2)c(O)cc1C)c3cc(C4CCCCC4)c(O)cc3C)c5cc(C6CCCCC6)c(O)cc5C,-7.396502026799999
3376,O.O.O.O.O.O.O.O.O.[Al+3].[Al+3].[O-][S]([O-])(=O)=O.[O-][S]([O-])(=O)=O.[O-][S]([O-])(=O)=O,-7.4985586512
3377,FC(F)(F)C1(F)C(F)(F)C(F)(F)C(F)(F)C(F)(C(F)(F)F)C1(F)F,-7.602120788300001
3378,FC1(F)C(F)(F)C(F)(F)C2(F)C(F)(F)C(F)(F)C(F)(F)C(F)(F)C2(F)C1(F)F,-7.6647115323
3379,FC(F)(F)C(F)(F)C(F)(F)C(F)(F)C(F)(F)C(F)(F)C(F)(F)C(F)(F)F,-7.6415256675
3380,CC(C)(C)N(Sc1sc2ccccc2n1)Sc3sc4ccccc4n3,-8.3629378574
3381,Clc1c(Cl)c(Br)c2C3=NC(=Nc4n5[Cu]N6C(=N3)c7c(Cl)c(Br)c(Cl)c(Br)c7C6=NC8=NC(=Nc5c9c(Br)c(Cl)c(Br)c(Cl)c49)c%10c(Cl)c(Cl)c(Br)c(Cl)c8%10)c2c1Cl,-9.1442341106
3382,Clc1cc(Cl)c2C3N=C(N=C4N5[Cu]N6C(N=C7N=C(N=C5c8c(Cl)c(Cl)c(Cl)c(Cl)c48)c9c(Cl)c(Cl)c(Cl)c(Cl)c79)c%10c(Cl)c(Cl)c(Cl)c(Cl)c%10C6=N3)c2c1Cl,-9.039324078
3383,Brc1c(Br)c(Br)c(CCc2c(Br)c(Br)c(Br)c(Br)c2Br)c(Br)c1Br,-9.1299878036
3384,CCCCC(CC)COC(=O)c1ccc(cc1)C(=O)OCC(CC)CCCC,-8.9896322186
3385,[Cr],-10.0169999307
3386,[O--].[O--].[O--].[Sm+3].[Sm+3],-5.5588468327
3387,O=[W]=O,-5.9557300071000006
3388,CC(C)(C)c1ccc(O[P@]2OC[C@]3(CO2)CO[P@](OC3)Oc4ccc(cc4C(C)(C)C)C(C)(C)C)c(c1)C(C)(C)C,-6.813060611
3389,CCCCCCCCCC(O)=O.CCCCCCCC(O)=O.CC(C)(CO)CO,-6.6558855625
3390,CC(C)OC(=O)c1ccc(C)c(c1)N=Nc2c(O)c(cc3ccccc23)C(=O)Nc4cc(Cl)c(NC(=O)c5cc6ccccc6c(N=Nc7cc(ccc7C)C(=O)OC(C)C)c5O)cc4Cl,-7.0074879806
3391,Cc1ccccc1NC(=O)C2=Cc3ccccc3C(=N/Nc4cc(Cl)c(Cl)cc4Cl)\C2=O,-7.69430966
3392,CC(=O)C(N=Nc1ccc(C)cc1[N+]([O-])=O)C(=O)Nc2ccc(Cl)cc2,-7.6052980935
3393,[S--].[Co++],-5.0152501934
3394,C.[V],-6.2058415067
3395,COc1cc(OC)c(NC(=O)C2=Cc3ccccc3C(=N/Nc4cc(ccc4OC)C(=O)Nc5ccc(cc5)C(N)=O)\C2=O)cc1Cl,-7.8662401992
3396,COc1ccc(cc1N\N=C2/C(=O)C(=Cc3ccccc23)C(=O)Nc4cc(OC)c(Cl)cc4OC)C(=O)Nc5ccccc5,-7.8465603387
3397,Brc1c(Br)c(Br)c(COC(=O)C=C)c(Br)c1Br,-7.806077004
3398,COc1ccccc1N=NC(C(C)=O)C(=O)Nc2ccc3NC(=O)Nc3c2,-7.6305993261
3399,[P],-6.566718008
3400,COc1cc(NC(=O)C(N=Nc2ccc(cc2Cl)c3ccc(N=NC(C(C)=O)C(=O)Nc4cc(OC)c(Cl)cc4OC)c(Cl)c3)C(C)=O)c(OC)cc1Cl,-8.0045326037
3401,CC1=NN(c2ccccc2)C(=O)C1N=Nc3ccccc3,-7.5414466266
3402,O=[Ti]=O,-4.9999945622
3403,CCCCC(CC)COC(=O)c1c(Br)c(Br)c(Br)c(Br)c1C(=O)OCC(CC)CCCC,-5.949075231
3404,FC(F)(F)N1C(F)(F)C(F)(F)OC(F)(F)C1(F)F,-5.5960586261000005
3405,[Ag+].CCCCCCCCCCCCCCCCCCCCCC([O-])=O,-6.782690091799999
3406,CCN(CC)[S](=O)(=O)c1ccc(OC)c(N\N=C2\C(=O)C(=Cc3ccccc23)C(=O)Nc4cc(Cl)c(OC)cc4OC)c1,-7.9052553562
3407,[O--].[O--].[O--].[Nd+3].[Nd+3],-7.634860780499999
3408,CC(=O)C(N=Nc1ccc(Cl)cc1[N+]([O-])=O)C(=O)Nc2ccccc2Cl,-7.721757870399999
3409,CN[S](=O)(=O)c1cc(OC)c(N\N=C2/C(=O)C(=Cc3ccccc23)C(=O)Nc4ccc5NC(=O)Nc5c4)cc1OC,-7.8916361395
3410,O=C1n2c3ccccc3nc2c4ccc5C(=O)n6c7ccccc7nc6c8ccc1c4c58,-7.7579945848
3411,Cc1cc(C)c(Nc2ccc(Nc3c(C)cc(C)cc3C)c4C(=O)c5ccccc5C(=O)c24)c(C)c1,-7.8250730454
3412,CC(C)C1CCCCC1,-5.3116265943
3413,O=[Nb](=O)O[Nb](=O)=O,-6.9474451591
3414,[O--].[O--].[O--].[O--].[O--].[Al+3].[Al+3].[Zn++].[Zn++],-7.6234773746
3415,CCCCCCCCCCCCCCCCCCN1C(=O)c2ccc3Sc4ccccc4c5ccc(C1=O)c2c35,-7.966789170299999
3416,CCC(C)CCCC(C)CCCC(C)C,-6.61539022
3417,CCN1C(=O)C(=N/Nc2ccccc2[N+]([O-])=O)\C(=C(C#N)C1=O)C,-6.815976001
3418,CC(=O)C(N=Nc1cc(ccc1Cl)C(=O)Nc2cc(Cl)ccc2C)C(=O)Nc3cc(C)c(NC(=O)C(N=Nc4cc(ccc4Cl)C(=O)Nc5cc(Cl)ccc5C)C(C)=O)cc3C,-7.263233538400001
3419,CCCC(Cl)CCCC(Cl)CCC(Cl)CCC(Cl)CCC(Cl)CCCC(Cl)CCC,-7.9658105639
3420,Cc1ccccc1OP(Oc2ccccc2C)Oc3ccccc3C,-7.779843060399999
3421,COc1ccc(NC(=O)C(N=Nc2ccc(cc2Cl)c3ccc(N=NC(C(C)=O)C(=O)Nc4ccccc4)c(Cl)c3)C(C)=O)cc1.COc5ccc(NC(=O)C(N=Nc6ccc(cc6Cl)c7ccc(N=NC(C(C)=O)C(=O)Nc8ccc(OC)cc8)c(Cl)c7)C(C)=O)cc5.CC(=O)C(N=Nc9ccc(cc9Cl)c%10ccc(N=NC(C(C)=O)C(=O)Nc%11ccccc%11)c(Cl)c%10)C(=O)Nc%12ccccc%12,-8.5404809541
3422,Cc1ccc2Nc3cc4C(=O)c5cc(C)ccc5Nc4cc3C(=O)c2c1,-7.7837785588
3423,Clc1ccc(Cl)c(N\N=C2\C(=O)C(=Cc3ccccc23)C(=O)Nc4ccccc4)c1,-7.9073894624
3424,CC(=O)C(N=Nc1ccc(cc1Cl)c2ccc(N=NC(C(C)=O)C(=O)Nc3ccc(C)cc3)c(Cl)c2)C(=O)Nc4ccc(C)cc4,-8.1019307222
3425,[Dy],-7.511883361000001
3426,O=C(c1ccc(Oc2ccccc2)cc1)c3ccc(cc3)C(=O)c4ccc(Oc5ccccc5)cc4,-7.973611776
3427,[Al+3].O[PH]([O-])=O.O[PH]([O-])=O.O[PH]([O-])=O,-4.7708809717000005
3428,COc1ccc(cc1)\C=C/2N=C(OC2=O)c3ccc(cc3)C4=NC(=C/c5ccc(OC)cc5)/C(=O)O4,-6.9835711537
3429,CCOC(=O)c1ccc2Sc3ccccc3C(=O)c2c1,-6.756602506799999
3430,[Cu]1N2C3=NC4=NC(=Nc5n1c(N=C6N=C(N=C2c7ccccc37)c8ccccc68)c9ccccc59)c%10ccccc4%10,-8.1584243143
3431,O[Co]=O,-6.275970814500001
3432,CCCCC(CC)COC(=O)C1CCC(CC1)C(=O)OCC(CC)CCCC,-6.926267992300001
3433,[Co],-5.1171460358
3434,CC(C)CCCCCCCCCCCCCCCOC(=O)CCCCCCCCCCCCCCC(C)C,-7.0864973463
3435,CC1CCCCCCCCCCCCC(=O)C1,-5.7438651202
3436,CC(C)c1ccc(cc1)C(C)C,-6.6027992709
3437,CC1=NN(c2ccccc2)C(=O)C1/C=C/3C(=NN(c4ccccc4)C3=O)C,-7.8822713548
3438,Cc1ccccc1NC(=O)C2=Cc3ccccc3C(=N/Nc4ccc(cc4C)[N+]([O-])=O)/C2=O,-7.981147656799999
3439,CC\1=NN(C(=O)C1=N/Nc2ccc(cc2Cl)c3ccc(N\N=C4/C(=NN(C4=O)c5ccccc5)C)c(Cl)c3)c6ccccc6,-8.1416267302
3440,COC(=O)c1ccc(cc1N\N=C2/C(=O)C(=Cc3ccccc23)C(=O)Nc4ccccc4OC)C(=O)Nc5cc(Cl)ccc5Cl,-8.1750686223
3441,CCCCNc1ccc(NCCCC)c2C(=O)c3ccccc3C(=O)c12,-7.9318570783
3442,CC(C)CCC[C@@H](C)CCC[C@@H](C)CCC/C(C)=C/CO,-4.8617411072
3443,CCCCCCCCCCCCCCCCCCCN,-5.8571242399
3444,S=[P](Oc1ccccc1)(Oc2ccccc2)Oc3ccccc3,-6.9546943469
3445,[O-][N+](=O)c1ncn(CC(=O)Nc2cc(ccc2Cl)C(F)(F)F)n1,-5.968106766699999
3446,[Al+3].[Cl-].[Cl-].[Cl-],-6.568661207100001
3447,CC(C)(c1cc(Br)c(O)c(Br)c1)c2cc(Br)c(O)c(Br)c2.ClCC3CO3,-7.2735304728
3448,CC(C)(C)CCCCC1(OO1)C(=O)OC(C)(C)CC(C)(C)C,-6.9712344191
3449,Clc1ccc2Nc3cc4C(=O)c5ccccc5Nc4cc3C(=O)c2c1Cl,-7.0666256459
3450,[O-][N+](=O)c1cc(Cl)c(N=Nc2ccc(cc2)N(CCC#N)CCC#N)c(Cl)c1,-7.115252612100001
3451,[Co++].[O-]C(=O)C([O-])=O,-4.6677879254
3452,CCCCC(CC)C(=O)OOC(C)(C)CC(C)(C)C,-5.9495319098
3453,CC(C)CCC[C@@H](C)[C@H]1CC[C@H]2[C@@H]3CC=C4C[C@@H](O)CC[C@]4(C)[C@H]3CC[C@]12C,-7.1001953639
3454,FC(F)(F)C(F)(F)C(F)(F)C(F)(F)C(F)(F)C(F)(F)CCI,-7.1886381337000005
3455,CC(C)C(C)(C)C(C)(C)C(C)(C)S,-7.7118329776
3456,COc1ccc(cc1N\N=C2/C(=O)C(=Cc3ccccc23)C(=O)Nc4cc(Cl)ccc4OC)C(=O)Nc5ccccc5,-8.1844134651
3457,Nc1c(OCCOC(=O)Oc2ccccc2)cc(O)c3C(=O)c4ccccc4C(=O)c13,-8.0544153113
3458,CCCCCCCCCCCCCCCCCCCCCC(=O)OCC(CO)(CO)COC(=O)CCCCCCCCCCCCCCCCCCCCC,-8.3487503358
3459,Cc1ccc(cc1)N2N=C(C)C(N=Nc3ccc(cc3Cl)c4ccc(N=NC5C(=NN(c6ccc(C)cc6)C5=O)C)c(Cl)c4)C2=O,-8.2698850372
3460,O=C1c2ccccc2c3ccc4Sc5ccccc5c6ccc1c3c46,-7.9828073074
3461,CC(=O)OCCOc1ccc(cc1)C(C)(C)c2ccc(OCCOC(C)=O)cc2,-8.0585030279
3462,CN[S](=O)(=O)c1cc(OC)c(N\N=C2/C(=O)C(=Cc3ccccc23)C(=O)Nc4ccc5NC(=O)Nc5c4)cc1C,-8.2171679788
3463,[O-][N+](=O)c1ccc(N\N=C2/C(=O)C=Cc3ccccc23)c(Cl)c1,-7.9969982826
3464,Cc1ccc(N\N=C2/C(=O)C=Cc3ccccc23)c(c1)[N+]([O-])=O,-7.9690613395
3465,CCCCOC(=O)c1ccccc1N\N=C2/C(=O)C(=Cc3ccccc23)C(=O)Nc4ccc5NC(=O)Nc5c4,-8.2138073561
3466,O=[Cr]O[Cr]=O,-7.6862678201
3467,CC(C)CCCCCCCCCCCCCCC(=O)OCC(COC(=O)CCCCCCCCCCCCCCC(C)C)OC(=O)CCCCCCCCCCCCCCC(C)C,-8.4587601408
3468,CCCCC(CC)COC(=O)c1ccc(C(=O)OCC(CC)CCCC)c(c1)C(=O)OCC(CC)CCCC,-8.2520983426
3469,COc1ccccc1NC(=O)C2=Cc3ccccc3C(=N/Nc4ccc(cc4)C(N)=O)/C2=O,-8.1667842337
3470,O=[Sn],-8.828369840499999
3471,CCCCC(CC)C(=O)OOC(C)(C)CCC(C)(C)OOC(=O)C(CC)CCCC,-7.188496044500001
3472,Cc1cc(O)c(cc1Sc2cc(c(O)cc2C)C(C)(C)C)C(C)(C)C,-7.112066324
3473,CC(C)(c1cc(Br)c(OCC2CO2)c(Br)c1)c3cc(Br)c(OCC4CO4)c(Br)c3,-7.3953018986
3474,[Ca++].Cc1cc(c(N\N=C\2C(=O)C(=Cc3ccccc23)C([O-])=O)cc1Cl)[S]([O-])(=O)=O,-6.2637704779
3475,[Ca++].[O-]C(=O)C1=Cc2ccccc2/C(=N/Nc3ccc4ccccc4c3[S]([O-])(=O)=O)C1=O,-6.2793954063
3476,CC(=O)Nc1ccc(NC(=O)C2=Cc3ccccc3C(=N/Nc4cc(ccc4Cl)C(N)=O)/C2=O)cc1,-7.304443806799999
3477,CCOC(=O)C(=C)C#N,-6.717139790499999
3478,[Zn++].CCCCCCC(O)CCCCCCCCCCC([O-])=O.CCCCCCC(O)CCCCCCCCCCC([O-])=O,-5.4548481286
3479,[Na+].C[O-].COC(=O)c1c(Cl)c(Cl)c(Cl)c(Cl)c1C#N.Nc2ccc(N)cc2,-6.3058678101
3480,Nc1ccc(c2ccc(N)c3C(=O)c4ccccc4C(=O)c23)c5C(=O)c6ccccc6C(=O)c15,-6.293710562799999
3481,CCCCC(CC)COC(=O)OOC(C)(C)CC,-6.088238680599999
3482,CCOC(F)(C(F)(F)C(F)(F)C(F)(F)F)C(F)(C(F)(F)F)C(F)(F)F,-7.2887340171
3483,[Sr++].Cc1cc(N\N=C\2C(=O)C=Cc3ccccc23)c(cc1Cl)[S]([O-])(=O)=O.Cc4cc(N\N=C\5C(=O)C=Cc6ccccc56)c(cc4Cl)[S]([O-])(=O)=O,-7.6228592843
3484,CCCCCCCCCCCCCCCCCCOC(=O)CCc1cc(c(O)c(c1)C(C)(C)C)C(C)(C)C,-8.2701498682
3485,CC(=O)C(N=Nc1cc(Cl)c(cc1Cl)c2cc(Cl)c(cc2Cl)N=NC(C(C)=O)C(=O)Nc3ccc(C)cc3C)C(=O)Nc4ccc(C)cc4C,-8.4626870474
3486,COc1ccccc1NC(=O)C(N=Nc2ccc(cc2Cl)c3ccc(N=NC(C(C)=O)C(=O)Nc4ccccc4OC)c(Cl)c3)C(C)=O,-8.4235961938
3487,O[S](=O)(=O)c1ccccc1N=C2C=CC(C=C2)=C(c3ccc(Nc4ccccc4)cc3)c5ccc(Nc6ccccc6)cc5,-8.3771050883
3488,COCCOCCCN1C(=O)c2c(N)c3C(=O)c4ccccc4C(=O)c3c(N)c2C1=O,-8.2650486602
3489,Nc1c(Oc2ccccc2)c(Oc3ccccc3)c(N)c4C(=O)c5ccccc5C(=O)c14,-8.2716565948
3490,CCOC(=O)C1=NN(C(=O)C1N=Nc2ccc(cc2Cl)c3ccc(N=NC4C(=O)N(N=C4C(=O)OCC)c5ccccc5)c(Cl)c3)c6ccccc6,-8.5265601286
3491,[Se],-6.5751878449
3492,COc1cc(NC(=O)C(N=Nc2ccc(cc2Cl)c3ccc(N=NC(C(C)=O)C(=O)Nc4ccc(C)cc4C)c(Cl)c3)C(C)=O)c(OC)cc1Cl.COc5cc(NC(=O)C(N=Nc6ccc(cc6Cl)c7ccc(N=NC(C(C)=O)C(=O)Nc8cc(OC)c(Cl)cc8OC)c(Cl)c7)C(C)=O)c(OC)cc5Cl.CC(=O)C(N=Nc9ccc(cc9Cl)c%10ccc(N=NC(C(C)=O)C(=O)Nc%11ccc(C)cc%11C)c(Cl)c%10)C(=O)Nc%12ccc(C)cc%12C,-9.052340862
3493,CC(C)CCCCCCCOC(=O)C(C)=C,-6.0559466089
3494,COc1ccccc1NC(=O)C(N=Nc2ccc(Cl)cc2[N+]([O-])=O)C(C)=O,-7.3063783536
3495,[Cd]=[Te],-7.1014793549
3496,[Ba++].CCc1cc(N\N=C/2C(=O)C=Cc3ccccc23)c(cc1Cl)[S]([O-])(=O)=O.CCc4cc(N\N=C/5C(=O)C=Cc6ccccc56)c(cc4Cl)[S]([O-])(=O)=O,-5.692860180299999
3497,FC(F)(F)c1ccc(Cl)c(N\N=C2/C(=O)C(=Cc3ccccc23)C(=O)Nc4cc(Cl)c(NC(=O)C5=Cc6ccccc6C(=N/Nc7cc(ccc7Cl)C(F)(F)F)\C5=O)cc4Cl)c1,-7.6922433716
3498,Cc1cccc(Cc2ccccc2)c1Cc3ccccc3,-7.179920248999999
3499,[Co++].[O-]C([O-])=O,-4.8375365922
3500,CC(=O)C(N=Nc1ccccc1C(O)=O)C(=O)Nc2ccc3NC(=O)Nc3c2,-7.330901470700001
3501,CC(=O)C(N=Nc1ccccc1OCCOc2ccccc2N=NC(C(C)=O)C(=O)Nc3ccc4NC(=O)Nc4c3)C(=O)Nc5ccc6NC(=O)Nc6c5,-7.634485568300001
3502,Clc1ccc(Cl)c(N\N=C2/C(=O)C(=Cc3ccccc23)C(=O)Nc4ccc5NC(=O)Nc5c4)c1,-7.461800321799999
3503,[Ca++].CC(=O)C(N=Nc1ccc(cc1[N+]([O-])=O)[S]([O-])(=O)=O)C(=O)Nc2ccccc2Cl,-5.4514607628
3504,[Fe],-5.5190975907
3505,C1CCCCCCCCCCC1,-7.0220260604
3506,CCCCCCOC(=O)c1ccccc1C(=O)c2ccc(cc2O)N(CC)CC,-7.3952335385
3507,[B],-4.8435743389
3508,[Co++].CCCCC(CC)C([O-])=O.CCCCC(CC)C([O-])=O,-5.347977516
3509,CCCCOC(=O)C1C(C(=O)OCCCC)C2(Cl)C(=C(Cl)C1(Cl)C2(Cl)Cl)Cl,-7.5095589026
3510,O=C1N2c3cccc4cccc(N=C2c5ccccc15)c34,-7.255740326000001
3511,Clc1ccc2Nc3cc4C(=O)c5cc(Cl)ccc5Nc4cc3C(=O)c2c1,-7.4198053963
3512,CC(=O)C(N=Nc1ccccc1C(F)(F)F)C(=O)Nc2ccc3NC(=O)Nc3c2,-7.455526832999999
3513,Cc1ccc(cc1N\N=C2\C(=O)C(=Cc3ccccc23)C(=O)Nc4cc(C)c(NC(=O)C5=Cc6ccccc6C(=N/Nc7c(C)cccc7C(=O)OCCCl)/C5=O)cc4C)C(=O)OCCCl,-7.814241028500001
3514,CC(=O)C(N=Nc1ccc(Cl)cc1[N+]([O-])=O)C(=O)Nc2ccc3NC(=O)Nc3c2,-7.473779876699999
3515,CC(=C)C(=O)OCCCCCCCCCCOC(=O)C(C)=C,-6.3502060506
3516,Clc1cccc2C(=O)c3cc4Nc5c(Cl)cccc5C(=O)c4cc3Nc12,-6.4573217576
3517,CC(=O)C(N=Nc1ccc(C)cc1[N+]([O-])=O)C(=O)Nc2ccccc2,-7.4179683662
3518,CCCCCCCCCC(=O)OOC(=O)CCCCCCCCC,-6.4497523604
3519,Cc1ccccc1NC(=O)C2=Cc3ccccc3C(=N/Nc4ccc(Cl)cc4[N+]([O-])=O)/C2=O,-7.5632144901
3520,[Ni++].[O-]c1ccc2ccccc2c1C=Nc3cc4NC(=O)Nc4cc3N=Cc5c([O-])ccc6ccccc56,-7.6266942296
3521,[O--].[O--].[Pt+4],-7.2627495503
3522,[Nd],-7.0799044677
3523,O=[Co],-5.798391069
3524,[Ca++].COc1ccc(NC(=O)C2=Cc3ccccc3/C(=N/Nc4cc(ccc4C)C(=O)Nc5cccc(c5)[S]([O-])(=O)=O)C2=O)cc1.COc6ccc(NC(=O)C7=Cc8ccccc8/C(=N/Nc9cc(ccc9C)C(=O)Nc%10cccc(c%10)[S]([O-])(=O)=O)C7=O)cc6,-7.050931182699999
3525,CCOc1ccccc1NC(=O)C2=Cc3ccccc3C(=N/Nc4ccc(cc4)C(N)=O)\C2=O,-7.581973548400001
3526,Cc1ccc(cc1N\N=C2/C(=O)C(=Cc3ccccc23)C(=O)Nc4ccccc4)[N+]([O-])=O,-7.5579677799
3527,CC(=O)C(N=Nc1ccc(cc1)[N+]([O-])=O)C(=O)Nc2ccc3NC(=O)Nc3c2,-7.5255403409
3528,Clc1ccc(Cl)c(N\N=C2\C(=O)C(=Cc3ccccc23)C(=O)Nc4ccc(NC(=O)C5=Cc6ccccc6C(=N/Nc7cc(Cl)ccc7Cl)\C5=O)c(Cl)c4)c1,-7.869298263099999
3529,CC(=C)C(=O)OCCCCCCCCCCCCOC(=O)C(C)=C,-7.484220297999999
3530,CC(=O)C(N=Nc1ccc(cc1)C(=O)Nc2ccc(cc2)C(N)=O)C(=O)Nc3ccc4NC(=O)Nc4c3,-6.672808805599999
3531,CCOc1ccc(NC(=O)C(N=Nc2ccc(cc2Cl)c3ccc(N=NC(C(C)=O)C(=O)Nc4ccc(OCC)cc4)c(Cl)c3)C(C)=O)cc1,-7.830582616799999
3532,S=C(SSSSSSC(=S)N1CCCCC1)N2CCCCC2,-7.6317322062
3533,O=C1c2ccccc2Nc3cc4C(=O)c5ccccc5Nc4cc13,-7.481773695499999
3534,CC(=O)C(N=Nc1cc(ccc1Cl)C(=O)Nc2cccc(Cl)c2C)C(=O)Nc3cc(Cl)c(NC(=O)C(N=Nc4cc(ccc4Cl)C(=O)Nc5cccc(Cl)c5C)C(C)=O)cc3C,-7.9717711074
3535,COc1ccc(cc1N\N=C2/C(=O)C(=Cc3ccccc23)C(=O)Nc4cc(Cl)ccc4C)C(=O)Nc5ccccc5,-7.7520707385
3536,CCCCCCCCOC(=O)c1ccccc1C(=O)OCc2ccccc2,-8.2876520693
3537,COc1ccc(N=NC(C(C)=O)C(=O)Nc2ccccc2OC)c(c1)[N+]([O-])=O,-8.3082430527
3538,COc1ccc(cc1N\N=C2/C(=O)C(=Cc3ccccc23)C(=O)Nc4ccc5NC(=O)Nc5c4)C(=O)Nc6ccccc6,-8.4790833317
3539,CC(C)(C)CC(C)(C)N(c1ccccc1)c2cccc3ccccc23,-8.2900385416
3540,COc1ccccc1NC(=O)C2=Cc3ccccc3C(=N/Nc4cc(Cl)ccc4Cl)\C2=O,-8.4645677849
3541,CC(C)(C)c1cc(CCC(=O)OCCNC(=O)C(=O)NCCOC(=O)CCc2cc(c(O)c(c2)C(C)(C)C)C(C)(C)C)cc(c1O)C(C)(C)C,-8.6670954079
3542,CCCCCCCCCCCCCCCCCC(=O)OC(CCCCCC)CCCCCCCCCCC(=O)OCCCCCCCCCCCCCC(C)C,-8.755372465299999
3543,CC(C)CCC[C@@H](C)CCC[C@@H](C)CCC[C@]1(C)CCc2c(C)c(O)c(C)c(C)c2O1,-8.520248661
3544,CC(C)CCCC(C)CCCC(C)CCCC1(C)CCc2cc(O)c(C)c(C)c2O1,-8.5058697258
3545,CCCCCCCC\C=C/CCCCCCCC(=O)OCC(CC)(CO)COC(=O)CCCCCCC\C=C/CCCCCCCC,-8.7211960386
3546,[O--].[Pd++],-8.0625429623
3547,CC(=O)C(N=Nc1ccc(cc1Cl)c2ccc(N=NC(C(C)=O)C(=O)Nc3ccccc3C)c(Cl)c2)C(=O)Nc4ccccc4C,-8.9148440789
3548,CCCCC(CC)CN[S](=O)(=O)c1ccc(cc1)N=NC2=C(O)N(CCCC)C(=O)C(=C2C)C#N,-8.797313426799999
3549,S=[SnH2],-8.4059550501
3550,Clc1cccc(N\N=C2/C(=O)C(=Cc3ccccc23)C(=O)Nc4cccc5c(NC(=O)C6=Cc7ccccc7C(=N/Nc8cccc(Cl)c8Cl)\C6=O)cccc45)c1Cl,-9.227651248
3551,[S--].[S--].[S--].[Bi+3].[Bi+3],-9.0983152748
3552,CC(=O)C(N=Nc1ccc(cc1Cl)c2ccc(N=NC(C(C)=O)C(=O)Nc3ccccc3)c(Cl)c2)C(=O)Nc4ccccc4,-9.1969385027
3553,FC(F)(F)C(F)(F)C(F)(F)N(C(F)(F)C(F)(F)C(F)(F)F)C(F)(F)C(F)(F)C(F)(F)F,-9.1359660934
3554,CC(=O)C(N=Nc1ccc(cc1Cl)c2ccc(N=NC(C(C)=O)C(=O)Nc3ccc(C)cc3C)c(Cl)c2)C(=O)Nc4ccc(C)cc4C,-9.2920103659
3555,CCOC(=O)OCCOc1cc(O)c2C(=O)c3ccccc3C(=O)c2c1N,-9.2195295624
3556,C[Si](C)(C)O[Si](O[Si](C)(C)C)(O[Si](C)(C)C)O[Si](C)(C)C,-9.4071737246
3557,CC(C)(c1cc(Br)c(OCC(Br)CBr)c(Br)c1)c2cc(Br)c(OCC(Br)CBr)c(Br)c2,-9.8164351053
3558,[Ir],-9.9827617991
3559,CC(C)CCCCCCCCCCCCCCCOC(=O)CC(O)C(=O)OCCCCCCCCCCCCCCCC(C)C,-7.992627598799999
3560,[Co++].CCCCCCCCCCCCCCCCCC([O-])=O.CCCCCCCCCCCCCCCCCC([O-])=O,-5.2733987051
3561,CCCCCCCCCCOC(=O)C(CC)CCCC,-8.1939864578
3562,CC(CCOC(=O)CC(C)CC(C)(C)C)CC(C)(C)C,-8.2779665867
3563,CCCCCCCCCCCCCCCCCC(=O)OCCCCCCCCCCCCCC,-8.983050454099999
3564,C1CO[Sb]2OCCO[Sb](O1)OCCO2,-9.0249738719
3565,CCCCCCCC(=O)CC(=O)c1ccccc1,-5.8836966949
3566,O=[Cr]O[Cr]=O.O=[Mn]O[Mn]=O.O=[Fe]O[Fe]=O,-8.972710915599999
3567,[Si],-5.6631600565
3568,Cc1cc(Cl)cc2SC(/C(=O)c12)=C/3Sc4cc(Cl)cc(C)c4C3=O,-7.9319837821
3569,COc1ccc(N\N=C2/C(=O)C=Cc3ccccc23)c(c1)[N+]([O-])=O,-7.9911025111
3570,Cc1cc(Cc2cc(C)cc(c2O)C3(C)CCCCC3)c(O)c(c1)C4(C)CCCCC4,-8.146786216599999
3571,S.[Mo],-5.8129901866
3572,Brc1cc2C(=O)c3cccc4c(Br)cc5C(=O)c6cccc1c6c2c5c34,-7.6331990421
3573,CC1=CC2=NC(=O)N=C2C=C1NNC3C(=O)NC(=O)NC3=O,-6.4891402338
3574,Cc1ccc(Nc2nc(Nc3ccc(C)cc3)c(C#N)c(C)c2N=Nc4ccccc4C(F)(F)F)cc1,-7.7171571443
3575,CN1C(=O)c2ccc3c4ccc5C(=O)N(C)C(=O)c6ccc(c7ccc(C1=O)c2c37)c4c56,-7.7185099927
3576,COCCCN1C(=O)c2ccc3C(=O)n4c5ccc(C)cc5nc4c6ccc(C1=O)c2c36,-6.7715099068
3577,Oc1cc2ccccc2cc1C(=O)N=NNc3cc(Cl)c(cc3Cl)c4ccc(cc4)c5cc(Cl)c(NN=NC(=O)c6cc7ccccc7cc6O)cc5Cl,-8.0871707055
3578,CCCCCCCOCC(COCCCCCCC)(COCCCCCCC)COCCCCCCC,-7.94522478
3579,O=[Zr]=O,-6.350325563999999
3580,COc1cc(N=Nc2c(Br)cc(cc2[N+]([O-])=O)[N+]([O-])=O)c(NC(C)=O)cc1N(CC=C)CC=C,-7.0093328393
3581,O=C1\C(Nc2ccccc12)=C/3Nc4ccccc4C3=O,-6.7197753001
3582,CCCCCCCCCCCCCC(=O)OC(C)C,-6.733128222
3583,CCCCCCCCCc1cccc(Nc2cccc(CCCCCCCCC)c2)c1,-7.9260469847
3584,CCOC(=O)C(C#N)=C(c1ccccc1)c2ccccc2,-7.7440158853
3585,CC(C)(C)c1cc(CCC(=O)OCCCCCCOC(=O)CCc2cc(c(O)c(c2)C(C)(C)C)C(C)(C)C)cc(c1O)C(C)(C)C,-8.1064832759
3586,CC(C)(C)c1ccc(OP(Oc2ccc(cc2C(C)(C)C)C(C)(C)C)Oc3ccc(cc3C(C)(C)C)C(C)(C)C)c(c1)C(C)(C)C,-8.1118919859
3587,COC(=O)CCN(CCC(=O)OC)c1ccc(cc1)N=Nc2c(Cl)cc(cc2Br)[N+]([O-])=O,-7.1002216252
3588,COc1cc(ccc1NN=C2C=CC(=O)C=C2)N=Nc3ccc(cc3)[N+]([O-])=O,-6.9639720065
3589,CC(=O)OCCN(CCC#N)c1ccc(cc1)N=Nc2c(Cl)cc(cc2Cl)[N+]([O-])=O,-7.0514245951
3590,CCCC(c1cc(c(O)cc1C)C(C)(C)C)c2cc(c(O)cc2C)C(C)(C)C,-7.9806713528
3591,CCCCCCCCCCCCCCCCCCOC(=O)CCSCCC(=O)OCCCCCCCCCCCCCCCCCC,-8.2324757883
3592,[Sn],-7.472430972100001
3593,CCCCC(CC)COC(=O)\C=C/C(=O)OCC(CC)CCCC,-6.9758197173
3594,CCN(CC)c1ccc(N=Nc2c(Cl)cc(cc2[N+]([O-])=O)[N+]([O-])=O)c(NC(C)=O)c1,-7.1158852536
3595,[Na+].C[O-].COC(=O)c1c(Cl)c(Cl)c(Cl)c(Cl)c1C#N.Cc2c(N)cccc2N,-7.1716670448
3596,[O-][N+](=O)c1ccc(cc1)N=Nc2ccc(cc2)N(CCOC(=O)c3ccccc3)CCC#N,-7.1697361359
3597,CCN(CC)c1ccc(N=Nc2c(cc(cc2C#N)[N+]([O-])=O)C#N)c(NC(C)=O)c1,-8.1027530485
3598,CCCCCCCCCCCC(=O)OCC(C)C,-7.9318475776
3599,CCCCCCCC\C=C\CCCCCCCC(=O)OCCC(C)C,-8.0701647483
3600,FC(F)(F)C(F)(F)C(F)(F)C(F)(F)[S](F)(=O)=O,-6.0423843487
3601,Fc1ccc(Cc2ccc(F)cc2)cc1,-6.912156136599999
3602,CC(=O)C(N=Nc1cc(ccc1Cl)C(=O)Nc2cc(ccc2Oc3ccc(Cl)cc3)C(F)(F)F)C(=O)Nc4cc(Cl)c(NC(=O)C(N=Nc5cc(ccc5Cl)C(=O)Nc6cc(ccc6Oc7ccc(Cl)cc7)C(F)(F)F)C(C)=O)cc4C,-7.6916832495
3603,COC(=O)CCN(CCC(=O)OC)c1ccc(N=Nc2ccc(cc2[N+]([O-])=O)[N+]([O-])=O)c(NC(C)=O)c1,-7.3328313355
3604,CC(Br)(CBr)COc1c(Br)cc(cc1Br)C(C)(C)c2cc(Br)c(OCC(C)(Br)CBr)c(Br)c2,-7.6864910333
3605,CC(C)(C)c1ccc(OC(=O)c2cc(c(O)c(c2)C(C)(C)C)C(C)(C)C)c(c1)C(C)(C)C,-7.3410901182
3606,CCN(CC)c1ccc(N=Nc2c(Br)cc(cc2[N+]([O-])=O)[N+]([O-])=O)c(NC(C)=O)c1,-7.379569278300001
3607,Clc1ccc(c(Cl)c1)C(=O)OOC(=O)c2ccc(Cl)cc2Cl,-8.2787650296
3608,CCCCC(CC)CN(CC(CC)CCCC)CC(CC)CCCC,-8.2475792783
3609,O=C1N(CCc2ccccc2)C(=O)c3ccc4c5ccc6C(=O)N(CCc7ccccc7)C(=O)c8ccc(c9ccc1c3c49)c5c68,-8.4761487948
3610,CCCCCCCCCCCCCCCCCc1[nH]ccn1,-7.214642713
3611,[Na+].C[O-].COC(=O)c1c(Cl)c(Cl)c(Cl)c(Cl)c1C#N.Cc2cc(N)ccc2N=Nc3ccc(N)cc3,-7.532414871799999
3612,CC(=C)C(=O)OCCCOc1ccc(cc1)C(C)(C)c2ccc(OCCCOC(=O)C(C)=C)cc2,-7.4564753884
3613,CC(=O)OCCN(CCOC(C)=O)c1ccc(cc1)N=Nc2sc(cc2[N+]([O-])=O)[N+]([O-])=O,-7.547293505
3614,Clc1c(Cl)c(Cl)c2C(=O)C(c3ccc4cccc(N5C(=O)c6c(Cl)c(Cl)c(Cl)c(Cl)c6C5=O)c4n3)C(=O)c2c1Cl,-7.7273960926
3615,CCN(CC)c1ccc(N=Nc2c(cc(cc2C#N)[N+]([O-])=O)C#N)c(C)c1,-7.472819969600001
3616,CCCCCCCCCCCCCC(=O)OCC(O)CO,-7.397875398099999
3617,CCN(CC)c1ccc2C=C(C(=O)Oc2c1)c3oc4ccc(Cl)cc4n3,-7.4876332175
3618,[Cu++].[O-]c1ccccc1N=Cc2c([O-])ccc3ccccc23,-7.432469538099999
3619,O=[Pb]=O,-7.325679100599999
3620,CCCCCCCCCOC(=O)c1ccc(C(=O)OCCCCCCCCC)c(c1)C(=O)OCCCCCCCCC,-6.757182205
3621,CCO[Si](CC(C)CC(C)(C)C)(OCC)OCC,-6.4416841407000005
3622,Cc1ccc(Cl)cc1N\N=C2\C(=O)C(=Cc3ccccc23)C(=O)Nc4cc(C)c(NC(=O)C5=Cc6ccccc6C(=N/Nc7cc(Cl)ccc7C)/C5=O)cc4C,-7.678196263899999
3623,O=C1c2ccccc2C(=O)c3c(Nc4nc(Nc5cccc6C(=O)c7ccccc7C(=O)c56)nc(n4)c8ccccc8)cccc13,-7.77786597
3624,CNC(=O)/C(C#N)=C/1NC(c2ccccc12)=C3C(=O)NC(=O)NC3=O,-7.5280099033
3625,CC\1=NN2C(=O)c3ccccc3N=C2C1=N/Nc4ccc(Cl)cc4[N+]([O-])=O,-7.5829344883
3626,O=C1NC(=O)C(C(=O)N1)=C2NC(c3ccccc23)=C4C(=O)NC(=O)NC4=O,-7.5649937324
3627,CC(=O)OC/C=C(C)/C=C/C=C(C)/C=C/C1=C(C)CCCC1(C)C,-7.5165300857
3628,CCC(=O)OC/C=C(C)/C=C/C=C(C)/C=C/C1=C(C)CCCC1(C)C,-7.534689739199999
3629,[H+].[Mn++].[O-]C(=O)c1cc2ccccc2c(N=Nc3ccc4ccccc4c3[S]([O-])(=O)=O)c1[O-],-7.6770043618
3630,CCCCCCCCCCCCCC(=O)OCC(COC(=O)CCCCCCCCCCCCC)OC(=O)CCCCCCCCCCCCC,-8.6470570009
3631,[Be]=O,-7.255116256
3632,CCCCCC1CCC(CC1)c2ccc(CCC)cc2,-6.7725704235
3633,CCC(C)(C)c1cc(n2nc3ccccc3n2)c(O)c(c1)C(C)(C)CC,-8.545917916
3634,CC(=O)C(N=Nc1ccc(c(Cl)c1)c2ccc(N=NC(C(C)=O)C(=O)NN)c(Cl)c2)C(=O)NN,-8.7052973925
3635,O=C1c2ccccc2C(=O)c3c4[nH]c5c(ccc6C(=O)c7c8[nH]c9c(ccc%10C(=O)c%11ccccc%11C(=O)c9%10)c8ccc7C(=O)c56)c4ccc13,-8.8106451034
3636,[O--].[O--].[O--].[O--].[O--].[Al+3].[Al+3].[Co++].[Co++],-8.4010988426
3637,[O--].[O--].[O--].[O--].[V].[Bi+3],-8.5104350823
3638,O.[O--].[O--].[O--].[Fe+3].[Fe+3],-8.2496923157
3639,CCCCCCCCCCCCOC(=O)C(C)=C,-8.4055410062
3640,[Nb],-7.968043762200001
3641,CCCCCCCCCCCCCCCCCCOC(=O)C(C)=C,-8.5296561698
3642,Oc1ccc(Nc2ccccc2)c3C(=O)c4c(c(O)ccc4[N+]([O-])=O)C(=O)c13,-8.6461429905
3643,[Na+].Oc1ccc(cc1)[S]([O-])(=O)=O,-8.3631893131
3644,CCCCCCCCCCCCCCCCOC(=O)CCCCCCCCCCCCCCC,-8.754650095399999
3645,CC(C)(C)c1ccc2OC(=O)C(c2c1)c3cc(ccc3OC(=O)c4cc(c(O)c(c4)C(C)(C)C)C(C)(C)C)C(C)(C)C,-8.848512616699999
3646,[Zr++].CCCCC(CC)C([O-])=O.CCCCC(CC)C([O-])=O,-8.7020121255
3647,CN1C(=O)C(=N/Nc2cccc(O[S](=O)(=O)c3ccccc3)c2)\C(=C(C#N)C1=O)C,-8.782716219400001
3648,[Be],-7.2558511787
3649,CCCCC(CC)C(=O)OCC(COC(=O)C(CC)CCCC)(COC(=O)C(CC)CCCC)COC(=O)C(CC)CCCC,-9.2047594175
3650,[Au],-8.8172722155
3651,CCCCCCCC/C=C/CCCCCCCCO[P+](=O)OCCCCCCCC\C=C\CCCCCCCC,-9.5344195865
3652,O=[Ce]=O,-9.1459110865
3653,Brc1c(Br)c(Br)c(Oc2c(Br)c(Br)c(Br)c(Br)c2Br)c(Br)c1Br,-9.9818960396
3654,CCCCCCCCCCCCCCCCCCC1CC(=O)N(CCNCCNCCNCCN2C(=O)CC(CCCCCCCCCCCCCCCCCC)C2=O)C1=O,-10.2347171749
3655,ClCc1ccc(cc1)c2ccc(CCl)cc2,-10.098913562
3656,CCC(CC)O[N+]([O-])=O,-2.4522
3657,Oc1cc(Br)cc(C=O)c1,-3.2502
3658,[H+].[Cl-].CCOC(=O)C1(CCN(C)CC1)c2ccccc2,-1.6368
3659,CCC(O)(COC(N)=O)c1ccccc1,-0.9227
3660,CC(O)C(O)=O,1.0454
3661,C[C@]12CC[C@H]3[C@@H](CCc4cc(O)ccc34)[C@@H]1CC[C@@H]2O,-4.8789
3662,OC(=O)c1c(Cl)cccc1Cl,-1.1309
3663,OC(=O)c1c(Cl)ccc(Cl)c1Cl,-1.4666
3664,O=C1CCC(N2C(=O)c3ccccc3C2=O)C(=O)N1,-2.6758
3665,CO[C@H]1[C@@H](C[C@@H]2CN3CCc4c([nH]c5cc(OC)ccc45)[C@H]3C[C@@H]2[C@@H]1C(=O)OC)OC(=O)c6cc(OC)c(OC)c(OC)c6,-3.9208
3666,Oc1ccc(Cl)cc1C(=O)Nc2ccc(cc2Cl)[N+]([O-])=O,-5.3106
3667,NCCc1c[nH]c2ccc(O)cc12,-0.945
3668,OC(=O)c1cc(Cl)c(Cl)cc1Cl,-2.4446
3669,OC(=O)c1ccc(Cl)cc1Cl,-2.6003
3670,BrC1=CNC(=O)NC1=O,-2.3698
3671,CNC[C@H](O)c1ccc(O)c(O)c1.O[C@H]([C@@H](O)C(O)=O)C(O)=O,0.0
3672,CNC[C@H](O)c1ccc(O)c(O)c1,-3.0077
3673,CCCC1=CC(=O)NC(=S)N1,-2.1504
3674,CN(CCCl)CCCl,-1.1141
3675,CC(=O)O[C@]1(CC[C@H]2[C@@H]3CCC4=CC(=O)CC[C@@H]4[C@H]3CC[C@]12C)C#C,-4.8041
3676,CC(=O)S[C@@H]1CC2=CC(=O)CC[C@]2(C)[C@H]3CC[C@@]4(C)[C@@H](CC[C@@]45CCC(=O)O5)[C@H]13,-4.2773
3677,S=[P](N1CC1)(N2CC2)N3CC3,0.0018
3678,CO[P](=O)(OC)C(O)C(Cl)(Cl)Cl,-0.3315
3679,NC(CS)C(O)=O,0.3597
3680,ClC(Cl)C(c1ccc(Cl)cc1)c2ccccc2Cl,-6.5052
3681,CN1CCC[C@H]1c2cccnc2,0.7898
3682,OCC1OC(CC1O)N2C=C(I)C(=O)NC2=O,-2.2481
3683,CN(C)c1ccc(cc1)N=Nc2cccc(C)c2,-5.7769
3684,CC(C)O[P](F)(=O)OC(C)C,-1.0777
3685,CC1=CC(=O)NC(=S)N1,-2.4259
3686,NCCCC(O)=O,1.1006
3687,C[C@@]12[C@H]3CC[C@H](O3)[C@]1(C)C(=O)OC2=O,-3.8156
3688,Nc1ncnc2n(cnc12)C3OC(CO[P](O)(=O)O[P](O)(=O)O[P](O)(O)=O)C(O)C3O,0.2948
3689,CCO[P](=S)(OCC)Oc1ccc2C(=C(Cl)C(=O)Oc2c1)C,-5.3835
3690,NCCCCC(N)C(O)=O,0.8351
3691,OCC(O)CO[P](O)(O)=O,0.7643
3692,C=CCN=C=S,-1.6953
3693,CN(C)N,1.2211
3694,CCOC(=O)C1(CCN(C)CC1)c2ccccc2,-1.8861
3695,OC[C@@H](O)[C@@H](O)[C@H](O)C(=O)CO,0.6353
3696,OC[C@H]1O[C@H](O[C@]2(CO)O[C@H](CO)[C@@H](O)[C@@H]2O)[C@H](O)[C@@H](O)[C@@H]1O,0.7878
3697,CC(O)CO,1.1186
3698,C[C@]12CC[C@H]3[C@@H](CCc4cc(O)ccc34)[C@@H]1CC[C@@]2(O)C#C,-4.4192
3699,NC(N)=N[S](=O)(=O)c1ccc(N)cc1,-1.9885
3700,ClC1CC2C(C1Cl)C3(Cl)C(=C(Cl)C2(Cl)C3(Cl)Cl)Cl,-6.8644
3701,CCC(=O)O[C@H]1CC[C@H]2[C@@H]3CCC4=CC(=O)CC[C@]4(C)[C@H]3CC[C@]12C,-5.3669
3702,C[C@]12CC[C@H]3[C@@H](CCc4cc(O)ccc34)[C@@H]1CC[C@H]2O,-4.8441
3703,CN=C1CN(O)C(=C2C=C(Cl)C=CC2=N1)c3ccccc3,-2.1757
3704,CN1CCN(CCCN2c3ccccc3Sc4ccc(Cl)cc24)CC1,-4.3979
3705,CCN(CC)C(=O)c1cccnc1,0.7490000000000001
3706,O=C1Nc2ccccc2C=C1,-2.1394
3707,Nc1ccc(cc1)[S](=O)(=O)Nc2cnc3ccccc3n2,-4.6026
3708,[Cl-].Cc1ncc(C[n+]2csc(CCO)c2C)c(N)n1,0.2207
3709,Cc1ccccc1OCC(O)CO,-1.1887
3710,Cc1cc(O)ccc1Cl,-1.5704
3711,CSCCC(N)C(O)=O,-0.6593
3712,OCC(S)CS,-0.1547
3713,OCC1OC(O[P](O)(O)=O)C(O)C(O)C1O,0.5848
3714,O=NN1CCOCC1,0.9351
3715,NC(Cc1ccc(O)c(O)c1)C(O)=O,-1.5959
3716,NCCCCCC(O)=O,0.5854
3717,CC(N)=O,1.5808
3718,CN(C)[C@H]1[C@@H]2C[C@H]3C(=C(O)c4c(O)cccc4[C@@]3(C)O)C(=O)[C@]2(O)C(=O)\C(=C(N)/O)C1=O,-3.284
3719,ClC1=C(Cl)C2(Cl)C3C4CC(C5OC45)C3C1(Cl)C2(Cl)Cl,-6.2908
3720,COc1ccc2Sc3ccccc3N(C[C@H](C)CN(C)C)c2c1,-4.2155
3721,Cc1cccc(Nc2ccccc2C(O)=O)c1C,-4.0815
3722,[Cl-].CN(C)c1ccc2nc3ccc(cc3[s+]c2c1)N(C)C,-0.8655
3723,[Cl-].COC(C[Hg+])CNC(N)=O,-1.5235
3724,CC(C)(N)C(O)=O,0.2453
3725,C/C=C(/C)C(=O)O[C@H]1CC[C@@]2(C)[C@@H]3CC[C@H]4[C@]5(O)C[C@H](O)[C@@]6(O)[C@@H](CN7C[C@@H](C)CC[C@H]7[C@@]6(C)O)[C@]5(O)C[C@]24O[C@]13O,-3.0163
3726,[Na+].[O-]C(=O)CF,1.0452
3727,COC(=O)C1=CCCN(C)C1,0.8091
3728,CNC(=O)Oc1cccc(c1)C(C)C,-3.3567
3729,C[NH+]1CC[C@@]23C4Oc5c(O)ccc(C[C@H]1[C@H]2C=C[C@H]4O)c35.C[NH+]6CC[C@@]78C9Oc%10c(O)ccc(C[C@H]6[C@H]7C=C[C@H]9O)c8%10.[O-][S]([O-])(=O)=O,-1.0157
3730,CCC(C)C(C)(COC(N)=O)COC(N)=O,-2.366
3731,COC1=CC=C2C(=CC1=O)[C@H](CCc3cc(OC)c(OC)c(OC)c23)NC(C)=O,-0.9482
3732,[H+].[Cl-].Cc1ncc(CO)c(C=O)c1O,0.3901
3733,N[C@@H](Cc1cc(I)c(O)c(I)c1)C(O)=O,-2.8583
3734,c1cnc2c(c1)ccc3cccnc23,-1.826
3735,Cc1ncc(CO)c(C=O)c1O,0.4758
3736,CC(=O)N/N=C/c1oc(cc1)[N+]([O-])=O,-2.5958
3737,CC(C)=O,1.236
3738,C[S](C)=O,1.1072
3739,CN1C(=O)[C@]23CC4=CC=C[C@H](O)[C@H]4N2C(=O)[C@@]1(CO)SS3,-3.6687
3740,C[C@]12CC[C@H]3[C@@H](CCC4=CC(=O)CC[C@H]34)[C@@H]1CC[C@@]2(O)C#C,-4.6271
3741,O=C1N=CNc2nc[nH]c12,-2.2888
3742,OCC1OC(OC2C(O)C(O)C(O)OC2CO)C(O)C(O)C1O,0.3577
3743,Oc1c(Cl)cc(Cl)c(Cl)c1Cc2c(O)c(Cl)cc(Cl)c2Cl,-3.4634
3744,[O-][N+](=O)c1ccc(F)c(c1)[N+]([O-])=O,-2.6677
3745,CC(=O)N(O)CCCCCNC(=O)CCC(=O)N(O)CCCCCNC(=O)CCC(=O)N(O)CCCCCN,-1.6695
3746,NC(Cc1[nH]cnc1)C(O)=O,-0.5314
3747,NC1=CC=NC(=O)N1,-1.1426
3748,C[C@H]1O[C@H](C[C@H](O)[C@@H]1O)O[C@H]2[C@@H](O)C[C@@H](O[C@@H]2C)O[C@H]3[C@@H](O)C[C@@H](O[C@@H]3C)O[C@H]4CC[C@@]5(C)[C@H](CC[C@@H]6[C@@H]5CC[C@]7(C)[C@H](CC[C@]67O)C8=CC(=O)OC8)C4,-5.2926
3749,[Na+].CC(O)C([O-])=O,0.9505
3750,COc1ccc(cc1)C(c2ccc(OC)cc2)C(Cl)(Cl)Cl,-6.5386
3751,Oc1ccc2C(=O)c3ccccc3C(=O)c2c1O,-2.7785
3752,Nc1ncnc2nc[nH]c12,-2.1179
3753,N[S](=O)(=O)c1cc2c(NC(Cc3ccccc3)N[S]2(=O)=O)cc1C(F)(F)F,-3.5913
3754,CCC1NC(=O)c2cc(c(Cl)cc2N1)[S](N)(=O)=O,-3.2859
3755,C,-2.8629
3756,C#N,1.5682
3757,CC#C,-1.0417
3758,CCN,1.346
3759,ON=C,0.5768
3760,C1CO1,1.356
3761,BrC(Br)Br,-1.9113
3762,CC(C)I,-2.0843
3763,CC(C)N,1.2283
3764,IC(I)I,-3.5952
3765,CC1CN1,1.2434
3766,C[As](C)(O)=O,1.1612
3767,CC(C)(O)C#N,1.07
3768,FC(F)(F)CCl,-1.1098
3769,[O-]C(=O)C(Br)(Br)Br,-0.1713
3770,CC(=O)C(C)(C)C,-0.7219
3771,CC(Cl)(Cl)C(O)=O,0.5455
3772,CC(O)C(Cl)(Cl)Cl,-0.7574
3773,OC(=O)C(F)(F)Cl,0.8845
3774,FC(F)(Cl)C(Cl)(Cl)Cl,-3.3093
3775,FC(Cl)(Cl)C(F)(Cl)Cl,-3.2301
3776,CC1(C)C2CCC1(C)C(=O)C2,-1.9784
3777,OC1(C(=O)NC(=O)NC1=O)C2(O)C(=O)NC(=O)NC2=O,-1.9942
3778,CC1(C)O[C@@H]2C[C@H]3[C@@H]4CCC5=CC(=O)C=C[C@]5(C)[C@@]4(F)[C@@H](O)C[C@]3(C)[C@@]2(O1)C(=O)CO,-4.3158
3779,CC(C)(CO)[N+]([O-])=O,1.4681
3780,CC(Cl)C(Cl)(Cl)C(O)O,-0.8666
3781,ClC1C=CC2C1C3(Cl)C(=C(Cl)C2(Cl)C3(Cl)Cl)Cl,-6.3168
3782,COc1ccc2C[C@@H]3[C@@H]4C=C[C@H](O)[C@@H]5Oc1c2[C@]45CCN3C,-1.5219999999999998
3783,CCOc1ccc2C[C@@H]3[C@@H]4C=C[C@H](O)[C@@H]5Oc1c2[C@]45CCN3C,-2.079
3784,Cc1cc(ccc1N)C(O)(c2ccc(N)cc2)c3ccc(N)cc3,-3.0272
3785,OC(c1ccccc1)(c2ccccc2)c3ccccc3,-2.2596
3786,CC1(C(=O)NC(=O)NC1=O)c2ccccc2,-2.4581
3787,Oc1ccc(cc1)C2(OC(=O)c3ccccc23)c4ccc(O)cc4,-2.9008
3788,CC(C)CC1(CC=C)C(=O)NC(=O)NC1=O,-2.1193
3789,N[S](=O)(=O)c1cc(ccc1Cl)C2(O)NC(=O)c3ccccc23,-3.4507
3790,CC(CO)(CO)[N+]([O-])=O,0.7724
3791,CCC(C)(O)CC,-0.38
3792,CCO[P](=O)(C#N)N(C)C,-0.2186
3793,CCCCOC(=O)CC(CC(=O)OCCCC)(OC(C)=O)C(=O)OCCCC,-4.9058
3794,CCOC(=O)CC(O)(CC(=O)OCC)C(=O)OCC,-0.6285
3795,CCC(CO)(CO)CO,0.8723
3796,[O-][N+](=O)OCC(CO[N+]([O-])=O)(CO[N+]([O-])=O)CO[N+]([O-])=O,-3.8664
3797,CCC(C)(CC)OC(N)=O,-1.5599
3798,Cc1ccc(O[P](=O)(Oc2ccc(C)cc2)Oc3ccc(C)cc3)cc1,-6.0892
3799,CCCC(C)(COC(N)=O)COC(=O)NC(C)C,-2.9384
3800,CCCCO[P](=O)(CCCC)OCCCC,-2.6995
3801,CO[P](=S)(OC)SCc1nc(N)nc(N)n1,-3.069
3802,CC(C)=CCCC(C)(O)C=C,-1.9871
3803,BrCC(Br)Br,-2.7272
3804,CC(Br)CBr,-2.1498
3805,CC(C)CN,1.1359
3806,ClCC(Cl)=C,-1.7128
3807,CC(=O)CCl,-0.012
3808,CC(O)CN,1.1243
3809,CCC(Cl)Cl,-1.6217
3810,OC(=O)CBr,1.1002
3811,CC(=O)OO,1.1189
3812,OC(=O)C(Cl)Cl,0.8896
3813,CC(C)(CO)C(O)C(=O)NCCC(O)=O,0.6591
3814,CC1(C)OC(=O)C[C@@H]1C([O-])=O,-1.2449
3815,CC(C)c1sc(N[S](=O)(=O)c2ccc(N)cc2)nn1,-3.4141
3816,CC(C)(OOC(C)(C)c1ccccc1)c2ccccc2,-5.7692
3817,CCC(C)(C)c1ccc(O)cc1,-2.9902
3818,CC(=O)C1CC[C@H]2[C@@H]3CCC4=CC(=O)CC[C@]4(C)[C@H]3[C@H](O)C[C@]12C,-3.8202
3819,CN1C(c2ccc(Cl)cc2)[S](=O)(=O)CCC1=O,-2.0394
3820,CC(=O)c1c(C)c(c(c(c1C)[N+]([O-])=O)C(C)(C)C)[N+]([O-])=O,-5.1901
3821,C[C@H](CCC(O)=O)[C@H]1CC[C@H]2[C@@H]3[C@H](O)C[C@@H]4C[C@H](O)CC[C@]4(C)[C@H]3C[C@H](O)[C@]12C,-3.3682
3822,Oc1cc(O)c2C(=O)c3ccccc3C(=O)c2c1O,-4.6024
3823,CC(=O)CC(c1ccc(Cl)cc1)C2=C(O)Oc3ccccc3C2=O,-5.836
3824,Oc1ccc(cc1)C(c2ccc(O)cc2)c3ccccc3C(O)=O,-3.2626
3825,Cc1ccc2C(=O)c3ccccc3C(=O)c2c1N,-5.8541
3826,O[S](=O)(=O)c1cccc2C(=O)c3cccc(c3C(=O)c12)[S](O)(=O)=O,1.2572
3827,CN1CCN(CC1)C(c2ccccc2)c3ccccc3,-2.4255
3828,CC(C)(C)C(=O)C1C(=O)c2ccccc2C1=O,-4.107
3829,C[C@H]1C[C@H]2[C@@H]3CC[C@](O)(C(=O)CO)[C@@]3(C)C[C@H](O)[C@@H]2[C@@]4(C)C=CC(=O)C=C14,-3.4942
3830,C[C@H](CCC(O)=O)[C@H]1CC[C@H]2[C@@H]3CC[C@@H]4C[C@H](O)CC[C@]4(C)[C@H]3C[C@H](O)[C@]12C,-3.9544
3831,CN1C=CC(=O)c2ccccc12,-0.9818
3832,COc1cc2OC[C@H]3Oc4c5C[C@@H](Oc5ccc4C(=O)[C@H]3c2cc1OC)C(C)=C,-6.2949
3833,O[P](O)(=O)O[C@H]1[C@H](O[P](O)(O)=O)[C@@H](O[P](O)(O)=O)[C@H](O[P](O)(O)=O)[C@@H](O[P](O)(O)=O)[C@H]1O[P](O)(O)=O,0.1804
3834,Cc1cc2N=C3C(=O)NC(=O)N=C3N(CC(O)C(O)C(O)CO)c2cc1C,-3.6478
3835,c1ccc(cc1)c2ccccc2c3ccccc3,-5.2692
3836,COc1ccc2nccc(C(=O)C3CC4CCN3CC4C=C)c2c1,-5.0313
3837,Oc1ccc2C(=O)c3cc(O)ccc3C(=O)c2c1,-5.8892
3838,O=C(Oc1ccccc1)c2ccccc2C(=O)Oc3ccccc3,-6.5891
3839,CCCCCCCCCCOC(=O)c1ccccc1C(=O)OCCCCCCCCCC,-9.3076
3840,COc1c2C=CC(=O)Oc2cc3OC(C)(C)C=Cc13,-3.81
3841,CN1C(=O)N(C)c2nc(Cl)[nH]c2C1=O,-1.5075
3842,OC(=O)c1ccccc1C(=O)c2ccc(Cl)cc2,-2.7171
3843,Cc1cccc(NC(=O)c2ccccc2C(O)=O)c1,-2.407
3844,Nc1ccc(c2cc(ccc12)[S](O)(=O)=O)[S](O)(=O)=O,-0.2592
3845,Nc1ccc(c2ccc(cc12)[S](O)(=O)=O)[S](O)(=O)=O,-1.643
3846,N#CC(c1ccccc1)c2ccccc2,-2.9437
3847,OC(=O)c1cccc2cccnc12,-1.7447
3848,COc1cc(C=O)cc(OC)c1OC,-2.1195
3849,CC(C)CCOC(=O)c1ccccc1O,-3.1572
3850,OCCOC(=O)c1ccccc1O,-1.1567
3851,CC(=O)N[C@@H](Cc1c[nH]c2ccccc12)C([O-])=O,-2.3122
3852,Clc1ncnc2nc[nH]c12,-1.4901
3853,CN(C)C(=O)Oc1cc(C)nn1c2ccccc2,-2.0886
3854,Cc1cccc(Cl)c1O,-0.7739
3855,Oc1cccc(O)c1O,0.6043
3856,Brc1c(Br)c(Br)c(Br)c(Br)c1Br,-9.5374
3857,ClN1C(=O)N(Cl)C(=O)N(Cl)C1=O,-1.2871
3858,Oc1c(Cl)cc(Cl)cc1Cl,-2.3924
3859,CC(=O)c1sccc1,-0.9549
3860,Oc1ccc(c(c1)C(F)(F)F)[N+]([O-])=O,-1.6172
3861,CCC(C)c1cc(cc(c1O)[N+]([O-])=O)[N+]([O-])=O,-3.6646
3862,NC(=O)c1ccccc1C(N)=O,-2.4371
3863,OC(=O)Cc1ccccc1C(O)=O,-1.0515
3864,Nc1ccc(Cl)cc1[N+]([O-])=O,-2.5380000000000003
3865,Oc1ccc(Cl)cc1[N+]([O-])=O,-3.0902
3866,OCC(O)C(O)C1OC(=O)C(O)C1O,0.3348
3867,CC(C)c1cc(Cl)c(C)cc1O,-2.2664
3868,Brc1cccc2ccccc12,-4.3468
3869,C1CCN2C[C@@H]3C[C@@H](CN4CCCC[C@H]34)[C@@H]2C1,-1.8871
3870,COC(=CC(O)=O)C(=O)C(C)=C,-0.9299
3871,OCC1OC(=O)C(O)C(O)C1O,0.5201
3872,CN(C)c1ccc(cc1)C(=O)c2ccc(cc2)N(C)C,-2.8267
3873,c1ccc2nccnc2c1,0.7051
3874,Nc1ccc2ccccc2c1,-2.8795
3875,CN(C)CCN(Cc1sccc1)c2ccccn2,-2.6383
3876,Oc1ccc(cc1O)c2ccccc2,-2.0659
3877,c1ccc(cc1)c2cccc(c2)c3ccccc3,-5.183
3878,[Cl-].CN(C)c1ccc2nc3cc(C)c(N)cc3[s+]c2c1,-0.9034
3879,Oc1cc2ccccc2cc1O,-2.7377
3880,CCN(CCO)c1ccccc1,-1.9171
3881,Nc1ccc2cc3ccc(N)cc3nc2c1,0.3783
3882,CC(=O)c1ccc(cc1)c2ccccc2,-3.3104
3883,[O-][N+](=O)c1ccc(cc1)c2ccccc2,-5.2094
3884,COc1ccc(OC)c(C=O)c1,-2.3202
3885,OC(=O)c1ccc2ccccc2n1,-1.0911
3886,Cc1ccc2ccc(C)nc2c1,-1.9424
3887,ClCC(=O)N(CC=C)CC=C,-0.9452
3888,OC(=O)CCCOc1cc(Cl)c(Cl)cc1Cl,-3.8294
3889,CC(=O)CC(=O)c1ccccc1,-2.6268
3890,O=C(OC(=O)c1ccccc1)c2ccccc2,-4.3546
3891,CC(C)OC(=O)COc1ccc(Cl)cc1Cl,-3.848
3892,CC(C)COC(=O)c1ccc(N)cc1,-2.9437
3893,CCOc1ccc(cc1)C(=O)OCCN(CC)CC,-2.7145
3894,[I-].CN1C=CC=C\C1=C/[NH+]=O,-0.7405
3895,CCCCOC(=O)COc1ccc(Cl)cc1Cl,-3.78
3896,Cc1cc(Cl)ccc1OCCCC(O)=O,-3.678
3897,Clc1ccc(OCCOC(=O)c2ccccc2)c(Cl)c1,-3.8118
3898,CCCC(O)C(CC)CO,-0.5418
3899,CCC(CC)C(=O)OCCOCCOCCOC(=O)C(CC)CC,-3.2386
3900,C\C(NO)=C(/C)N=O,-2.2868
3901,Cc1ccc(N)cc1C,-1.5036
3902,Oc1ccc(Cl)c(Cl)c1,-1.2458
3903,CCOC(=O)C(=O)OCC,-0.6085
3904,OCC(Br)CBr,-0.6222
3905,ClCC(Cl)CCl,-1.9255
3906,CCC(N)CO,1.0499
3907,OCC(O)CCl,0.9565
3908,CC\C(C)=N\O,0.0599
3909,CC1CCCO1,0.2069
3910,CC(O[P](C)(F)=O)C(C)(C)C,-0.9383
3911,CC(C)N(CCO)C(C)C,-1.0829
3912,CC(C)[C@H](NC(C)=O)C(O)=O,-0.3599
3913,Oc1c(Cl)cc(Cl)cc1Sc2cc(Cl)cc(Cl)c2O,-4.9495
3914,CCCC(C)C(O)=O,-0.889
3915,CCOC(=O)C(C)O,0.9276
3916,CC(C)COC(=O)C(C)C,-2.1590000000000003
3917,OCc1occc1,1.0083
3918,CC(C)(C)c1ccc(O)c(O)c1,-1.9197
3919,CC1=CC[C@@H](CC1)C(C)(C)O,-2.337
3920,Cl[S](=O)(=O)c1ccc(I)cc1,-4.2686
3921,CC(O)c1ccccc1,-1.7969
3922,ClC(Cl)c1ccccc1,-2.809
3923,OC(=O)c1ccccn1,0.892
3924,OCc1ccccc1O[C@@H]2O[C@H](COC(=O)c3ccccc3)[C@@H](O)[C@H](O)[C@H]2O,-2.8925
3925,COC(=O)c1cc(O)c(O)c(O)c1,-1.2399
3926,Nc1c(Cl)cc(cc1Cl)[N+]([O-])=O,-4.4709
3927,OC(=O)C1=CC(=O)C=C(O1)C(O)=O,-1.1097
3928,CC(=C)C1CC=C(C)C(=O)C1,-2.0628
3929,CCC(C)c1ccc(O)cc1,-2.1945
3930,CC(C)C1=CCC(=CC1)C,-4.1958
3931,OC(=O)c1ccc(cc1)C(O)=O,-4.0444
3932,CCN(CC)CCO,0.9311
3933,N#Cc1ccncc1,-0.4154
3934,N#Cc1cccnc1,0.1128
3935,OCC1CCCCO1,0.9349
3936,CCN1CCOCC1,0.9386
3937,CC(Oc1cccc(Cl)c1)C(O)=O,-2.2232
3938,CN1[C@@H]2CC[C@H]1CC(C2)OC(=O)[C@H](CO)c3ccccc3,-1.91
3939,Oc1ccc(Cc2ccccc2)cc1,-3.4009
3940,O=C(Nc1ccccc1)Nc2ccccc2,-3.1508
3941,CCc1cc(CC)cc(CC)c1,-7.0641
3942,CCN(CC)CN(CC)CC,-0.1995
3943,CC(O)CN(CCN(CC(C)O)CC(C)O)CC(C)O,0.534
3944,C=CCN(CC=C)CC=C,-1.7395
3945,CCCCN(CCCC)CCCC,-3.1157
3946,BrCCc1ccccc1,-3.6757
3947,CNCc1ccccc1,0.9166
3948,CC(=O)Nc1ccc(C)cc1,-2.0946
3949,CC(=O)Nc1ccc(cc1)/C=N/NC(N)=S,-3.429
3950,Cc1ccc(cc1)[S](O)(=O)=O,0.5564
3951,CCOCCOC(=O)/C=C/c1ccc(OC)cc1,-2.6995
3952,OCC(O)COc1ccc(Cl)cc1,-1.3067
3953,CCCCCCCCCCc1ccccc1,-7.959
3954,OCC1CCC(CO)O1,0.8789
3955,CCCC(O)C#C,-0.4121
3956,CCOC(=O)CCl,-0.8005
3957,COC(=O)CC(C)=O,0.6341
3958,CCC(C)OC(C)=O,-1.2727
3959,CCCC(=O)OCCOC(=O)CCC,-2.6069
3960,COCCOC(=O)CCCCC(=O)OCCOC,-1.2665
3961,CCCCCCC(=O)OCC,-2.7369
3962,CCCCCCCC(=O)OCC,-3.3907
3963,Oc1ccc(O)cc1.O=C2C=CC(=O)C=C2,-1.7305
3964,CCCCC(=O)CC,-1.4242
3965,O=C1CNC(=O)CN1,-0.8312
3966,CC(O)COC(C)CO,0.8723
3967,CCCCCC(=O)CC,-1.693
3968,COC(=O)CCCCCCCCC(=O)OC,-3.2831
3969,BrCC#C,-0.9022
3970,CCC#C,-1.2753
3971,CCCS,-1.6021
3972,ClCCBr,-1.3177
3973,ClCC=C,-1.3562
3974,NCC=C,1.2434
3975,NCCN,1.2211
3976,OCC=C,1.236
3977,OCCO,1.2071
3978,O=CC=O,1.2363
3979,NCC[S](O)(=O)=O,-0.1906
3980,OCC[S](O)(=O)=O,0.8992
3981,CC(O)CC(C)(C)O,0.9275
3982,CC(C)O[P](C)(F)=O,0.8536
3983,CCO[P](=O)(OCC)O[P](=O)(OCC)OCC,0.5373
3984,C[Si](C)(C)O[Si](C)(C)O[Si](C)(C)C,-6.8424
3985,NC(=O)OCC(Cl)(Cl)Cl,-1.2843
3986,COC(C)(C)CC(C)=O,0.3326
3987,CC(C)CCBr,-2.886
3988,CC(O)CCO,1.0452
3989,CC(O)CC=O,1.055
3990,NC(=O)CC#N,0.1893
3991,CCCC(O)=O,-0.1669
3992,CNCC(O)=O,0.5273
3993,CN(C)CCO,1.0499
3994,CC(C)CC(C)C,-4.2605
3995,CC(C)CC(C)O,-0.7945
3996,CC(=O)OC(C)=O,0.0702
3997,C=C1OC(=O)C=C1,-0.9827
3998,CCO[P](=O)(OCC)Oc1cc(C)[nH]n1,-2.3696
3999,Cc1cccc(Cl)c1,-3.5228
4000,CC1OC(C)OC(C)OC(C)O1,-2.8997
4001,CCOC(=O)CC(C)C,-1.8135
4002,Cc1cc(C)nc(C)c1,-0.5394
4003,CC(C)CC(C)OC(C)=O,-2.0451
4004,Cc1ccncc1,1.0309
4005,Sc1ccccc1,-2.1204
4006,Cc1cccnc1,1.0309
4007,CN1CCOCC1,0.995
4008,CC1CNCCN1,0.6378
4009,Cc1cnccn1,1.0263
4010,CCCCOC(=O)CCCCCCCCC(=O)OCCCC,-3.8955
4011,CCOCCOC(=O)CCCCC(=O)OCCOCC,-2.065
4012,CCC#CC(C)O,-0.4121
4013,CC(C)COC=C,-1.5236
4014,BrCCCBr,-2.0747
4015,CC\C=C/C,-2.5384
4016,CCCCN,1.1359
4017,OCCC#N,1.1483
4018,CCCCS,-2.1792
4019,NNCCO,1.1186
4020,COCCO,1.1186
4021,CC(C)COC(C)=O,-1.2657
4022,CC(C)=NNC(N)=O,-0.2674
4023,CCCCCCCCCC(=O)OCC,-4.1006
4024,CCOC(=O)CCCCCCCCC(=O)OCC,-3.5091
4025,CC(C)CCOC=O,-1.5206
4026,COCCOC(C)=O,0.9276
4027,ClCCCCCl,-0.92
4028,ClC/C=C/CCl,-2.1675
4029,CCCCCN,1.0597
4030,CCCCCS,-2.8248
4031,ClCCOC=C,-2.3951
4032,CCOCCO,1.0452
4033,C1CNCCN1,1.0648
4034,C1COCCN1,1.0599
4035,CC[C@H](C)[NH2+][C@H](C)CC,-1.769
4036,OC(=O)COCC(O)=O,0.4927
4037,CCCCCCC(O)=O,-1.6646
4038,CCOCCOC(C)=O,0.2716
4039,OC(=O)CCCCCCCCC(O)=O,-2.3059
4040,[O-][N+](=O)OCCOCCOCCO[N+]([O-])=O,-1.561
4041,NCCNCCN,0.9864
4042,COCCOCCO,0.9203
4043,CCCCCCCCC,-5.7657
4044,CCOCCOCCO,0.8723
4045,ClCCOCOCCCl,-1.3461
4046,CCCCOCCOC(C)=O,-1.2504
4047,ClCCOCCOCCCl,-0.9955
4048,CCCCOCCOCCO,0.7899
4049,COCCOCCOCCO,0.7846
4050,CCOCCOCCOCC,0.7899
4051,CCOCCOCCOCCO,0.7490000000000001
4052,CCCCCCOCCOCCO,-1.0490000000000002
4053,CCCCCCCCCCCCCCCCCCCC,-8.1724
4054,CNC(=O)Oc1ccccc1OC(C)C,-2.0512
4055,CN(C)[P](F)(=O)N(C)C,0.8121
4056,OC(=O)C1C(C(O)=O)C2(Cl)C(=C(Cl)C1(Cl)C2(Cl)Cl)Cl,-2.0457
4057,CC(N)(CO)CO,0.9782
4058,CCC(CC)(CO)CO,0.1798
4059,CCCCCCCCO[P](=O)(Oc1ccccc1)Oc2ccccc2,-6.4131
4060,CO[P](=O)(Oc1ccccc1)Oc2ccccc2,-2.1209
4061,ClCCO[P](=O)(OCCCl)OCCCl,-1.6105
4062,CCNC(=O)CS[P](=S)(OC)OC,-1.4567
4063,CNC(=O)O\N=C\C(C)(C)SC,-1.4991
4064,CC(=O)CO,1.1303
4065,COC(C)=C,1.142
4066,FC(F)=C(F)F,-2.8001
4067,CC1(C)N(CO)C(=O)NC1=O,0.8009
4068,Clc1ccc(cc1)[S](=O)(=O)c2cc(Cl)c(Cl)cc2Cl,-6.6594
4069,Nc1ccc(O)c2C(=O)c3ccccc3C(=O)c12,-3.824
4070,O[S](=O)(=O)c1cccc2C(=O)c3c(cccc3[S](O)(=O)=O)C(=O)c12,0.2572
4071,Nc1ccc2C(=O)c3ccccc3C(=O)c2c1,-6.1366
4072,COCCOC(=O)c1ccccc1C(=O)OCCOC,-1.5213
4073,CCCCCCCCOC(=O)c1ccccc1C(=O)OCCCCCCCC,-7.2493
4074,COc1ccc2C(OC(=O)c2c1OC)C3N(C)CCc4cc5OCOc5cc34,-4.1065
4075,CCNc1cccc2ccccc12,-3.1922
4076,CC1(C)N(Cl)C(=O)N(Cl)C1=O,-2.5955
4077,[O-][N+](=O)c1ccc(Cl)cc1C(F)(F)F,-3.3533
4078,CCO[P](=S)(OCC)OC1=NN(C(=O)C=C1)c2ccccc2,-3.5319
4079,Oc1ccc(Nc2ccc(cc2[N+]([O-])=O)[N+]([O-])=O)cc1,-5.444
4080,Oc1cc(cc2ccc(Nc3ccccc3)cc12)[S](O)(=O)=O,-1.9763
4081,CC(C)n1nc(C)cc1OC(=O)N(C)C,0.6752
4082,Cc1cc(Cc2cc(C)cc(c2O)C(C)(C)C)c(O)c(c1)C(C)(C)C,-7.2311
4083,CCCCN(CCN(CCCC)C(=O)N1CCOCC1)C(=O)N2CCOCC2,0.0985
4084,OC(c1ccccc1)c2ccc(Cl)cc2,-3.4886
4085,CNc1ccccc1C(O)=O,-2.8784
4086,Cc1cc(ccc1N)c2ccc(N)c(C)c2,-2.213
4087,COc1ccc(C=O)cc1OC,-1.4199
4088,CCOc1ccc(C=O)cc1OC,-2.1913
4089,Oc1ccc(Cl)cc1Cc2ccccc2,-3.1666
4090,[nH]1cnc2ncncc12,0.6194
4091,S(Sc1sc2ccccc2n1)c3sc4ccccc4n3,-4.5218
4092,CC(C)=C[C@@H]1[C@@H](C(=O)O[C@H]2CC(=O)C(=C2C)C\C=C/C=C)C1(C)C,-6.2155
4093,COC(=O)C(/C)=C/[C@@H]1[C@@H](C(=O)O[C@H]2CC(=O)C(=C2C)C\C=C/C=C)C1(C)C,-4.6168
4094,CCCOC(=O)c1cc(O)c(O)c(O)c1,-1.7827
4095,[O-][N+](=O)N1CN(CN(C1)[N+]([O-])=O)[N+]([O-])=O,-3.5706
4096,CN(C)C(=O)OC1=CC(=O)CC(C)(C)C1,-0.8477
4097,N(Nc1ccccc1)c2ccccc2,-2.9210000000000003
4098,OCCNc1ccccc1,-0.4745
4099,OC(=O)CCC(=O)OOC(=O)CCC(O)=O,-0.8471
4100,CCCCCCCCC(=O)OCC,-3.8007
4101,CC(C)=CCCC(=C)C=C,-4.3861
4102,CC(=O)CC(C)(C)O,0.9349
4103,CCCCCCCCOC(=O)CCCCC(=O)OCCCCCCCC,-5.6768
4104,CC(O)CNCCN,0.9275
4105,CC(C)CCOC(C)=O,-1.8135
4106,OC(=O)CSCC(O)=O,0.4255
4107,CCCCCCCC=O,-2.3598
4108,CCCCOCCOCCOC(C)=O,-0.8188
4109,CCCCCCCCCC,-6.4372
4110,CCCCCCCCCCCCN,-3.3759
4111,C[As](O)(O)=O,0.2622
4112,[Cl-].OC[P+](CO)(CO)CO,0.322
4113,CC(C)(N)CO,1.0499
4114,FC(F)(Br)C(F)(F)Br,-4.9376
4115,CC1(C)[C@H](CC[C@@]1(C)C([O-])=O)C([O-])=O,-1.4207
4116,CC(=C)[C@@H]1C2OC(=O)C1[C@]3(O)CC4O[C@]45C(=O)O[C@H]2[C@]35C.CC(C)(O)[C@@H]6C7OC(=O)C6[C@]8(O)C[C@H]9O[C@]9%10C(=O)O[C@H]7[C@]8%10C,-2.1672
4117,CC(=O)OC[C@H]1O[C@H](O[C@]2(COC(C)=O)O[C@H](COC(C)=O)[C@@H](OC(C)=O)[C@@H]2OC(C)=O)[C@H](OC(C)=O)[C@@H](OC(C)=O)[C@@H]1OC(C)=O,-2.8726
4118,NC(=O)OC1(CCCCC1)C#C,-1.8253
4119,OCC(CO)(CO)COCC(CO)(CO)CO,-1.9582
4120,BrCC(Br)CO[P](=O)(OCC(Br)CBr)OCC(Br)CBr,-4.9405
4121,CCO[P](=O)(OCC)SCCSCC,-2.1112
4122,CC1(C)CC(=O)CC(=O)C1,-1.5276
4123,CCCC1OC1(CC)C(N)=O,-1.1745
4124,NC(=O)NO,1.1189
4125,CC(=O)C(O)=O,1.0552
4126,CN1C(=O)OC(C)(C)C1=O,-0.4568
4127,Nc1ccc(cc1)[S](=O)(=O)NC(=O)c2ccccc2,-2.9501
4128,[Ag+].CC([O-])C(O)=O,-0.4702
4129,BrN1C(=O)CCC1=O,-1.0831
4130,ClN1C(=O)CCC1=O,-0.9702
4131,C[C@H](CCC(O)=O)[C@H]1CC[C@H]2[C@@H]3[C@@H](O)C[C@@H]4C[C@H](O)CC[C@]4(C)[C@H]3CC[C@]12C,-4.2929
4132,COc1ccc2[C@H](OC(=O)c2c1OC)[C@@H]3N(C)CCc4cc5OCOc5c(OC)c34,-3.1393
4133,Oc1cccc2C(=O)c3ccccc3C(=O)c12,-4.4213
4134,OC(=O)c1c(cc(cc1[N+]([O-])=O)[N+]([O-])=O)[N+]([O-])=O,-1.0977
4135,Oc1ccc(Cl)c2cccnc12,-3.9756
4136,Oc1c(cc(cc1[N+]([O-])=O)[N+]([O-])=O)C2CCCCC2,-4.2492
4137,OC(=O)c1cc(nc2ccccc12)c3ccccc3,-3.1926
4138,OC(=O)c1ccccc1C(=O)Nc2cccc3ccccc23,-3.1633
4139,Oc1cc(O)c2ccccc2c1,-1.9493
4140,ClC(Cl)(Cl)SN1C(=O)C2CC=CCC2C1=O,-4.7704
4141,ClC(Cl)(Cl)SN1C(=O)c2ccccc2C1=O,-5.569
4142,OC(=O)CCCc1c[nH]c2ccccc12,-2.9101
4143,Cc1cc(O)c(Cl)c(C)c1Cl,-2.9801
4144,OC(=O)c1cc(I)cc(I)c1O,-3.307
4145,CC(=O)Oc1ccccc1C(=O)Oc2ccccc2,-4.1077
4146,Nc1ccc(cc1)c2ccc(Cl)cc2,-4.6383
4147,N(N=Nc1ccccc1)c2ccccc2,-2.596
4148,CCOc1ccc(cc1N)[N+]([O-])=O,-3.2113
4149,Cc1cc(C)c(N)cc1C,-1.9549
4150,[H+].[Cl-].NC(CCC(O)=O)C(O)=O,0.3159
4151,CCCCOC(=O)C(C)O,-0.5629
4152,NNc1cccc(c1)[S](O)(=O)=O,-0.8275
4153,NCc1ccc(cc1)[S](N)(=O)=O,0.321
4154,OC[C@H]1O[C@@H](Oc2ccccc2CO)[C@H](O)[C@@H](O)[C@@H]1O,-0.8547
4155,OC(=O)CN(CC(O)=O)CC(O)=O,-0.5101
4156,Oc1ccc(C=O)cc1O,-1.3402
4157,NC(Cc1sccc1)C(O)=O,-0.8356
4158,CC[NH+](CCO)CCO,0.8755
4159,[O-][N+](=O)c1oc(cc1)/C=N/N2CC(CN3CCOCC3)OC2=O,-2.6359
4160,CCNC(=O)Nc1sc(cn1)[N+]([O-])=O,-2.8578
4161,C(CNCc1ccccc1)NCc2ccccc2,-1.7865
4162,[Na+].CN(C)c1ccc(cc1)N=N[S]([O-])(=O)=O,-1.0991
4163,COc1ccc(CC=C)cc1,-2.9209
4164,OC(=O)CCC1CCCC1,-1.7691
4165,CCCCOC(=O)CCC(=O)OCCCC,-3.0006
4166,CCOC(=O)\C=C/C(=O)OCC,-1.0899
4167,CCOC(=O)CCCCC(=O)OCC,-1.6795
4168,C[Si](C)(C)O[Si](C)(C)O[Si](C)(C)O[Si](C)(C)C,-7.6637
4169,CO[P](=O)(OC)OC(/C)=C/C(=O)N(C)C,0.6249
4170,OC(=O)CCI,-0.43
4171,OC(=O)CC(O)=O,0.8652
4172,O=C1CSC(=S)N1,-1.7723
4173,O=C1NC(=S)NC=C1,-2.2573
4174,O=C1NC=CC=C1,1.0218
4175,CC(=O)NCCO,0.9867
4176,NC(=S)NNC(N)=S,-1.7965
4177,[Na+].[Na+].[S-]C(=S)NCCNC([S-])=S,-0.1078
4178,[H+].[H+].[Cl-].[Cl-].C1CNCCN1,0.4112
4179,CCCCCCOC(C)=O,-2.451
4180,CCCCCCNCCCCCC,-3.1574
4181,CCCCOCCOCCOCCO,0.6855
4182,ClC1(Cl)C2(Cl)C3(Cl)C4(Cl)C(=O)C5(Cl)C3(Cl)C1(Cl)C5(Cl)C24Cl,-5.2594
4183,[Na+].CCC(C)C1(CC)C(=O)NC(=O)[N-]C1=O,0.1528
4184,OC(=O)CC1(CC(O)=O)OCOC1=O,-0.611
4185,[Na+].[Na+].C[As]([O-])([O-])=O,0.3711
4186,OC(=O)CF,1.1077
4187,CC(O)C(N)C(O)=O,0.067
4188,O[C@@H]([C@H](O)C(O)=O)C(O)=O,0.8236
4189,Cc1c(cc(cc1[N+]([O-])=O)[N+]([O-])=O)C(N)=O,-2.3525
4190,N[S](=O)(=O)c1cc2c(NC=N[S]2(=O)=O)cc1C(F)(F)F,-0.8186
4191,[nH]1c2ccccc2nc1c3cscn3,-3.6048
4192,O[S](=O)(=O)OCCOc1ccc(Cl)cc1Cl,-0.0601
4193,OC(=O)c1cc(O)c(O)c(O)c1,-1.1552
4194,CCOc1ccc(NC(N)=O)cc1,-2.173
4195,[Na+].[Na+].[O-]C(=O)CCC([O-])=O,0.0914
4196,[K+].[C-]#N,1.0436
4197,CN(C)[P](=O)(O[P](=O)(N(C)C)N(C)C)N(C)C,0.5433
4198,NC1=NC(=O)C(=C(N)N1)O[C@@H]2O[C@H](CO)[C@@H](O)[C@H](O)[C@H]2O,-1.4832
4199,ClCCNC(=O)N(CCCl)N=O,-1.7285
4200,C1COC2(C1)CCCO2,-0.1078
4201,c1ccc2c(c1)c3ccc4ccc5cccc6cc2c3c4c56,-9.1627
4202,[nH]1c2ccc3ccccc3c2c4c1ccc5ccccc45,-6.6277
4203,c1ccc2c(c1)ccc3ccc4ccccc4c23,-7.8207
4204,c1ccc2c(c1)ccc3c2cc4cccc5c6ccccc6c3c45,-8.4806
4205,C1c2cccc3ccc4cccc1c4c23,-5.2379
4206,c1ccc2c(c1)ccc3c4cccc5cccc(c45)c23,-8.004
4207,c1ccc2c(c1)cc3c4ccccc4c5cccc2c35,-8.2259
4208,c1ccc2cc3c4cccc5cccc(c3cc2c1)c45,-8.4989
4209,N1c2c(Sc3ccc4ccccc4c13)ccc5ccccc25,-7.9081
4210,N1c2ccc3ccccc3c2Sc4c1ccc5ccccc45,-6.8786
4211,N1c2ccccc2Sc3ccc4ccccc4c13,-5.8957
4212,N1c2ccccc2Sc3c1ccc4ccccc34,-6.5727
4213,c1ccc2c(c1)ccc3nc4c(ccc5ccccc45)cc23,-6.2447
4214,c1ccc2c(c1)cnc3ccccc23,-2.7763
4215,[nH]1nc2cncnc2n1,-0.2319
4216,C1CN2CCN1CC2,0.6033
4217,o1cccn1,0.3827
4218,c1ccnnc1,1.0964
4219,c1cncnc1,1.0964
4220,C1CCCCCC1,-3.5149
4221,CCO[P](=S)(OCC)Oc1cnccn1,-2.338
4222,CCN(CC)C(=O)/C(Cl)=C(/C)O[P](=O)(OC)OC,0.5233
4223,CCO[P](=S)(OCC)OCCSCC,-3.634
4224,C1OC1C2CO2,1.065
4225,N[C@@H](Cc1cc(Br)c(O)c(Br)c1)C(O)=O,-1.9281
4226,CC[S](=O)CCS[P](=O)(OC)OC,0.6086
4227,NN,1.4942
4228,CCN1C[C@]2(COC)[C@H](O)C[C@H](OC)[C@@]34[C@@H]5C[C@]6(O)[C@@H](OC)[C@H](O)[C@](OC(C)=O)([C@@H]([C@H](OC)[C@H]23)C14)[C@H]5[C@H]6OC(=O)c7ccccc7,-3.3187
4229,CCC(C)(OC(N)=O)C#C,-0.9456
4230,[Na+].[K+].O[C@H]([C@@H](O)C([O-])=O)C([O-])=O,0.3984
4231,FC(F)(F)C(Cl)Cl,-1.8623
4232,CCO[P](=O)(OCC)O\C=C\Cl,-1.3316
4233,CCC(C)N1C(=O)NC(=C(Br)C1=O)C,-2.5057
4234,CC(C)N1C(=O)NC(=C(Br)C1=O)C,-2.0604
4235,CNC(=O)Oc1cc(C)c(N(C)C)c(C)c1,-3.3469
4236,CCC(C)C(N)C(O)=O,-0.5033
4237,OC(=O)c1cc(Cl)ccc1O,-1.237
4238,Fc1cccc2ccccc12,-3.4527
4239,CC(=O)Nc1ccc(F)cc1C,-1.3593
4240,CC(=O)Nc1ccc(C)cc1F,-1.7403
4241,Fc1cc(F)c(F)cc1F,-2.3757
4242,CCCC[C@H](N)C(O)=O,-1.0387
4243,O[C@@H]1C[C@](O)(C[C@@H](OC(=O)\C=C\c2ccc(O)c(O)c2)[C@@H]1O)C(O)=O,-0.9473
4244,CC(C)CC(N)C(O)=O,-1.0456
4245,C[P](F)(=O)OC1CCCCC1,-1.6875
4246,Fc1ccccc1CCl,-2.541
4247,Fc1ccccc1Cl,-2.4157
4248,Fc1ccc(I)cc1,-3.1257
4249,CCF,-1.3477
4250,Cn1cncc1C[C@H](N)C(O)=O,0.0727
4251,F[P-](F)(F)(F)(F)F.N#[N+]c1ccccc1,-1.4438
4252,OCCF,1.1934
4253,CC(C)N[P](F)(=O)NC(C)C,-0.3574
4254,CC(O)C(F)(F)F,0.3094
4255,FC(F)(F)C(F)(Cl)Cl,-3.0961
4256,OC(=O)C(F)F,1.0176
4257,C[C@]12CC(=O)[C@H]3[C@@H](CCC4=CC(=O)CC[C@]34C)[C@@H]1CCC2=O,-3.4843
4258,CCCc1cc(F)ccc1O,-1.887
4259,NC(=O)N(CCO)/N=C/c1oc(cc1)[N+]([O-])=O,-2.6852
4260,OC(=O)c1ccccc1C(F)(F)F,-1.5978
4261,C[C@]12CCC(=O)C=C1CC[C@@H]3[C@@H]2CC[C@@]4(C)[C@H]3CC[C@@]4(O)C#C,-5.6576
4262,C[C@H](CCC(O)=O)[C@H]1CC[C@H]2[C@@H]3CC[C@@H]4C[C@H](O)CC[C@]4(C)[C@H]3CC[C@]12C,-6.0
4263,C[C@]12CC[C@H]3[C@@H](CCC4=CC(=O)CC[C@H]34)[C@@H]1CC[C@@H]2O,-1.9484
4264,C[C@H]1C[C@H]2OC(=O)[C@@H](C)[C@H]2[C@H](O)C3=C(C)C(=O)C[C@H]13,-1.945
4265,CC(=O)NCc1c(I)c(NC(C)=O)c(I)c(C(O)=O)c1I,-2.3208
4266,CC[C@H](C)[C@@H](N)C(O)=O,-0.7875
4267,OC(=O)Cc1cc(O)ccc1O,0.7037
4268,Nc1ncc2[nH]cnc2n1,-1.21
4269,OC1CCOC1,1.055
4270,OC(=O)c1ccc(F)c(c1)[N+]([O-])=O,-1.5809
4271,Fc1cccc(CCl)c1,-2.5436
4272,CCC[C@H]1CCCCN1,-0.8493
4273,COCC(F)F,-0.2836
4274,NC(N)=NC#N,-0.3087
4275,Nc1cccnc1,1.0263
4276,NC(=O)NCC(O)=O,-0.5809
4277,NC(=O)NCCC(O)=O,-0.8014
4278,CC1(C)C2CCC1(C)[C@@H](O)C2,-2.319
4279,CC1(C)[C@H]2CC[C@@]1(C)C(=O)C2,-3.1825
4280,O[C@@]12CCO[C@@]1(Nc3ccccc23)[C@@H]4C[C@@H]5CCN4C[C@@H]5C=C,-2.6706
4281,CC[C@@]12CCCN3CC[C@@]4([C@@H](CC1)N(C(C)=O)c5c(OC)cccc45)[C@@H]23,-1.3269
4282,OC(=O)[C@@]1(O)c2ccccc2c3ccccc13,-1.9657
4283,CCC(=O)O[C@@](Cc1ccccc1)([C@H](C)CN(C)C)c2ccccc2,-5.0097
4284,ClCC[S](=O)(=O)CCCl,-1.5031
4285,CN=C(N)N,-1.6135
4286,Nc1ccc(cc1)[S](=O)(=O)c2sc(N)nc2,-2.805
4287,CC(=O)C1CC(CC(O)=O)C1(C)C,-0.5752
4288,C[C@H](CCC(O)=O)[C@H]1CC[C@H]2[C@@H]3[C@H](O)C[C@@H]4C[C@H](O)CC[C@]4(C)[C@H]3CC[C@]12C,-3.6402
4289,C[C@]12CC[C@H]3C(=CCc4cc(O)ccc34)[C@@H]1CCC2=O,-5.2795
4290,Oc1ccc2c(OCC3(O)CC4=CC(=O)C(=CC4=C23)O)c1O,-2.6994
4291,C[C@H](CCC(=O)NCC(O)=O)[C@H]1CC[C@H]2[C@@H]3[C@H](O)C[C@@H]4C[C@H](O)CC[C@]4(C)[C@H]3C[C@H](O)[C@]12C,-5.1495
4292,COc1cc(cc(OC)c1OC)[C@H]2[C@H]3[C@H](COC3=O)[C@@H](O)c4cc5OCOc5cc24,-3.6174
4293,[Cl-].Cc1cc2nc3c(C)c(N)ccc3[n+](c4ccccc4)c2cc1N,-0.8462
4294,C1Cc2c3ccc4ccccc4c3cc5cccc1c25,-7.8613
4295,CN(c1c(cc(cc1[N+]([O-])=O)[N+]([O-])=O)[N+]([O-])=O)[N+]([O-])=O,-3.5889
4296,OC[C@H]1O[C@@H](O[C@@H]2OC=C[C@H]3[C@H](O)C=C(CO)[C@@H]23)[C@H](O)[C@@H](O)[C@@H]1O,0.0119
4297,Cc1cc(C)c(c(C)c1)C(O)=O,-2.3566
4298,Cc1cc(O)c(C(O)=O)c(O)c1,-2.0496
4299,[O-][N+](=O)C1C(=O)NC(=O)NC1=O,-2.2840000000000003
4300,C[C@H]1[C@@H]2CC[C@@]3(C)C=CC(=O)C(=C3[C@H]2OC1=O)C,-3.0905
4301,C[C@]12CC[C@H](O)C[C@@H]1CC[C@@H]3[C@@H]2CC[C@@]4(C)[C@H]3CCC4=O,-4.1577
4302,CN1C2CCC1[C@H]([C@@H](O)C2)C(O)=O,-0.0173
4303,CN1C(=O)N(C)c2nncnc2C1=O,-1.9849
4304,COc1ccc2C=CC(=O)Oc2c1CC=C(C)C,-4.3087
4305,CCC(C)c1cc(cc(c1OC(=O)C=C(C)C)[N+]([O-])=O)[N+]([O-])=O,-5.5083
4306,CC1CCC2C(C)C(=O)OCC12,-1.9249
4307,O[C@H]1CCN2C(=O)c3ccccc3N=C12,-2.106
4308,CN1C[C@@H]2C[C@@H](C1)C3=CC=CC(=O)N3C2,0.6484
4309,O=C1NC(=O)c2nccnc2N1,-2.1183
4310,CC1=C(CCC(O)=O)C(=O)NC1=O,-0.6608
4311,O[C@@H]1C[C@@H](O)[C@H](O)C(O)[C@H]1O,-0.1739
4312,CC(C)c1ccc(C)c2ccc(C)c2c1,-5.4752
4313,COC(=O)c1ccccc1OC2OC(COC3OCC(O)C(O)C3O)C(O)C(O)C2O,-0.7418
4314,O=C1NC=Cc2ccccc12,-2.4842
4315,Cc1cc(O)c2c(O)c3c(O)cccc3cc2c1,-3.0585
4316,NC1=NC(=O)C2=C(N1)NC(=O)C(=O)N2,-5.1655
4317,OC(=O)C(=C)c1ccccc1,-2.0568
4318,C[C@H](N)[C@@H](O)c1ccccc1,-0.8786
4319,OC[C@H]1O[C@H](O)[C@H](O)[C@@H](O)[C@@H]1O,0.4433
4320,OC1=CC(=O)C[C@@H](C1)c2ccccc2,-2.5113
4321,C1CC[C@H](NC1)c2cccnc2,0.7898
4322,OCc1cc(O)ccc1O,0.8534
4323,O=Nc1ccc(NNC(=O)c2ccccc2)cc1,-4.6835
4324,O=C(NN\C=C/1C=CC=CC1=O)c2ccncc2,-3.6835
4325,C1Cc2ccccc2N1,-1.0427
4326,C\C=C(/C)C=O,-0.527
4327,CC1OCCO1,0.8789
4328,O=C1CC2CCC1C2,-1.7565
4329,OC(O)=C1OC(=CC(=O)C1=O)C(O)=O,-1.3769999999999998
4330,COc1cc(ccc1O)C(C)=O,-1.5216
4331,CCC[C@@H](N)C(O)=O,-0.0687
4332,C\C(=C\C(O)=O)C(O)=O,0.7795
4333,CC(C)c1ccc(C)c(O)c1,-2.0798
4334,CC1CC(CC(C)(C)N1)OC(=O)c2ccccc2,-1.922
4335,OC(=O)C(=O)Nc1ccccc1,-1.3019
4336,ClCCC(=O)NCc1ccccc1,-3.2959
4337,NC(=O)NC(=O)C=CC(O)=O,-1.9202
4338,CCOC(=S)SSC(=S)OCC,-4.9432
4339,C1COC1,1.236
4340,C\C=C/C(O)=O,1.065
4341,Nc1ccncc1,-0.0529
4342,Nc1ccccn1,0.9757
4343,C1CSCCS1,-1.6029
4344,OC(=O)CCCCCCC(O)=O,-1.1673
4345,ClCCSCCCl,-2.3666
4346,OC(=O)\C=C/C=C\C(O)=O,-2.8516
4347,IC#N,-0.6333
4348,CC(C)(C)Br,-2.3586
4349,CC1(C)C2CCC1(C)C(O)C2,-2.3202
4350,CC(C)(C)CC(=O)OCC(=O)C1(O)CCC2C3CCC4=CC(=O)CCC4(C)C3C(O)CC12C,-5.5111
4351,[O-][N+](=O)C([N+]([O-])=O)([N+]([O-])=O)[N+]([O-])=O,-2.3381
4352,CN1CC[C@]23[C@H]4Oc5c(OCCN6CCOCC6)ccc(C[C@@H]1C2C=C[C@@H]4O)c35,-1.2994
4353,CCC1(N2CCCCC2)C(=O)NC(=O)NC1=O,-2.1562
4354,C[C@@H]1CC[C@@]2(OC1)O[C@H]3C[C@H]4[C@@H]5CC=C6C[C@@H](O)CC[C@]6(C)[C@H]5CC[C@]4(C)[C@H]3[C@@H]2C,-7.3166
4355,OC[C@H]1O[C@H](OC[C@H]2O[C@H](O[C@]3(CO)O[C@H](CO)[C@@H](O)[C@@H]3O)[C@H](O)[C@@H](O)[C@@H]2O)[C@H](O)[C@@H](O)[C@H]1O,-0.3962
4356,CCCO[P](=O)(OCCC)OCCC,-1.5412
4357,CC(C)=CCl,-1.9569
4358,CC(=C)CO,0.4298
4359,CCC(C)S,-1.8346
4360,CC(=C)C(C)=C,-2.4014
4361,CC(O)C(C)=O,1.055
4362,CC(C)C1=CC2=CC[C@@H]3[C@](C)(CCC[C@@]3(C)C(O)=O)[C@H]2CC1,-3.7959
4363,CC12CC[C@H](O)CC1CCC3C4CCC(=O)C4(C)CC(O)C23,-3.5932
4364,CC(O)(C(O)=O)c1ccccc1,-0.8949
4365,CC(C(O)=O)C(O)=O,0.7597
4366,CC(C)C(N)C(O)=O,-0.1971
4367,COc1cc(cc(OC)c1OC)[C@H]2[C@@H]3[C@H](COC3=O)Cc4c(O)c5OCOc5cc24,-4.5035
4368,Oc1ccc2c(Oc3cc(O)ccc3C24OC(=O)c5ccccc45)c1,-3.8226
4369,COc1ccc(C=O)c(C(O)=O)c1OC,-1.9247
4370,CN(C)C(=O)C(=O)N(N(C)C(C)=O)c1ccccc1,-0.5345
4371,Oc1c(Br)cc(Br)c2cccnc12,-4.1938
4372,CCC1CN2CCC1CC2C(O)c3ccnc4ccc(OC)cc34,-3.0514
4373,O[S](=O)(=O)c1ccc2c(cccc2[S](O)(=O)=O)c1,0.5402
4374,CC(C)NCC(O)COc1cccc2ccccc12,-3.6202
4375,NC(Cc1[nH]nc2ccccc12)C(O)=O,-1.4091
4376,O[C@H]([C@H](O)[C@H](O)C(O)=O)[C@@H](O)C(O)=O,-0.3225
4377,[Na+].OCC(O)C(O)C(O)C(O)C([O-])=O,0.4321
4378,[Cu++].OC[C@@H](O)[C@@H](O)[C@H](O)[C@@H](O)C([O-])=O.OC[C@@H](O)[C@@H](O)[C@H](O)[C@@H](O)C([O-])=O,-0.1798
4379,OC(=O)c1sccc1,-1.2327
4380,CC(C)c1ccccc1C,-3.7606
4381,Oc1ccc(cc1C(=O)C(=O)c2cc(ccc2O)[N+]([O-])=O)[N+]([O-])=O,-3.5214
4382,CC(=O)c1ccc(O)c(O)c1O,-2.0216
4383,OC(=O)c1ccc(C(O)=O)c(c1)C(O)=O,-1.0003
4384,OC(=O)c1ccc(c(c1)[N+]([O-])=O)[N+]([O-])=O,-1.5005
4385,CC(C)C(CC=C)C(=O)NC(N)=O,-2.7469
4386,Oc1c2ccccc2cc3ccccc13,-4.7329
4387,C=C(c1ccccc1)c2ccccc2,-4.4363
4388,ONC1=C(CCCCC1)N=O,-1.4249
4389,COc1ccc2C=CC(=O)Oc2c1,-3.1221
4390,COc1ccccc1OCC(O)COC(N)=O,-1.5251
4391,[Na+].[O-]C(=O)c1ccccc1,0.5864
4392,[H+].[Cl-].Nc1ccc(N=Nc2ccccc2)c(N)c1,-4.0947
4393,CCOC(=O)COc1ccc(Cl)cc1Cl,-3.3503
4394,CCCCCc1ccc(O)cc1O,-1.9548
4395,CCN(CC)C(=O)CC(C)C,-0.5946
4396,CN1CSC(=S)N(C)C1,-1.7331
4397,OC(CI)CI,-1.3971
4398,CNC(=S)NC,0.9823
4399,COC(C)OC,1.0452
4400,CCCCC(C(O)=O)C(O)=O,0.4369
4401,CC(C)c1cccc(C)c1,-3.4994
4402,CN(C)c1cc(C)nc(Cl)n1,-1.2615
4403,OC(=O)c1cc(O)c(O)c(OC(=O)c2cc(O)c(O)c(O)c2)c1,-2.8092
4404,CCc1ccncc1,-0.0006
4405,ClN=C1C=C(Br)C(=O)C(=C1)Br,-3.7068
4406,CN[C@@H](Cc1ccc(O)cc1)C(O)=O,-2.1325
4407,CCN(CCCl)CCCl,-3.0265
4408,CCCCOC(=O)/C=C/c1ccccc1,-1.6112
4409,COCc1ccccc1,-1.6098
4410,CN(C)c1ccc(cc1)N=Nc2ccc(N)cc2,-4.593999999999999
4411,OC(=O)/C=C/c1occc1,-1.8392
4412,CCCCC(=O)OCC,-1.7706
4413,CCC(=O)OCC(C)C,-1.8841
4414,COC1CC1,-0.1176
4415,Br\C=C/Br,-1.3195
4416,OCCBr,0.9032
4417,CCOC,-0.0799
4418,CNNC,1.2211
4419,CC(C)CC(C)(C)C,-4.6704
4420,CC(=O)OC(C)(C)C,-1.1443
4421,C[Si]1(C)O[Si](C)(C)O[Si](C)(C)O[Si](C)(C)O[Si](C)(C)O[Si](C)(C)O1,-7.9407
4422,C[Si]1(C)O[Si](C)(C)O[Si](C)(C)O[Si](C)(C)O[Si](C)(C)O1,-7.3387
4423,Cl/C=C/[As](Cl)Cl,-2.6177
4424,CCCC(Cl)Cl,-2.4036
4425,[Ba++].[O-]C=O.[O-]C=O,-0.0557
4426,CC(N)CC(O)=O,0.9867
4427,CC(=O)CC(O)=O,0.991
4428,NC(=S)NC(N)=S,-1.6996
4429,CC1=CC(=O)CC(=O)O1,-1.1185
4430,ClC1CCCCC1,-2.3752
4431,NC(CCCC(O)=O)C(O)=O,-1.8648
4432,CC(C)COC=O,-1.0006
4433,CCCCI,-2.9587
4434,ClCOCCl,-0.7181
4435,C1C=CC=C1,-1.565
4436,NC(N)=NCC[S](O)(=O)=O,-0.6321
4437,CC(C)CO[N+]([O-])=O,-1.9521
4438,CCCCCCl,-2.7324
4439,[Ba++].CC([O-])=O.CC([O-])=O,0.1948
4440,CC(C)CCOC(N)=O,-1.4403
4441,CC(C)CCO[N+]([O-])=O,-2.4809
4442,[Sr++].CC([O-])=O.CC([O-])=O,0.1446
4443,N#CCCCC#N,1.0263
4444,CCCCCCCCCCCCCCCC,-8.4007
4445,Nc1ccc(cc1)[S](=O)(=O)Nc2ccc(cc2)[S](N)(=O)=O,-2.7592
4446,COC(=O)C(C)O,0.9825
4447,C=C1CCOC1=O,0.1844
4448,C[C@H](CCC(O)=O)[C@H]1CC[C@H]2[C@@H]3[C@H](O)[C@H](O)[C@@H]4C[C@H](O)CC[C@]4(C)[C@H]3CC[C@]12C,-4.3465
4449,CCOC(=O)C(C1=C(O)Oc2ccccc2C1=O)C3=C(O)Oc4ccccc4C3=O,-3.4264
4450,CC(C)c1ccc(C)c(C(O)=O)c1O,-3.2883
4451,CN1C(=O)C=C(N)N(CC(C)=C)C1=O,-0.9895
4452,OC[C@H]1O[C@H]([C@H](O)[C@@H]1O)n2cnc3cncnc23,-0.4018
4453,Oc1ccc2ccccc2c1[N+]([O-])=O,-2.9758
4454,Cc1c(Cl)cc(Cl)c(O)c1Cl,-3.2761
4455,CN1C2CCCC1CC(=O)C2,0.4167
4456,NNC(=O)c1cccnc1,-0.1372
4457,CCCOc1ccc(cc1N)[N+]([O-])=O,-3.1592
4458,COC(=O)C(=O)OC,-0.2919
4459,C[C@](N)(Cc1ccc(O)c(O)c1)C(O)=O,-1.3247
4460,OC(=O)\C=C/C(=O)Nc1ccccc1,-2.2815
4461,[O-][N+](=O)c1oc(cc1)\C=N\N2CCNC2=O,-3.3572
4462,N[C@H](Cc1ccc(O)cc1)C(O)=O,-2.6049
4463,NC(Cc1ccc(O)cc1)C(O)=O,-2.6561
4464,[Zn++].CCCCC([O-])=O.CCCCC([O-])=O,-1.2722
4465,OCC1CO1,1.1303
4466,O=C1NC=CC=N1,0.6749
4467,CCCOC,-0.3857
4468,CCCC(=O)OCC(O)CO,-1.335
4469,[Zn++].CC([O-])=O.CC([O-])=O,0.2179
4470,C=CCOCC=C,-0.0206
4471,[Zn++].[O-]C=O.[O-]C=O,-0.4755
4472,BrC(Br)(Br)Br,-3.1404
4473,C[S](F)(=O)=O,-0.5145
4474,CC(C)(O)CCl,0.1602
4475,[O-][N+](=O)C(Br)([N+]([O-])=O)[N+]([O-])=O,-1.7705
4476,CN1CC[C@]23[C@H]4Oc5c(OC(C)=O)ccc(C[C@@H]1[C@@H]2C=C[C@@H]4OC(C)=O)c35,-2.7894
4477,CCC(C)(C)CC,-4.2286
4478,CCO[P](=S)(OCC)SCS[P](=S)(OCC)OCC,-5.2838
4479,CC(C)C=C,-2.732
4480,CCC(C)=C,-2.7307
4481,CC(=C)CCl,-1.8108
4482,C\C(Cl)=C\Cl,-1.6138
4483,CC(O)C(C)Cl,-0.2122
4484,C1O[C@@H]1[C@H]2CO2,1.065
4485,CCC(C)C(C)(C)C,-4.6776
4486,CCC(C)C(C)C,-4.2808
4487,CCC(C)C(C)O,-0.7216
4488,CCC(C)C(C)=O,-0.6805
4489,CCC(O)C(C)C,-0.7062
4490,CCC(=O)C(C)C,-0.8106
4491,NCC(O)C(O)=O,-0.8229
4492,CC(C)C(Br)C(O)=O,-1.103
4493,CC(C)C(C)C(C)C,-4.6961
4494,CC(C)C(=O)C(C)C,-1.3018
4495,CC(N)C(O)C(O)=O,-0.3535
4496,COc1cc(cc(OC)c1O)[C@H]2[C@@H]3[C@H](COC3=O)Cc4c(O)c5OCOc5cc24,-4.1254
4497,COc1ccc2COC(=O)c2c1OC,-1.8903
4498,OC(=O)c1[nH]cnc1C(O)=O,-2.4944
4499,OC1C(O)C(O)C(O[P](O)(O)=O)C(O)C1O,0.1076
4500,COCOC(=O)c1ccccc1O,-2.3
4501,OC(=O)C1CCNCC1C(O)=O,-0.5395
4502,Nc1cccc2nc3ccccc3cc12,-4.222
4503,OC(C(O)c1ccccc1)c2ccccc2,-1.933
4504,CCc1cccc(CC)c1N,-2.3478
4505,Brc1ccc2ccccc2c1,-4.4001
4506,Oc1cnc2ccccc2c1,-2.3925
4507,[O-]c1ccc2ccc[nH+]c2c1,-2.5038
4508,CCN(CC)c1nc(Cl)nc(n1)N(CC)CC,-4.4112
4509,C1N[C@@H](CC=C1)c2cccnc2,0.7953
4510,c1ccc(nc1)c2cccnc2,-0.5916
4511,S=C1Nc2cncnc2N1,-2.5243
4512,[K+].[K+].[O-]C(=O)C([O-])=O,0.1773
4513,CC(C)=CC1C(C(=O)OC2CC(=O)C(=C2C)CC=C)C1(C)C,-4.8179
4514,C[C@H](NC(N)=O)C(O)=O,-0.7845
4515,CC(C)(C)c1cccc(O)c1,-1.8614
4516,[O-][N+](=O)c1cccc(Br)c1,-1.3054
4517,OC(=O)C\C(=C/C(O)=O)C(O)=O,0.3612
4518,OCC(O)C(O)C(OC1OC(CO)C(O)C(O)C1O)C(O)CO,0.2872
4519,OCC1OC(OCC2OC(O)C(O)C(O)C2O)C(O)C(O)C1O,0.4656
4520,Oc1cc(cc(c1)[N+]([O-])=O)[N+]([O-])=O,-1.663
4521,OC(=O)c1ccc(C(O)=O)c(Br)c1,-2.1339
4522,OCc1ccncc1,0.9621
4523,NC(=O)OC(CCl)CCl,-1.3605
4524,Cc1cccc(CO)c1,-0.3879999999999999
4525,OC(=O)COc1cc(Cl)cc(Cl)c1,-2.3617
4526,OC(=O)COc1cccc(Cl)c1,-2.1954
4527,c1ccc(cc1)\C=C\c2ccccc2,-5.7905
4528,OCc1ccc(CO)cc1,-0.3861
4529,CCCC(C)CC,-4.3063
4530,CCCC(=O)CC,-0.8334
4531,CCCCC(C)CC,-5.1591
4532,CC1CCC(C)CC1,-4.4657
4533,CCCCOC(=O)CC,-1.9385
4534,I\C=C/I,-2.7813
4535,[K+].[O-]C=O,0.9288
4536,CCCC(C)(C)C,-4.3575
4537,CCCC(C)(C)O,-0.4988
4538,[Cl-].CC(C[N+](C)(C)C)OC(N)=O,0.5021
4539,CCCCC(C)(C)C,-5.7568
4540,NC(N)=NC(N)=O.NC(N)=NC(N)=O.O[S](O)(=O)=O,-0.7814
4541,CC1CCCC(=O)C1,-1.8738
4542,CC1=CCCCC1,-3.2671
4543,CCCCC(C)C,-4.5961
4544,CC(=O)OCC=C,-0.5534
4545,C/C=C/CCl,-1.9569
4546,CCCC\C=C\C,-3.816
4547,CCCCOC=O,-1.1307
4548,FCCl,-0.8202
4549,C[Se]C,-0.6502
4550,NC(=O)C(Br)(Br)Br,-1.2668
4551,NC(=O)C(Cl)(Cl)Cl,-1.0966
4552,CC(Cl)(Cl)[N+]([O-])=O,-1.7603
4553,CCC(C)(O)C(C)C,-0.8504
4554,CCC(Cl)(Cl)[N+]([O-])=O,-1.4996
4555,CCC(CO)(CO)[N+]([O-])=O,0.8264
4556,CC(C)(CO)C=O,-0.3279
4557,CC(O)(CCl)CCl,-0.1822
4558,CC(=O)OCC(COC(C)=O)(COC(C)=O)COC(C)=O,-1.5686
4559,CCCC(C)(O)CCC,-1.5867
4560,CC1(CCl)CO1,-0.5504
4561,ClC(Br)CBr,-2.5546
4562,COC(C)C,-0.057
4563,NC(=O)C(Br)Br,-1.0574
4564,CC(Cl)C(Cl)Cl,-1.8898
4565,CC(Cl)C(O)=O,0.9645
4566,CC(Cl)[N+]([O-])=O,-1.4374
4567,Cc1ccc(cc1)[S](=O)(=O)Oc2ccccc2C,-3.9417
4568,CCOC(OCC)C(Cl)(Cl)Cl,-1.6464
4569,CCC(Cl)[N+]([O-])=O,-1.1887
4570,CC(C)C(O)C(C)C,-1.2201
4571,CCC(C(O)=O)C(O)=O,0.7315
4572,[O-][N+](=O)c1ccc2CCc3cccc1c23,-5.3403
4573,OC(=O)c1c(Br)c(O)c(O)c(O)c1Br,-0.4188
4574,Cc1c(cc(c(O)c1[N+]([O-])=O)[N+]([O-])=O)[N+]([O-])=O,-2.0434
4575,CC(O)Cn1cnc2N(C)C(=O)N(C)C(=O)c12,0.623
4576,OC(=O)c1cccc(c1C(O)=O)[N+]([O-])=O,-1.0214
4577,Oc1ccc(cc1)C(c2ccc(O)cc2)=C3C=CC(=O)C=C3,-2.3837
4578,CCOC(=O)c1ccccc1C(=O)c2ccccc2,-3.4053
4579,Oc1ccc2C(=O)c3ccccc3C(=O)c2c1,-5.3093
4580,COC(=O)c1ccccc1C(=O)c2ccccc2,-3.4776
4581,[O-][N+](=O)c1cc2C(=O)NC(=O)Nc2c(c1)[N+]([O-])=O,-3.2057
4582,CN1C(=O)C=Cc2ccccc12,-1.0466
4583,CC1=CC(=O)c2ccccc2N1,-1.2019
4584,Brc1cccc(Br)c1Br,-5.0402
4585,O[C@H]([C@H](O)[C@H](O)C(O)=O)[C@H](O)C(O)=O,0.1999
4586,CCOC(=O)C(=O)C(=O)OCC,0.5117
4587,CCC(CO)[N+]([O-])=O,-0.3436
4588,Oc1c(Cl)cc(Cl)cc1[N+]([O-])=O,-4.0876
4589,OC(=O)c1cccc(C=O)c1O,-2.4423
4590,OC(=O)c1ccc(cc1[N+]([O-])=O)[N+]([O-])=O,-1.0665
4591,Cc1cccc2cc3ccccc3cc12,-5.8541
4592,[O-][N+](=O)c1ccc2COC(=O)c2c1,-2.6511
4593,OCc1ccccc1CO,0.0569
4594,OCc1ccccc1C(O)=O,-1.5508
4595,CCc1ccccc1[N+]([O-])=O,-2.7993
4596,OCc1ccccc1[N+]([O-])=O,-1.4861
4597,Nc1ccc2cc3ccccc3cc2c1,-5.1722
4598,CCOC(=O)c1cccnc1,-0.4313
4599,Clc1ccccc1I,-3.54
4600,CCOC(=O)N(C)N=O,-0.5528
4601,Brc1ccc(Br)c(Br)c1,-4.808
4602,CCCCC(N)C(O)=O,-1.0453
4603,CCC(Cl)CC,-2.6307
4604,CCC(O)C=C,0.0193
4605,O=C1CCCN1,1.07
4606,CCCC(C(O)=O)C(O)=O,0.6803
4607,Oc1cc(O)c(cc1[N+]([O-])=O)[N+]([O-])=O,-3.4086
4608,OC(=O)c1cc(C=O)ccc1O,-2.6354
4609,CCCCCC(C(O)=O)C(O)=O,0.5921
4610,CCCC(O)C(C)C,-1.3093
4611,CN(C)c1cccc(c1)[S](O)(=O)=O,0.2983
4612,[O-]C(=O)c1oc(Cl)cc1,-1.7188
4613,OC[C@H]1O[C@@H](Oc2ccccc2C=O)[C@H](O)[C@@H](O)[C@@H]1O,-1.1985
4614,Cc1ccc(cc1C)C([O-])=O,-3.0653
4615,OCc1cccc(c1)[N+]([O-])=O,-2.4142
4616,OC(=O)c1ccc(cc1)C#N,-2.0885
4617,OCc1ccc(cc1)[N+]([O-])=O,-1.8841
4618,CN(C)c1ccc(cc1)C(O)=O,-3.3979
4619,OCc1cccc(O)c1,-0.2678
4620,O=C(CC#N)Nc1ccccc1,-2.7275
4621,OC(=O)Cc1cccc(O)c1,0.8177
4622,CCCCCN(CCCCC)CCCCC,-4.0326
4623,Cc1ccc(cc1)N=C=S,-4.7213
4624,Cc1ccc(C=C)cc1,-3.1232
4625,OCc1ccc(O)cc1,-1.2678
4626,O=Cc1ccc(C=O)cc1,-2.8265
4627,CCCC(=O)OC,-0.8331
4628,CC(COC(C)=O)OC(C)=O,-0.2046
4629,CCOCCOC(=O)CCCCCCCCC(=O)OCCOCC,-3.1972
4630,CCOC(=O)CCCCCCCC(=O)OCC,-2.99
4631,CCCCC(=O)OC,-1.3606
4632,Ic1ccc(I)cc1,-5.3723
4633,CCCCCCC(O)CC,-2.6608
4634,ICCI,-3.2196
4635,CC(C)(C)CCO,-1.1308
4636,CC(C)CC(C)(C)O,-0.9307
4637,CCC(C)(C)NC(N)=O,-1.0142
4638,CCCCC(C)(C)O,-1.0784
4639,CCCCCC(C)(C)O,-1.7168
4640,COCC(C)C,-0.9007
4641,COCC(O)=O,1.0454
4642,OCC[N+]([O-])=O,1.0406
4643,CCOC(C)C,-0.5607
4644,CC(C)OC=O,-0.6301
4645,Clc1cccc(I)c1,-3.55
4646,OC1=CC(=O)C=CN1,-1.2498
4647,OCc1cccc(CO)c1,-0.2328
4648,CC1=CC(=O)NC(=O)N1,-1.2557
4649,O=C1C=CNC=C1,1.0218
4650,CC(C)CCOCC(O)COCCC(C)C,-1.3662
4651,CCOC(=O)CCCCC(O)=O,-0.3602
4652,CC(C)CCCO,-1.1286
4653,CC\C=C/C(O)=O,-0.2019
4654,CCCOC(C)C,-1.3373
4655,CCCO[N+]([O-])=O,-1.5044
4656,OCCCBr,0.0093
4657,OCCCCl,0.4223
4658,COCCCl,-0.0725
4659,CC(C)CCC(C)O,-1.375
4660,CC(C)CCOCC(O)CO,-1.2101
4661,COC(=O)CCCCC(=O)OC,-1.4629
4662,CCCCOC,-0.9907
4663,CCCOCC,-0.6806
4664,CCCCCOC(C)=O,-1.8841
4665,CC(=O)OCCCOC(C)=O,-0.2046
4666,CCCCCC#C,-3.0099
4667,CCCCCCC#C,-3.662
4668,CCCCCCCCCCCCC,-7.5936
4669,CCCCCCCCCCCCCCC,-9.4464
4670,CCCCCCCCCCCCCCCO,-6.3476
4671,CCCCCCCCCCCCCCCCCCCCCCCCCC,-8.3339
4672,CCCCCCCCCCCCCCCCCCCCCCCCCCCCCCCCCCCC,-8.4746
4673,ClCC(Cl)(Cl)Cl,-2.1955
4674,OC(=O)C(Br)Br,0.9861
4675,Cc1cc(N[S](=O)(=O)c2ccc(N)cc2)sn1,-1.0762
4676,CN(C)C(=O)N(C)C,0.9349
4677,OC(=O)c1c(Cl)c(Cl)c(Cl)c(Cl)c1C(O)=O,-1.9264
4678,CC1=C(C=C)/C(NC1=O)=C/c2[nH]c(Cc3[nH]c(\C=C\4NC(=O)C(=C4C)C=C)c(C)c3CCC(O)=O)c(CCC(O)=O)c2C,-4.8127
4679,Oc1ccc2N=C3C=CC(=O)C=C3Oc2c1,-1.0277
4680,CC1=CNC(=S)NC1=O,-2.4461
4681,OC(=O)C1=CCCCC1,-1.2558
4682,Oc1ccc(cc1)N=O,-1.5462
4683,CCC(=O)OC(C)C,-1.2906
4684,CCOC(C)(C)C,-0.9302
4685,CC1NC(C)SC(C)S1,-1.3679
4686,CC(=O)NC(=O)NC(C)=O,-0.3137
4687,CCCCCCCCCCCCC(O)=O,-3.8126
4688,CCSCCS[P](=S)(OC)OC,-3.0905
4689,NC(=O)CF,1.1132
4690,C[C@H](CCC(=O)NCC(O)=O)[C@H]1CC[C@H]2[C@@H]3[C@H](O)C[C@@H]4C[C@H](O)CC[C@]4(C)[C@H]3CC[C@]12C,-5.1546
4691,CC(=O)OOC(=O)c1ccccc1,-2.4502
4692,CCCc1ccc(O)cc1,-2.0276
4693,NC1=NC(=O)N=C(N)N1,-3.2291
4694,C1COCO1,1.1303
4695,NCCCCC(O)=O,0.9313
4696,N[C@@H](CCO)C(O)=O,0.924
4697,CCNc1nc(NCC)nc(OC)n1,-1.7898
4698,CN(C)[P](=O)(N(C)C)N(C)C,0.7467
4699,CCS[S](=O)(=O)CC,-1.109
4700,CCCC[Sn](Cl)(Cl)CCCC,-3.5188
4701,ClC(Br)C(Cl)Br,-2.5644
4702,NC(=O)C(Cl)Cl,-0.2558
4703,CN(N=O)C(N)=O,-0.8548
4704,CCOC(=O)N[C@@H](C=O)[C@@H](O)[C@H](O)[C@H](O)CO,0.1139
4705,C=CC#C,-1.4648
4706,CC(C)CC=C,-3.2439
4707,CN1C=CC=CC1=O,0.9621
4708,O=[I](=O)c1ccccc1,-1.8416
4709,CNc1cccc(C)c1,-2.05
4710,CCc1cc(C)cc(O)c1,-1.7696
4711,Cc1ccc(c(O)c1)[N+]([O-])=O,-2.7505
4712,O=C1N=CNc2nccnc12,-1.4716
4713,Nc1ncc2nccnc2n1,-2.2979
4714,ClC1=C(Cl)C(Cl)(Cl)C(Cl)(Cl)C1(Cl)Cl,-6.5362
4715,CN1C(=O)NC2=C(NC(=O)N2)C1=O,-1.5614
4716,NC(=S)Nc1cccc(c1)[N+]([O-])=O,-1.4499
4717,Cc1nn(c2ccccc2)c(C)c1N=O,-3.7355
4718,OC(=O)c1c2ccccc2cc3ccccc13,-3.4174
4719,CN(C)[S](=O)(=O)N(SC(F)(Cl)Cl)c1ccc(C)cc1,-5.5864
4720,CC(C)(C)c1cc(c(O)c(c1)C(C)(C)C)C(C)(C)C,-3.875
4721,CC(C)O[P](=S)(OC(C)C)SCCN[S](=O)(=O)c1ccccc1,-4.2014
4722,C[Sn](C)(Cl)Cl,-1.0407
4723,CCO[P](=O)(OCC)O[P](=O)(OCC)O[P](=O)(OCC)O[P](=O)(OCC)OCC,0.2956
4724,CCN(N=O)C(N)=O,-0.9547
4725,CCCCCCCC(C(O)=O)C(O)=O,-2.0411
4726,CCCCCCCCC(C(O)=O)C(O)=O,-2.92
4727,FCCCl,-0.5291
4728,CCCC(C)=C,-3.033
4729,CC(C)=CC=C(C)C,-3.537
4730,O=CC1CO1,1.1423
4731,COc1ccccc1Cl,-2.4639
4732,Cc1cc(C)nc(N)n1,-0.4884
4733,C1CC[C@@H]2NCCC[C@H]2C1,-1.0831
4734,C1Cc2ccccc2c3ccccc13,-4.6347
4735,O=C(NNC(=O)c1ccccc1)c2ccccc2,-1.5883
4736,CCCO[P](=O)(OCC)OCC,0.4063
4737,CCCC[P](=O)(CCCC)CCCC,-0.5932
4738,CCOC(=O)CCCC(=O)OCC,-1.3297
4739,[Ca++].[O-][S](=O)(=O)C[S]([O-])(=O)=O,0.1255
4740,OCCCC=C,-0.1793
4741,CC(O)CCOCCC(C)O,0.7899
4742,OC(=O)CCCCCCCCCCCCC(O)=O,-3.1112
4743,CC(C)C1OCCO1,-0.0651
4744,CSc1ncccn1,-0.402
4745,CC1CC(OC(C)O1)OC(C)=O,0.759
4746,CN1C(=O)N(C)c2nc(C)[nH]c2C1=O,-0.7276
4747,CN1C(=O)N(C)c2nc(C)n(C)c2C1=O,-1.4493
4748,CCOC(=O)[C@H](Cc1ccc(O)cc1)NC(C)=O,-1.8586
4749,COCCCNc1nc(NC(C)C)nc(SC)n1,-2.9284
4750,COCCCNc1nc(NCCCOC)nc(SC)n1,-3.4792
4751,OC1N=C(c2ccccc2Cl)c3cc(Cl)ccc3NC1=O,-3.6036
4752,CC(=O)O[C@H]1CC[C@]2(C)[C@H]3CC[C@@]4(C)[C@@H](CCC4=O)[C@@H]3CC=C2C1,-4.4584
4753,CC(=O)CCC1C(=O)N(N(C1=O)c2ccccc2)c3ccccc3,-3.2676
4754,CCO[P](=O)(OCC)C(Cl)(Cl)Cl,-1.7541
4755,CC(=O)OC(OC(C)=O)C=C,-1.2449
4756,CC(=O)NCCNC(C)=O,0.6755
4757,OCc1ccc(Br)cc1,-1.9295
4758,OCc1ccc(Cl)cc1,-1.7561
4759,CCOc1nc(OCC)nc(OCC)n1,-1.4838
4760,[O-][N+](=O)c1ccc2c3ccccc3c4cccc1c24,-7.1031
4761,CN(C)[C@H]1[C@@H]2[C@@H](O)[C@@H]3C(=C)c4cccc(O)c4C(=C3C(=O)[C@]2(O)C(=O)\C(=C(N)/O)C1=O)O,-1.768
4762,COCCNC(=O)CS[P](=S)(OC)OC,-1.1356
4763,CCSCCS[P](=O)(OC)OC,-1.8438
4764,CC(C(O)=O)C(C)(C)CCC(O)=O,-1.5265
4765,OCNC(=O)C=C,0.8101
4766,CCCC(=O)NCCNC(=O)CCC,-0.6222
4767,CCCCCC(=O)CCCCC,-3.5322
4768,CCCCO[N+]([O-])=O,-2.0268
4769,CCC#CCC,-2.1675
4770,O=NN1CCCC1,0.9995
4771,O=NN1CCCCCC1,-1.0006
4772,Oc1c(Cl)ccc(Cl)c1Cl,-2.6422
4773,O=C1CCCCCCCN1,0.6329
4774,O=[S]1(=O)NCc2ccccc12,-1.5208
4775,CN(Cc1ccccc1)N=O,-1.5224
4776,BrC1=CC(=O)Oc2ccccc12,-1.6533
4777,COc1cc(Cl)c(Cl)c(Cl)c1Cl,-5.2605
4778,Cc1ccc(OCC(O)=O)cc1,-2.1414
4779,COc1c(Cl)c(Cl)c(Cl)c(Cl)c1OC,-5.2394
4780,CCO[P](=O)(OCC)N=C1SCCS1,-2.5941
4781,CCO[P](=O)(OCC)N=C1SCC(C)S1,-3.6744
4782,CC(=O)C1(C)CCC2C3C=C(C)C4=CC(=O)CCC4(C)C3CCC12C,-5.2721
4783,C[P](O)(O)=O,-0.6813
4784,CC(C)N(C)C,1.0597
4785,CCOC(=O)CO[N+]([O-])=O,-1.7111
4786,CCOC(=O)CNC(=O)OCC,-0.2435
4787,CC(O)COC(=O)C=C,0.8856
4788,NC(=O)NCO,-0.3463
4789,CCCCCO[N+]([O-])=O,-2.568
4790,CC1CCC(C)O1,0.0723
4791,Cc1cc[n+]([O-])cc1,0.9621
4792,CC1=CC=C[NH++]([O-])[CH-]1,0.9621
4793,CCNc1nc(N)nc(Cl)n1,-2.4135
4794,O=C1CCCCCCCCCN1,-1.8862
4795,CNc1nc(NC(C)C)nc(SC)n1,-2.5656
4796,CCCCn1cnc2N(C)C(=O)N(C)C(=O)c12,-1.8069
4797,O=C1OC(=Nc2ccccc12)c3ccccc3,-4.6084
4798,ClC1C2OC2C3C1C4(Cl)C(=C(Cl)C3(Cl)C4(Cl)Cl)Cl,-6.2893
4799,CN(C)[P](=O)(N(C)C)n1nc(nc1N)c2ccccc2,-3.0709
4800,OC(=O)CNc1c(cc(cc1[N+]([O-])=O)[N+]([O-])=O)[N+]([O-])=O,-2.3922
4801,CCCCCCCCOC(=O)c1cc(O)c(O)c(O)c1,-3.8945
4802,C[Si](C)(O)O,1.0354
4803,CCCC[Sn++]CCCC.CC([O-])=O.CC([O-])=O,-4.7672
4804,OC(=O)CNC[P](O)(O)=O,-1.2069
4805,S=C1NNC(=S)S1,-0.7552
4806,Fc1ccccc1Br,-2.6958
4807,Oc1cnn(c1)c2ccccc2,-1.9616
4808,CCCCCCCc1ccccc1,-5.5959
4809,CCCCCCOC(=O)c1ccc(O)cc1,-3.949
4810,CCCCCCCOC(=O)c1ccc(O)cc1,-4.0725
4811,CN(C)[S](=O)(=O)N(SC(F)(Cl)Cl)c1ccccc1,-5.4088
4812,CC(C)(C)C(=O)OCC(=O)C1(O)CCC2C3CCC4=CC(=O)C=CC4(C)C3C(O)CC12C,-4.5835
4813,CNC(=O)CS[P](=O)(OC)OC,0.6712
4814,CSCC[C@@H](NC(C)=O)C([O-])=O,-0.3216
4815,CCCCCC(N)C(O)=O,-0.94
4816,OCCN(CCO)N=O,0.8724
4817,CCCCCCCCN(CCCCCCCC)CCCCCCCC,-6.8496
4818,CC(C)(C)NC(N)=O,-0.7306
4819,C[Si](C)(O)O[Si](C)(C)O,-0.1796
4820,COC(=O)CCCC(=O)OC,-0.4337
4821,CCCCC#CC,-2.7695
4822,CCCCCCCCCCC,-7.5505
4823,Cc1cc(C)c(C)cn1,-0.7824
4824,CN(C)c1cc[nH+]cc1,-0.2062
4825,CCc1cccc(C)n1,-0.8234
4826,OC(=O)C1(O)CCCCC1,-0.3328
4827,Cc1cc(Cl)cc(C)c1O,-1.6763
4828,Clc1cnc2cncnc2n1,-0.8749
4829,Oc1ccc(CC=C)cc1O,-0.7787
4830,Cc1cc(N)n(n1)c2ccccc2,-0.9376
4831,Oc1ccc(cc1)C2CCCCC2,-3.468
4832,CCSC(=O)N(CC)C1CCCCC1,-3.4037
4833,Cl[Sn](Cl)(c1ccccc1)c2ccccc2,-3.8373
4834,CCCCN1C(=O)N(C)c2ncn(C)c2C1=O,-1.6252
4835,Cc1ccc(cc1)[S](=O)(=O)NC(=O)NN2CCCCCC2,-3.6778
4836,COC1[C@H](O)C(C)O[C@H](O[C@H]2CC[C@@]3(C=O)[C@H](CCC4C3CC[C@]5(C)[C@H](CC[C@]45O)C6=CC(=O)OC6)C2)C1O,-3.1373
4837,CCC(C(CC)C(O)=O)C(O)=O,-0.8608
4838,N[C@@H]([C@@H](O)C(O)=O)C(O)=O,-0.8271
4839,CCN(CC)C(=O)N(CC)CC,-0.6341
4840,CC(C)C[C@H](NC(C)=O)C(O)=O,-1.3301
4841,Oc1ccc(O)c(C=O)c1,-1.0004
4842,NCC1CCC(CC1)C(O)=O,0.0255
4843,Cc1cc(C)c2ccccc2n1,-1.9424
4844,CC(NC(=O)c1ccccc1)C(O)=O,-1.6839
4845,COC(=O)CNC(=O)c1ccccc1,-1.0556
4846,CN1c2ccccc2Sc3ccccc13,-5.5934
4847,CCCCCCCCOC(=O)c1ccc(O)cc1,-4.2224
4848,CC1COCc2cc3c(cc12)C(C)(C)C(C)C3(C)C,-5.1693
4849,[Br-].CC[n+]1c2cc(N)ccc2c3ccc(N)cc3c1c4ccccc4,-1.2948
4850,CCCCC(CC)CO[P](=O)(Oc1ccccc1)Oc2ccccc2,-5.2804
4851,CN1N(C(=O)C(=C1C)CC2=C(C)N(C)N(C2=O)c3ccccc3)c4ccccc4,-2.9549
4852,Cc1c(C(O)=O)c(O)cc2C(=O)c3c(O)c(O)c([C@H]4O[C@H](CO)[C@@H](O)[C@H](O)[C@H]4O)c(O)c3C(=O)c12,-2.5784
4853,CC(C)C(C)C(C)C(O)C#CC(C)C(C)O,-2.2756
4854,Cc1c(C(O)=O)c(O)cc2C(=O)c3c(O)c(O)c(C4OC(CO)C(O)C(O)C4O)c(O)c3C(=O)c12,-2.5784
4855,OC[C@H]1O[C@H]([C@H](O)[C@@H](O)[C@@H]1O)[C@@H]2c3cccc(O)c3C(=O)c4c(O)cc(CO)cc24,-1.7025
4856,NCCO.Oc1ccc(Cl)cc1C(=O)Nc2ccc(cc2Cl)[N+]([O-])=O,-3.5891
4857,C1CN(CCO1)C(c2ccccc2)(c3ccccc3)c4ccccc4,-7.2168
4858,CC(C)(C)c1cc(cc(c1O)[N+]([O-])=O)[N+]([O-])=O,-4.7274
4859,[O-][N+](=O)c1ccc(NN=C2C=CC(=O)C=C2)cc1,-4.796
4860,NC(=O)c1ccccn1,0.1685
4861,CCCCCCCCCCCCCCCCCO,-7.506
4862,CC1CN(CC(C)O1)N=O,-0.0655
4863,Cc1ccc(C)c(C)n1,-0.5893
4864,Oc1ccc2CCCc2c1,-1.3285
4865,ClC\C=C/CCl,-2.3333
4866,CC[C@@H]1CCCCN1,-0.3463
4867,O=C1CCCCC1C2=CCCCC2,-2.774
4868,CC(=O)Oc1ccc(Br)cc1C(O)=O,-2.5895
4869,CCN(CC)C(=O)CCC(O)=O,-0.7937
4870,COc1ccc(NC(N)=O)cc1,-1.5917
4871,COc1ccc(O)c(c1)[N+]([O-])=O,-2.8409
4872,CCCOCC(C)O,0.9275
4873,C/C=C/C(C)O,0.0152
4874,Cc1cc(Cl)ccc1O,-1.5519999999999998
4875,Cc1cc(Cl)cc(Cl)c1O,-2.0439
4876,NC(=O)c1cccc(c1)[S](N)(=O)=O,-2.1554
4877,OC(=O)C=C(Br)Br,-0.8358
4878,CC(NC(N)=O)NC(N)=O,-0.5916
4879,NC(=O)NN=C1CCCCC1,-1.4127
4880,OC(=O)CCC(=O)c1ccc2ccccc2c1,-3.8533
4881,CN(C)NC(=O)CCC(O)=O,-0.2046
4882,OCC(CO[N+]([O-])=O)(CO[N+]([O-])=O)CO[N+]([O-])=O,-1.585
4883,CCNc1nc(NC(C)C)nc(OC)n1,-2.0696
4884,C=C\C=C/C#N,-0.7221
4885,CN(C)C1CSSC1,-1.873
4886,CCOC(=O)CC(S[P](=O)(OC)OC)C(=O)OCC,-1.6223
4887,CCCCCCCS,-4.1549
4888,CNC(=O)O\N=C\C(C)(C)[S](C)=O,-0.8673
4889,CNC(=O)O\N=C\C(C)(C)[S](C)(=O)=O,-1.3469
4890,FC(F)(Cl)CCl,-2.2007
4891,CCCCCCCCCC(C)O,-2.9418
4892,CC(C)CCCCCO,-2.3038
4893,Cc1cnc2c(ccc3c(C)c(C)cnc23)c1C,-5.1939
4894,CN(C)CC\C=C1/c2ccccc2COc3ccccc13,-3.9469
4895,CCC1CCCCC1,-4.2507
4896,CC1(C)C2CC3OC3(C)C1C2,-2.5937
4897,CC1(C)OC(=O)c2ccccc12,-1.8684
4898,O=C1C=CC(C=C1)=NNc2ccccc2,-3.3429
4899,Oc1c(Br)cc(cc1Br)C#N,-3.3284
4900,CCCCCCCC(=O)Oc1c(Br)cc(cc1Br)C#N,-6.7023
4901,ClC1=C(Cl)C(=O)N(N=C1)c2ccccc2,-3.3822
4902,NC1=C(Cl)C(=O)N(N=C1)c2ccccc2,-2.7436
4903,OC(=O)c1nc(Cl)ccc1Cl,-1.3884
4904,Cc1cc2c3ccccc3ccc2c4ccccc14,-6.5715
4905,CC(C)O[N+]([O-])=O,-1.4593
4906,CC(F)(Cl)Cl,-2.4448
4907,COc1ccc2Nc3cc(Cl)ccc3Sc2c1,-4.9787
4908,CC(C)c1ccc2c(CC[C@H]3[C@@](C)(CCC[C@]23C)C(O)=O)c1,-4.6582
4909,C1NNCN2CNNCN12,-0.0128
4910,O=C(Nc1ccccc1)c2cccnc2,-3.093
4911,Nc1ccc2snnc2c1,-1.3045
4912,[NH4+].[S-]C#N,0.9178
4913,OCc1ccc(Cl)cc1Cl,-2.248
4914,[O-][N+](=O)CCl,-0.281
4915,C\C(NO)=C/N=O,-0.3462
4916,OCc1ccc(Cl)c(Cl)c1,-2.0439
4917,CCCCO[P+](=O)OCCCC,-1.4249
4918,Clc1ccc(Cl)c2ccccc12,-5.3576
4919,CCN(CC)C(=O)CSc1ccc(Cl)nn1,-1.7156
4920,[O-][N+](=O)c1ccc(Oc2ccc(Cl)cc2Cl)cc1,-5.4535
4921,[O-][N+](=O)c1ccc(Oc2c(Cl)cc(Cl)cc2Cl)cc1,-5.6201
4922,CCCC(O)C(C)CC,-1.8406
4923,Fc1ccc(cc1)C(CCCN2CCC3(CC2)N(CNC3=O)c4ccccc4)c5ccc(F)cc5,-4.6772
4924,OC(=O)CCCCCCCCCC(O)=O,-1.6274
4925,COC(=O)c1c(Cl)c(Cl)c(c(Cl)c1Cl)C(=O)OC,-5.8221
4926,CC(O)COCc1c(Cl)ccc(Cl)c1Cl,-3.5673
4927,[H+].[Cl-].CNC1(CCCCC1=O)c2ccccc2Cl,-0.1369999999999999
4928,Cc1cc(O)c(Cc2ccccc2)c(C)c1Cl,-4.3009
4929,OCCNC(=O)C(=O)NCCO,-0.1124
4930,Nc1ncnc2n(cnc12)[C@]3(CO)O[C@H](CO)[C@@H](O)[C@H]3O,-1.5701
4931,Cc1ccccc1OCC(O)=O,-2.4424
4932,OC(=O)COc1ccccc1[N+]([O-])=O,-2.016
4933,CC(C)(C)[S](=O)(=O)C(C)(C)C,-1.2177
4934,ClC(Cl)=C(Cl)C(Cl)(Cl)Cl,-4.1651
4935,Brc1oc(C=O)cc1,-1.544
4936,CCN(CC)c1nc(Cl)nc(NC(C)C)n1,-3.7849
4937,Cc1oc(cc1)C(O)=O,-0.8243
4938,COCc1oc(C=O)cc1,-0.4992
4939,Nc1c(Cl)c(Cl)nc(C(O)=O)c1Cl,-2.7494
4940,CCCN(CCC)c1c(cc(C)cc1[N+]([O-])=O)[N+]([O-])=O,-2.9663
4941,CNC(=O)Oc1c(cc(C)cc1C(C)(C)C)C(C)(C)C,-4.598
4942,Oc1ccc2Nc3ccccc3Sc2c1,-2.5748
4943,COC(=O)COc1ccc(Cl)cc1Cl,-2.9596
4944,CCOC(=O)COc1cc(Cl)c(Cl)cc1Cl,-4.8493
4945,CCCCCCCCOC(=O)COc1ccc(Cl)cc1Cl,-7.0217
4946,CCCOC(=O)COc1ccc(Cl)cc1Cl,-4.2502
4947,COc1ccc(CCC(O)=O)cc1,-2.2144
4948,CCCCOCCOC(=O)COc1ccc(Cl)cc1Cl,-4.4276
4949,CNC(=O)Nc1sc2ccccc2n1,-4.2373
4950,[O-][N+](=O)C(Cl)([N+]([O-])=O)[N+]([O-])=O,-1.9259
4951,CC(=C)C1CCC(C)(O)C(O)C1,-0.2311
4952,CCCS[S](=O)CCC,-0.9199
4953,COc1c(cccc1C(O)=O)C(O)=O,-2.2926
4954,CCC(=O)Oc1ccc(cc1)[N+]([O-])=O,-3.8925
4955,CCCCC(=O)Oc1ccc(cc1)[N+]([O-])=O,-4.3945
4956,CC(C)C(NC(=O)CN)C(O)=O,0.4579
4957,OCCNC(=O)CCCCC(=O)NCCO,0.4121
4958,CNC(=O)OCc1ccc(Cl)c(Cl)c1,-3.1389
4959,CC(OC(=O)Nc1cccc(Cl)c1)C#C,-2.6172
4960,NC(=O)Nc1ccc(Br)cc1,-1.6336
4961,CCc1ccccc1Br,-3.6702
4962,CN(C)C(=O)Nc1ccc(Oc2ccc(Cl)cc2)cc1,-4.8953
4963,CC1CCCCC1NC(=O)Nc2ccccc2,-4.1108
4964,COc1cccc(Cl)c1Cl,-3.309
4965,COc1c(Cl)cccc1Cl,-3.1019
4966,NC(=O)C=Cc1ccccc1[N+]([O-])=O,-1.2837
4967,Cc1ncnc2nc[nH]c12,0.1735
4968,CCSC(=O)N(CC(C)C)CC(C)C,-3.684
4969,O=C1CNC(=S)N1c2ccccc2,-3.2425
4970,CCCCCCCCCCN,-2.4564
4971,CCOC(=O)CCc1ccccc1,-2.9086
4972,CNC(=O)Oc1ccc(N(C)C)c(C)c1,-2.3572
4973,CNC(=O)Oc1cc(C)c(SC)c(C)c1,-3.9214
4974,CCCC1CCCC1,-4.7404
4975,CC(O)C(N)=O,0.9435
4976,CCOC(=O)CCCCCC(=O)OCC,-2.0408
4977,CCOC(=O)CCCCCCC(=O)OCC,-2.5304
4978,Clc1ccc2ccccc2c1Cl,-6.1611
4979,Clc1cccc2cccc(Cl)c12,-5.7963
4980,OC/1=CC(=O)C=CC1=N/Nc2ccccc2,-3.0299
4981,COC(C)C(N)C(O)=O,0.4853
4982,CC(C)CC(c1ccc(O)cc1)c2ccc(O)cc2,-3.3674
4983,C[C@@H](C[C@@H](C)C([O-])=O)C([O-])=O,-0.4564
4984,N[S](=O)(=O)c1cc2c(CN(C3CCCCC3)C2=O)cc1Cl,-4.3128
4985,Brc1cccc(c1)N=C=S,-4.0851
4986,C[C@@H]1C[C@H]2[C@@H]3C[C@H](F)C4=CC(=O)C=C[C@]4(C)[C@@]3(F)[C@@H](O)C[C@]2(C)[C@@]1(O)C(=O)CO,-5.6133
4987,Oc1ccc(C2CCCCC2)c(O)c1,-2.5763
4988,OCC1C(CO)C2(Cl)C(=C(Cl)C1(Cl)C2(Cl)Cl)Cl,-3.0802
4989,OC(=O)c1ccccc1C(=O)c2ccc(Br)cc2,-3.0074
4990,CCNC1=NC(=O)N=C(NC(C)C)N1,-4.5241
4991,[Na+].C[As](O)([O-])=O,0.5539999999999999
4992,O=C1NC2=C(CCC2)C(=O)N1C3CCCCC3,-4.5916
4993,CC(=C)C(=O)Nc1ccc(Cl)c(Cl)c1,-4.4325
4994,CCC(C)OC(=O)Nc1cccc(Cl)c1,-3.1727
4995,CC(C)COc1ccc2ccccc2c1,-5.2117
4996,Clc1ccc2ccc(Cl)cc2c1,-5.9217
4997,CCOC(=O)c1[nH]c(C)cc1C,-2.6212
4998,COc1ccc(cc1C(O)=O)C(O)=O,-3.1165
4999,C[C@H]1CCCC[C@H]1C,-4.2719
5000,C[C@@H](Cl)[C@@H](C)Cl,-2.3541
5001,OC(=O)c1cccc2cccc(c12)[N+]([O-])=O,-2.7501
5002,CCCCC(C)CCC,-6.0474
5003,COc1cccc2ccccc12,-4.1992
5004,CC1(C)[C@@H]2CC[C@@](C)(C2)[C@@H]1O,-2.2702
5005,CCC(CC)([S](=O)(=O)CC)[S](=O)(=O)CC,-2.0625
5006,Clc1ccc(Sc2cc(Cl)c(Cl)cc2Cl)cc1,-7.0335
5007,ClC1=C(Cl)C(Cl)(C(=C1Cl)Cl)C2(Cl)C(=C(Cl)C(=C2Cl)Cl)Cl,-7.2784
5008,O\N=C/1CCCC=C1,-0.9667
5009,Clc1c(Cl)c(Cl)c2c(Cl)c(Cl)c(Cl)c(Cl)c2c1Cl,-9.703
5010,Nc1cccc(c1)C#N,-1.1693
5011,CCCCCCCCC#N,-3.2987
5012,S=C=NCCc1ccccc1,-3.1714
5013,[O-]C(=O)C(Cl)=C(Cl)Cl,-0.4659
5014,FC(F)(F)c1[nH]c2cncnc2n1,-0.4505
5015,OC(=O)CCCCc1ccccc1,-2.4657
5016,Cn1cnc2nc(Cl)nc(Cl)c12,-1.1522
5017,CO[P](=O)(OC)OC(=C\Cl)/c1ccc(Cl)cc1Cl,-3.4066
5018,CCO[P](=S)(OCC)SCC(=O)NC(C)C,-2.0575
5019,CNC(=O)CCSCCS[P](=O)(OC)OC,0.5416
5020,OC(=O)c1c(O)ccc2ccccc12,-3.1284
5021,CC(C)N(C(C)C)C(=O)SC\C(Cl)=C\Cl,-4.2856
5022,CC(C)N(C(C)C)C(=O)SCC(Cl)=C(Cl)Cl,-4.8818
5023,OC(=O)C1CCCCC1C(O)=O,-1.935
5024,O=C1Nc2nc[nH]c2C=N1,-1.7136
5025,CN1C(=O)N(C)C2=C(N(C)C(=O)N2C)C1=O,-0.9527
5026,CCO[P](=S)(OCC)SCN1C(=O)Oc2cc(Cl)ccc12,-5.0813
5027,CCCCOC(=O)C1(O)c2ccccc2c3ccccc13,-3.8885
5028,CCN(CC)C(=O)CCl,-0.243
5029,CCCOC(=O)c1ccccc1,-2.6701
5030,OCc1cc(Br)ccc1O,-0.2072
5031,CC(C)C(CC(O)=O)C(O)=O,-0.4073
5032,CCOC(=O)[C@H](Cc1ccccc1)NC(C)=O,-1.7557
5033,Fc1cc(F)c(F)c(F)c1,-2.3057
5034,CCCC(C)(C)CO,-1.4391
5035,OC(=O)\C=C/c1ccc2OCOc2c1,-3.8523
5036,Cc1ccc2cc3ccc4ccccc4c3cc2c1,-6.644
5037,Cc1ccc2cc3c(ccc4ccccc34)cc2c1,-6.8162
5038,Cc1c2ccccc2c3ccc4cccc5ccc1c3c45,-8.5234
5039,S=C1Nc2ccccc2O1,-2.1795
5040,ClC1(Cl)C2(Cl)C3(Cl)C4(Cl)C(Cl)(Cl)C5(Cl)C3(Cl)C1(Cl)C5(Cl)C24Cl,-6.8074
5041,Clc1cccc(c1)N=C=S,-3.9507
5042,C#CCCCCCC#C,-2.983
5043,OC(=O)C1=C[NH++]([O-])[CH-]C=C1,-1.2983
5044,CCCCO[P](=O)(CC)OCCCC,-1.5687
5045,CCCCO[P](C)(=O)OCCCC,-1.4155
5046,Oc1ccccc1Oc2ccccc2,-3.2286
5047,CCC(O)CN(CC(O)CC)CC(O)CC,-0.5229
5048,Cc1c2ccccc2cc3ccc4ccccc4c13,-6.5648
5049,ClC(Cl)C(Cl)(Cl)SN1C(=O)C2CC=CCC2C1=O,-5.3968
5050,CCCCOCC1CO1,-0.8135
5051,Cc1cc(Cl)c(O)c(Cl)c1,-1.4202
5052,Cc1ncc2nccnc2n1,-0.1191
5053,Cc1ncnc2nccnc12,-0.4658
5054,Cc1ccc2nc3SC(=O)Sc3nc2c1,-5.3698
5055,CCCCCCCCCCCCN=C(N)N.CC(O)=O,-2.6592
5056,COc1ccccc1C(N)=O,-1.7815
5057,OC(=O)CN(C[P](O)(O)=O)C[P](O)(O)=O,-0.0256
5058,Nc1ccc(CC(=O)c2ccccc2)cc1,-1.805
5059,Clc1ccc(Oc2ccc(Cl)cc2)cc1,-4.7999
5060,O.CC(C)(O)C1CCC(C)(O)CC1,-1.6774
5061,Nc1ccc(N)c2C(=O)c3c(N)ccc(N)c3C(=O)c12,-6.9515
5062,CC(=O)Oc1c(cc(c(C)c1C(C)(C)C)[N+]([O-])=O)[N+]([O-])=O,-4.4717
5063,OC(=O)CNC=O,0.2672
5064,Oc1ccc(cc1)C(=O)Cc2ccccc2,-1.5008
5065,CCO[P](=S)(OCC)SCC[S](=O)(=O)CC,-2.5403
5066,Cc1c2ccccc2cc3c1cc(F)c4ccccc34,-7.31
5067,Cc1cccc2ccc3cc4ccccc4cc3c12,-6.644
5068,OC(=O)c1cc(Cl)ccc1[N+]([O-])=O,-1.319
5069,CCCCO[P](=O)(OCCCC)Oc1ccccc1,-3.4746
5070,COC(=O)C1(O)c2ccccc2c3ccc(Cl)cc13,-4.1836
5071,CO[P](=S)(OC)SCC(=O)N(C)C=O,-1.9954
5072,Cc1c2ccccc2cc3c4ccccc4cc(F)c13,-7.31
5073,Cc1c2ccccc2cc3c4ccccc4ccc13,-7.343
5074,OC(=O)CCCCCCCC=O,-0.9574
5075,ClC(Cl)C(=O)Nc1ccccc1,-3.3555
5076,CCC1OCCO1,0.2919
5077,N\C(NO)=C(/N)N=O,-0.7773
5078,Cc1cc(O)ccc1[N+]([O-])=O,-2.1103
5079,[O-][N+](=O)c1ccc(cc1)N=Nc2ccc(Nc3ccccc3)cc2,-7.5229
5080,NC(N)=Nc1sc2ccccc2n1,-2.4412
5081,OC(=O)CCC=CC(O)=O,-1.2045
5082,CCO[P](=S)(OCC)SC[S](=O)CC,-1.5384
5083,CCO[P](=S)(OCC)SC[S](=O)(=O)CC,-2.5309
5084,CCOc1snc(n1)C(Cl)(Cl)Cl,-3.3254
5085,CCOC(=O)N(C)C(=O)CS[P](=S)(OCC)OCC,-2.5177
5086,CCOC(=O)C(S[P](=S)(OC)OC)c1ccccc1,-4.4643
5087,C[Hg]C#N,-0.0821
5088,Cc1nc(C)c(cc1C(O)=O)C(O)=O,-2.809
5089,[Na+].[Na+].[Na+].[O-][S](=O)(=O)c1cc2C=CC(=O)\C(=N/Nc3ccc(c4ccccc34)[S]([O-])(=O)=O)c2c(c1)[S]([O-])(=O)=O,-0.8783
5090,CC(=O)Nc1ccc(OC(C)=O)cc1,-1.9076
5091,CN1C(=O)N(C)c2nc(C)c(C)nc2C1=O,-1.3429
5092,CCCC(=O)Oc1ccc(cc1)[N+]([O-])=O,-3.9404
5093,Oc1ccc2ccccc2c1N=O,-2.9374
5094,C[C@@](CCC([O-])=O)(N=N[C@](C)(CCC([O-])=O)C#N)C#N,-2.0083
5095,CCO[P](=S)(OCC)SCN1N=Nc2ccccc2C1=O,-4.5171
5096,Nc1cc2c3ccccc3ccc2c4ccccc14,-6.1958
5097,CNC(=O)Oc1cc(cc(c1)C(C)(C)C)C(C)(C)C,-4.2445
5098,COc1cc(Cl)c(OC)cc1Cl,-4.413
5099,CNCCC(O)=O,-0.0543
5100,Clc1ccccc1Oc2ccccc2,-4.7796
5101,CCCCO[P](=O)(OCC)OCC,-1.1466
5102,CCOC(=O)[C@@H](N)CC(C)C,-0.5606
5103,OC(=O)C(CSSCC(NC(=O)Cc1ccccc1)C(O)=O)NC(=O)Cc2ccccc2,-1.833
5104,C1C[n+]2ccccc2c3cccc[n+]13,-3.425
5105,COc1cc(Cl)c(Cl)cc1OC,-3.4588
5106,COC1=COC(=CC1=O)CS[P](=O)(OC)OC,0.7286
5107,CC(O)([P](O)(O)=O)[P](O)(O)=O,0.5249
5108,C[C@H]1C[NH2+][C@H](C)C[NH2+]1,0.4864
5109,CC(=O)C=CC(O)=O,-0.2332
5110,OC(=O)CCCCCCCCCCBr,-3.699
5111,CCC(N)C(O)=O,0.2868
5112,FC(Cl)C(F)(F)F,-1.959
5113,COc1cccc(Cl)c1,-2.783
5114,CCO[P](=S)(OCC)Oc1nc(Cl)c(Cl)cc1Cl,-5.4956
5115,O=C1CCCC1C#N,-0.3567
5116,CCSC(=O)N(CC)CC,-1.6917
5117,C=CCO[P](=O)(OCC=C)c1ccccc1,-2.8999
5118,CCCCO[P](=O)(CCCC)CCCC,-1.7166
5119,CC1=C(Cl)C(=O)C(=C(C)N1)Cl,-4.2834
5120,Oc1ccc(C=O)cc1Br,-2.1794
5121,Clc1ccc(cc1)c2cccc(Cl)c2,-6.4001
5122,OC(=O)COc1cccc(Cl)c1Cl,-2.8097
5123,CCOC(=O)C(C)OC(C)=O,-0.6994
5124,Nc1ccc(SC#N)cc1,-2.6015
5125,Nc1nc2nc[nH]c2c(n1)C(F)(F)F,-3.1346
5126,CCN(CC)c1nc(NC(C)C)nc(OC)n1,-4.888999999999999
5127,CNc1nc(Cl)nc(NC(C)C)n1,-2.8896
5128,Oc1ccc(C=O)cc1[N+]([O-])=O,-2.9512
5129,CC(Br)CCl,-1.8476
5130,CNc1nc(NC(C)C)nc(OC)n1,-1.7509
5131,NC1=C(Br)C(=O)N(N=C1)c2ccccc2,-3.124
5132,CN[C@@H](CC(C)C)C(O)=O,-0.5146
5133,CC(C)C(NC(C)=O)C(O)=O,-0.6325
5134,C=CCCCC=C,-3.3396
5135,CC1CCCC(C)(C)C1,-4.8532
5136,OC(=O)CNCCC#N,0.3237
5137,CC[C@@H](C)[C@H](N)C(O)=O,-0.3895
5138,OC1(CCN(CCCC(=O)c2ccc(F)cc2)CC1)c3ccccc3,-4.1183
5139,CC(C)(C)CCCO,-1.5402
5140,NC(=O)C[C@H](NC(N)=O)C(O)=O,-0.511
5141,CN(C)C(=O)N(c1ccc(Cl)c(Cl)c1)C(=O)c2ccccc2,-4.3238
5142,NC(=O)NCl,0.3256
5143,CC(C)C[C@H](N)C(=O)NCC(=O)NCC(O)=O,0.2124
5144,OCC(O)C(O)C(O)C(O)C(O)C=O,-0.3226
5145,OC(=O)C1=C/C(C=CC1=O)=N/Nc2ccccc2,-3.0559
5146,COc1ccc(cc1)C(=O)CCC(O)=O,-1.0632
5147,CCC(NC=NN)C(O)=O,-0.8608
5148,OC1=CC=C(Br)C=CC1=O,-3.5629
5149,BrC1CCC(Br)C(Br)CCC(Br)C(Br)CCC1Br,-7.8728
5150,CC(C)COC(=O)C(C)(C)O,-0.7276
5151,Oc1ccccc1C(=O)N2CCOCC2,-1.7037
5152,[O-][N+](=O)c1cccc(Cl)c1Cl,-3.4881
5153,BrCC(CBr)(CBr)CBr,-5.3844
5154,CCCO[P](=S)(OCCC)O[P](=S)(OCCC)OCCC,-4.1009
5155,Cc1ccnc2c1ccc3c(C)ccnc23,-3.9686
5156,CCC(=O)OOC(=O)CC,-0.9634
5157,CC(Oc1ccc(Cl)cc1)C(O)=O,-2.1351
5158,CN(C)C(N)=N,-1.7306
5159,OC(=O)C1=CCCc2ccccc12,-2.7939
5160,OCC(O)C(O)C(O)C(O)C(O)CO,0.3722
5161,O/N=C/1CCCC=C1,-0.7034
5162,C=CCCN=C=S,-2.391
5163,N[C@@H](Cc1cc(Cl)c(O)c(Cl)c1)C(O)=O,-0.7959999999999999
5164,Nc1nc(N)nc(Cl)n1,-2.3849
5165,CCC(=O)NCCNC(=O)CC,0.3746
5166,Clc1ccc(cc1)C(=C(Cl)Cl)c2ccccc2Cl,-6.3563
5167,CN1C(=O)N(C)c2n[se]nc2C1=O,-2.2994
5168,OC(=O)c1occ(Br)c1,-1.1841
5169,CC1CCCCN1CCCOC(=O)c2ccc(Cl)c(Cl)c2,-4.2178
5170,Clc1c(Cl)c(Cl)c2nccnc2c1Cl,-5.428
5171,CC(C)CCC(C)(C)C,-5.0474
5172,CCOC(=O)N(CC)CC,-1.0651
5173,Oc1cc(O)c(c(O)c1)C(=O)c2ccccc2,-1.8708
5174,OC[C@H]1OC2(COC3(CO2)O[C@H](CO)[C@@H](O)[C@@H]3O)[C@@H](O)[C@@H]1O,-0.0058
5175,CC(C)Cc1sc(N[S](=O)(=O)c2ccc(N)cc2)nn1,-3.8226
5176,CN(Cc1cc(Br)cc(Br)c1N)C2CCCCC2,-1.9733
5177,OCCN(Cc1ccc(Oc2ccc(cc2)[N+]([O-])=O)cc1)C(=O)C(Cl)Cl,-5.1241
5178,CCCCCCCCCC(C(O)=O)C(O)=O,-3.3016
5179,FC(F)(F)c1[nH]c2ccc(Cl)c(Cl)c2n1,-3.5677
5180,CCC1(C(=O)NC(=O)NC1=O)C2=CC3CCC(C3)C2,-2.7696
5181,C[C@H](CC(O)=O)C(O)=O,0.6311
5182,NC(C(O)C(O)C(O)CO)C(O)=O,-0.8590000000000001
5183,C(Cc1ccccc1)NCc2ccccc2,-2.7229
5184,CCc1ccc(NC(C)=O)cc1,-2.1453
5185,OCCCCCCCCCCC([O-])=O,-2.7039
5186,COc1cc(OC)c2C(=O)C3(Oc2c1)C(C)CC(=O)C=C3OC,-3.699
5187,CCOC(C)C(=O)C=O,-0.1554
5188,Clc1ccc(cc1)C(C(=O)C2C(=O)c3ccccc3C2=O)c4ccccc4,-3.5738
5189,Cc1cc2ccccc2c3ccc4ccccc4c13,-6.5920000000000005
5190,Cc1c(C)c2c3ccccc3ccc2c4ccccc14,-7.0109
5191,CCc1c2ccccc2cc3c1ccc4ccccc34,-6.796
5192,N[S](=O)(=O)c1cccc(c1)[S](N)(=O)=O,-2.1693
5193,Cc1cc(C)c[n+]([O-])c1,0.9095
5194,NCc1ccccn1,0.966
5195,NCc1ccncc1,0.966
5196,CCO[P](=O)(OCC)SCC(=O)NC(C)(C)C#N,-0.6237
5197,CCO[P](=S)(OCC)Oc1ccc(N)cc1,-2.826
5198,Clc1cc(Cl)nc(n1)c2ccccc2,-4.9544
5199,CCCCCC1CCCC1,-6.0863
5200,Cc1cc(ccc1N=Nc2ccccc2)N(CCO)CCO,-4.1254
5201,COc1cc(N[S](=O)(=O)c2ccc(N)cc2)nc(C)n1,-2.543
5202,OC(=O)CN1C(=O)Sc2cccc(Cl)c12,-2.6087
5203,NNC(=O)CC(=O)NN,-0.121
5204,C[C@H]([NH3+])C(C)(C)C,0.9861
5205,NNC(=O)C(O)C(O)C(O)C(O)CO,-0.4985
5206,[nH]1c2ccccc2nc1c3occc3,-3.414
5207,Brc1ccc2Nc3ccccc3Sc2c1,-6.1119
5208,Ic1ccc2Nc3ccccc3Sc2c1,-6.9278
5209,ClCC[S](=O)(=O)CC[S](=O)(=O)CCCl,-1.4486
5210,OC(=O)CN(CC(O)=O)Cc1cc2C(=O)c3ccccc3C(=O)c2c(O)c1O,-1.8077
5211,COC(=O)c1ccc(O)c(Cl)c1,-2.873
5212,CCC(O)C(C)(C)C,-1.1514
5213,OC(=O)C[C@@H](Cl)C(O)=O,-0.7953
5214,CCCCCCC(C(O)=O)C(O)=O,-1.6566
5215,OC(=O)COc1c(Cl)ccc(Cl)c1Cl,-2.6198
5216,COCC(=O)c1ccccc1,-0.7616
5217,[Cl-].Cl/C=C/C[N+]12CN3CN(CN(C3)C1)C2,0.0829
5218,C\C=C/CO,0.3621
5219,[O-][N+](=O)C(CCl)([N+]([O-])=O)[N+]([O-])=O,-0.2586
5220,CCC(CC)(C(O)=O)C(CC)(CC)C(O)=O,-2.9644
5221,CCCCOCCC(=O)OC,-1.2909
5222,CCSc1nc(NC(C)C)nc(NC(C)C)n1,-4.2031
5223,CC(C)C(=O)Oc1ccc(cc1)[N+]([O-])=O,-3.9588
5224,CCCCOC(=O)CCOC,-1.2135
5225,[O-][N+](=O)c1cc2cccnc2c3ncccc13,-3.9172
5226,CCC1=CNC(=O)NC1=O,-1.9424
5227,CNC(CC(O)=O)C(O)=O,-0.7544
5228,OC(=O)c1ccccc1CC(=O)c2ccccc2C(O)=O,-2.7910000000000004
5229,OC(=O)c1ccc(c(c1)C(O)=O)[N+]([O-])=O,-1.3391
5230,Clc1ccc(cc1)N=Nc2ccccc2,-5.7023
5231,[O-][N+](=O)c1oc(cc1)\C=N\N2CCCOC2=O,-3.4757
5232,O=C1Cc2c(O1)ccc3ccccc23,-2.7078
5233,CC[C@@H]1[C@@H](O)N2[C@H]3C[C@@H]1C4C(O)[C@@]5(C[C@H]24)[C@H]3N(C)c6ccccc56,-2.8266
5234,CCCCCCCCCCC(C(O)=O)C(O)=O,-3.99
5235,Cc1ccc(O)c(CO)c1,-0.3143
5236,CCOC(=O)c1[nH]c(C=O)c(CC)c1C,-2.7186
5237,OC(=O)c1cccnc1Nc2cccc(c2)C(F)(F)F,-4.1718
5238,CC(=O)CC1CCCCN1,-0.4509
5239,CC\C(NO)=C(\CC)N=O,-2.5525
5240,O=[P](N1CCOCC1)(N2CCOCC2)N3CCOCC3,0.2984
5241,Cc1cnc(N[S](=O)(=O)c2ccc(N)cc2)nc1C,-3.1435
5242,CC1CCC(C)(C)C1,-4.4784
5243,CC1NC(=O)CNC1=O,0.2903
5244,CN(C=C)N=O,-0.4579
5245,O=C1NC=NC=C1,0.586
5246,OC1=C(Br)C=CC=CC1=O,-2.4352
5247,CC(=O)C1(C)CO1,0.3797
5248,CCSC(=S)NCC(O)=O,-1.0882
5249,OC[C@H]1O[C@@H](O[C@@H]2[C@@H](CO)O[C@](O)(CO)[C@H]2O)[C@H](O)[C@@H](O)[C@H]1O,0.3487
5250,CCN(CC)C(=O)OC,-0.2918
5251,OC(=O)CCC(=O)c1cccc2ccccc12,-3.4833
5252,CC1(C)[C@@H]2CC[C@@](C)(C2)C1=O,-1.8507
5253,N[P](N)(=O)c1ccccc1,-1.1482
5254,NCCCNc1ccccc1,-1.6543
5255,CCCN(CCC)c1c(cc(cc1[N+]([O-])=O)[S](C)(=O)=O)[N+]([O-])=O,-5.7601
5256,OC(=O)c1ccccc1C(=O)Nc2ccccc2,-4.0814
5257,[I-].CCN1C=CC(=CC=Cc2cc[n+](CC)c3ccccc23)c4ccccc14,-2.6816
5258,[O-]C(=O)c1cccc(Cl)c1[N+]([O-])=O,-2.6323
5259,CCOC[C@H](N)C(O)=O,0.524
5260,OC(=O)CCSSCCC(O)=O,-0.9301
5261,C/C=C/C#N,-0.4287
5262,CCCC(O)C=C,-0.5993
5263,CC(C)C(O)C=C,-0.515
5264,CCC(O)\C=C\C,-0.4198
5265,OC(=O)C(=O)C(c1ccccc1)c2ccccc2,-2.3354
5266,CN(C)C(=O)Nc1cccc(OC(=O)NC(C)(C)C)c1,-2.9342
5267,O=[P](Oc1ccccc1)(N2CCOCC2)N3CCOCC3,0.3925
5268,CCCCOC(=O)CCO,-1.2899
5269,OC(=O)CC(SC(CC(O)=O)C(O)=O)C(O)=O,-0.4908
5270,Cc1cccc(O)c1[N+]([O-])=O,-1.64
5271,ClCC(=O)NC(=O)CCl,-2.2304
5272,C1CCC(CC1)N(Sc2sc3ccccc3n2)C4CCCCC4,-6.7886
5273,COc1cc(C([O-])=O)c(cc1OC)[N+]([O-])=O,-0.7543
5274,CC(=O)Nc1ccc(OC(=O)c2ccccc2OC(C)=O)cc1,-4.1949
5275,O=[S](=O)(N1CCCCC1)c2ccccc2,-2.5365
5276,CCN(CC)C(C#N)c1ccccc1,-0.9738
5277,[O-][N+](=O)Cc1ccc2ccccc2n1,-2.0545
5278,CCO[P](=S)(OCC)N1C(=O)c2ccccc2C1=O,-3.3522
5279,OC(=O)C(S)CCC(S)C(O)=O,-2.4758
5280,CCSC(=S)N[C@@H](CC(O)=O)C(O)=O,-1.3863
5281,ClCC[S](=O)(=O)CCOCC[S](=O)(=O)CCCl,-1.9408
5282,COc1cc(ccc1C(O)=O)C(O)=O,-1.9916
5283,CC(=O)Nc1ccc(Cl)cc1C,-2.3097
5284,CCCCC1=C(C)NC(=NC1=O)N(C)C,-2.2416
5285,CN1C2CCC1CC(C2)OC(=O)C(CO[S](O)(=O)=O)c3ccccc3,-1.5675
5286,OC(=O)CC1CCCCC1,-1.6935
5287,CCCCCCCCCCCCCCCCNC(=O)C(C)O,-3.6512
5288,CCCCCNC(=O)C(C)O,-0.3825
5289,OCC(O)C1OC(Oc2ccccc2)C(O)C(O)C1O,-1.5537
5290,O[P](O)(=O)c1cccc(c1)[N+]([O-])=O,0.6835
5291,CCCCCCCCCCOC(=O)c1cccnc1,-3.1901
5292,CC(C)CC(NC=O)C(O)=O,-0.7328
5293,C[S](=O)(=O)N[S](C)(=O)=O,0.0402
5294,CCCOC(=O)CCOC,-0.6598
5295,COC(OC)\C=C/C(OC)OC,0.055
5296,CN1CCC=C1C,0.1265
5297,NN[P](=S)(NN)c1ccccc1,-1.425
5298,Cc1cc(C)cc(OCC(O)=O)c1,-2.3527
5299,Clc1ccc2oc3ccc(Cl)cc3c2c1,-7.2135
5300,CCCCCCNC(=O)C(C)O,-0.9487
5301,CCCCOC(=O)C(C)OC(C)=O,-0.7536
5302,CCc1nc2N(C)C(=O)N(C)C(=O)c2n1C,-1.5687
5303,NC(N)=NC(N)=Nc1ccc2ccccc2c1,-2.5497
5304,OC(=O)CC1NC(=O)NC1=O,-1.1517
5305,Cc1ccc(cc1O)[N+]([O-])=O,-2.1851
5306,NC(=O)SCC(=O)Nc1ccccc1,-1.3228
5307,CCOC(=O)C(CC(O)=O)=C(c1ccccc1)c2ccccc2,-2.1908
5308,Cn1cnc2nc(Cl)nc(NN)c12,-1.1427
5309,CCOC(=O)C1=C(C)OC(=C(C(=O)OCC)C1=O)C,-1.5255
5310,Nc1cc(ccc1I)[N+]([O-])=O,-4.4216
5311,OC(=O)CCC(N(CCC#N)CCC#N)C(O)=O,-0.2275
5312,CSCCC(N(CCC#N)CCC#N)C(O)=O,-1.3279
5313,CCCCCCCCOC(=O)C(C)O,-1.2726
5314,O=C1COc2ccccc2N1,-2.5716
5315,CCC\C(=C/C(O)=O)C(O)=O,-1.1538
5316,CCOC(=O)N1CCN(CC1)C(=O)OCC,-0.7288
5317,CC[C@@H](C)c1cccc([C@@H](C)CC)c1O,-5.0593
5318,[O-][N+](=O)c1ccc2ccc3cccc4ccc1c2c34,-7.3213
5319,CCN(/N=C/c1oc(cc1)[N+]([O-])=O)C(N)=O,-2.9395
5320,OC(=O)CCCCCc1ccccc1,-2.6026
5321,CCCCC(C)(O)CC,-1.7356
5322,CC1=C(CCC1(C)C)C(O)=O,-2.8871
5323,CO[P](=S)(OC)Oc1nc(Cl)c(Cl)cc1Cl,-4.831
5324,CC(C)(C)CC(=O)OCC(=O)[C@@]12OC(C)(C)O[C@@H]1C[C@H]3[C@@H]4CCC5=CC(=O)C=C[C@]5(C)[C@@]4(F)[C@@H](O)C[C@]23C,-5.1244
5325,CCOC1CC1,-0.6407
5326,Cn1cnc2N(C)C(=O)N(CC([O-])=O)C(=O)c12,-1.3769
5327,C[C@@H]1NC(=O)[C@@H](C)NC1=O,-0.1528
5328,O=C1CCC(N1)C(=O)Nc2ccccc2,-1.3278
5329,Oc1ccc(Sc2ccccc2)cc1,-2.7745
5330,CCOCOCOCC,-0.1277
5331,O=C1OCc2ccc3ccccc3c12,-3.3062
5332,OC(=O)CNC(=O)c1occc1,-0.7272
5333,Nc1ccc(cc1)[S](=O)(=O)Nc2sc(cn2)C(O)=O,-2.8741
5334,CCC(CC)(CC(O)=O)C(O)=O,-0.7962
5335,OC(C(O)c1ccccc1)C(O)=O,-0.3063
5336,CC=C(Cc1ccccc1)C(O)=O,-2.5648
5337,OC(=O)c1ccc(NC(=O)c2cccnc2)cc1,-3.0832
5338,CCOC(OCC)C(C)=O,-0.2059
5339,O=C1CCCCCNC(=O)CCCCCNC(=O)CCCCCNC(=O)CCCCCN1,-2.8126
5340,CC(C)OC(=O)C(O)(c1ccc(Cl)cc1)c2ccc(Cl)cc2,-5.3544
5341,OC1=C(C2CCCc3ccccc23)C(=O)c4ccccc4O1,-4.8638
5342,CC(=O)OCCS,-1.5
5343,CC1=C(Cl)C(=O)N(C(=O)N1)C(C)(C)C,-2.4845
5344,CO[P](=S)(OC)SS[P](=S)(OC)OC,-4.3981
5345,NC(=O)NN=C[C@H](O)[C@@H](O)[C@H](O)CO,-0.1288
5346,OC(=O)CC[P](O)(O)=O,0.5007
5347,OC[C@H]1O[C@@H](O[C@H]2[C@H](O)[C@@H](O)[C@H](O)O[C@@H]2CO)[C@H](O)[C@@H](O)[C@H]1O,-0.8167
5348,CCN(CC)CCSCCN(CC)CC,-2.3663
5349,CC(=O)CC(CC(O)=O)c1ccccc1,-1.4463
5350,CCN(c1c(cc(cc1[N+]([O-])=O)[N+]([O-])=O)[N+]([O-])=O)[N+]([O-])=O,-3.7007
5351,Nc1ccc(cc1)C#Cc2ccc(N)cc2,-2.4326
5352,OC(=O)c1ccccc1C(=O)c2ccccc2O,-2.3428
5353,[O-][N+](=O)C(COC(=O)c1ccccc1C(=O)OCC([N+]([O-])=O)([N+]([O-])=O)[N+]([O-])=O)([N+]([O-])=O)[N+]([O-])=O,-3.5782
5354,CCC(O)C(Cl)(Cl)Cl,-0.9481
5355,CC(C)CC1OCCO1,-0.3695
5356,O=C1CCCCCCCCN1,-1.0737
5357,CNCl,0.2806
5358,OC(=O)C(S)CS,-0.2374
5359,O/N=C/c1oc(cc1)[N+]([O-])=O,-2.1934
5360,O=C1CCCCCN1C(=O)c2ccccc2,-2.1667
5361,O=C1C=CC(C=C1)=NNc2ccc(N=Nc3ccccc3)c4ccccc24,-6.0092
5362,CC1(C)C2CCC1(C)C(N)(C2)C(O)=O,-1.5961
5363,[Br-].CC[NH2+]CC,0.8123
5364,Cc1ccc(cc1N)[S](N)(=O)=O,-1.9169
5365,CCCCCCCCNC(=O)C(C)O,-2.2827
5366,CCCCCCCCCCNC(=O)C(C)O,-3.3605
5367,CC(O)C(=O)OC(C)C(=O)OCC=C,-0.6826
5368,CNCC(O)C(O)C(O)C(O)CO,0.4084
5369,COC(=O)C(C)OC(C)=O,-0.2617
5370,OC(=O)CN(CCC#N)CCC#N,0.4578
5371,COc1cc2nccnc2c(N)c1OC,-1.7102
5372,CN(C(N)=O)c1ccc(C)cc1,-0.423
5373,CC(C)CC(C)CO,-1.6007
5374,NC(=O)c1ccc(cc1)[S](N)(=O)=O,-2.3015
5375,CC1=CN(Cc2ccccc2)C(=O)NC1=O,-2.2558
5376,Cc1[nH]cnc1[S](O)(=O)=O,0.188
5377,Cc1ccc2NC(=O)C(=O)Nc2c1,-3.0418
5378,OC(=O)c1ccc(Br)c(c1)[N+]([O-])=O,-2.9677
5379,CN1c2ccccc2C(O)(c3ccccc3)c4ccccc14,-3.9031
5380,CC1(CCCC=C1C(O)=O)C(O)=O,-1.9642
5381,OC(=O)CC(N(CCC#N)CCC#N)C(O)=O,-1.5337
5382,CN(C)C(=O)c1ccccc1C(=O)N(C)C,0.5083
5383,COc1cc(CC=C)ccc1OCC([O-])=O,-2.2786
5384,C\C=C/C(=O)O[C@@H]1C[C@H]2O[C@@H]3C=C(C)C(=O)C[C@]3(C)[C@]1(C)[C@@]24CO4,-2.9196
5385,CCCCCOC(=O)C(C)O,-1.2047
5386,OCc1cc(Cl)ccc1OCC(O)=O,-2.0347
5387,CNC(=O)Oc1cc(C)c(N(CC=C)CC=C)c(C)c1,-3.5932
5388,Clc1cccc(Oc2ccccc2)c1,-4.2107
5389,CC(=C)[C@@H]1CC=C(C)C(=O)C1,-2.0608
5390,Oc1ccc(cc1C(=O)Nc2ccc(Cl)cc2)[N+]([O-])=O,-5.122000000000001
5391,Oc1c(cccc1[N+]([O-])=O)C(=O)Nc2ccc(Cl)cc2,-4.5452
5392,CC(C)C(Br)C(=O)NC(C)C(O)=O,-0.4825
5393,Cn1cnc2N(C)C(=O)N(CCCCC(C)=O)C(=O)c12,-0.5579999999999999
5394,CCCCCOC(=O)c1ccc(O)cc1,-3.8135
5395,CC[C@]12CC[C@H]3[C@@H](CCC4=CC(=O)CC[C@H]34)[C@@H]1CC[C@@]2(O)C#C,-5.2567
5396,O=CCc1ccc2OCOc2c1,-1.96
5397,OC(=O)C1CC(=O)c2ccccc2C1,-2.1031
5398,CCNc1nc(Cl)nc(NCC(=O)OCC)n1,-2.9374
5399,NC(CO)C(=O)NC(CO)C(O)=O,-0.5847
5400,ONC1=C(CCC1)N=O,-1.9937
5401,CC1CCC(=O)N1c2ccccc2,-0.8457
5402,COC(=O)c1c(cccc1[N+]([O-])=O)C(O)=O,-2.0853
5403,CC(C)OC(=O)c1cccc(c1C([O-])=O)[N+]([O-])=O,-2.3466
5404,CC(C)OC(=O)c1c(cccc1[N+]([O-])=O)C([O-])=O,-2.4897
5405,CC(C)(C)OC(=O)c1cccc(c1C([O-])=O)[N+]([O-])=O,-3.0467
5406,CC(C)CCOC(=O)c1cccc(c1C([O-])=O)[N+]([O-])=O,-3.0689
5407,Cc1cc(C)c(c(C)c1)[PH](O)=O,-2.7896
5408,CCC(C)OC,-0.7306
5409,OCC(CO)OCC=C,0.481
5410,CN(C(/N)=N/[N+]([O-])=O)[N+]([O-])=O,-0.6104
5411,CCC(C)OC(=O)c1cccc(c1C([O-])=O)[N+]([O-])=O,-2.7193
5412,C[C@H]1CCCC[C@@H]1C,-4.3341
5413,N[C@@H](CO)C(O)=O,-0.3861
5414,NC(CCC(O)=O)C(O)=O,-0.9916
5415,Clc1ccc(Oc2ccccc2Cl)cc1,-5.52
5416,CC(=O)NC(NC(C)=O)c1ccccc1,-1.3144
5417,CNC(=O)\C=C(/C)O[P](=O)(OC)OC,0.6514
5418,COc1c(Cl)c(Cl)cc(Cl)c1Cl,-5.1307
5419,NC(=O)N\N=C\C(O)C(O)C(O)C(O)CO,-0.4257
5420,CCCCOC(=O)c1cccnc1,-1.8367
5421,OCCCOC(=O)c1ccccc1,-1.2558
5422,CNC(=O)Oc1ccccc1C2OCCO2,-1.5706
5423,Clc1ccc(Oc2ccccc2)cc1,-4.7925
5424,CC(C)c1ccccc1Br,-4.1898
5425,CCCC[P](=O)(CCCC)OCC,-1.2005
5426,Cc1cc(O)c(cc1Cl)[N+]([O-])=O,-4.3901
5427,COc1cc(cc(Cl)n1)C(Cl)(Cl)Cl,-4.3635
5428,CCOc1ccc(cc1)N(C(C)=O)C(C)=O,-1.947
5429,CCCCO[P](=O)(OCC)OCCCC,-1.8456
5430,CCCCO[P](=O)(OC)OCCCC,-1.4995
5431,OC(=O)c1cccc2ncccc12,-2.6774
5432,COC(=O)c1cc(Cl)cc(N)c1Cl,-3.2634
5433,CCC(C)(O)C(C)(C)C,-1.2708
5434,CN(C)C(=O)CCC(=O)N(C)C,0.5035
5435,OC(=O)CC[Se][Se]CCC(O)=O,-2.2681
5436,OCN1CC(=O)N(CO)CC1=O,-0.4168
5437,CC(C)C1C(=O)NC(=O)NC1=O,-1.4556
5438,O=[P](Oc1ccccc1)(Oc2ccccc2)N3CCOCC3,-2.1425
5439,CN(N=O)C(C)=O,-0.7684
5440,ClC1(Cl)C2(Cl)C3C(CC4C3C1(Cl)C5(Cl)C4C25Cl)C=O,-7.2006
5441,O=[S]=O,0.2235
5442,CCNc1c(cc(cc1[N+]([O-])=O)[N+]([O-])=O)[N+]([O-])=O,-3.4085
5443,Nc1sc2cccc(O)c2n1,-1.9196
5444,CC1(CCOC1=O)C(O)=O,0.8412
5445,OC(=O)c1ccc2C(=O)c3ccccc3C(=O)c2c1C(O)=O,-2.8141
5446,NC1=NC(=O)N(C=C1)[C@H]2CC[C@@H](CO)O2,-0.4416
5447,COC1(C)COC(C)(CO1)OC,-1.246
5448,COc1cc(\C=C\C)ccc1OCC([O-])=O,-1.5826
5449,O=C1CCCCCCCCCCCCN1,-2.6260000000000003
5450,OCc1cc(Cl)c(Cl)c(Cl)c1,-3.0948
5451,II,-2.886
5452,Oc1cccc2cncnc12,-2.0361
5453,CCCCS[S](=O)CCCC,-2.2886
5454,NCC(O)c1ccccc1,-0.4764
5455,CC(Cl)C(C)Cl,-2.3541
5456,ON(C(=O)c1occc1)c2ccccc2,-3.194
5457,[H+].[F-],1.6988
5458,O[S](O)(=O)=O,1.0084
5459,CCCOC(=O)c1cccnc1,-1.2403
5460,Cn1c(COC(N)=O)ncc1[N+]([O-])=O,-1.8433
5461,CCCCC(NC(C)=O)C(O)=O,-0.6823
5462,CO[P](=O)(OC)OC(/C)=C/C(=O)OC(C)c1ccccc1,-2.4973
5463,OC(=O)c1c(Cl)ccc2ccccc12,-2.3152
5464,CCCOCCN(C(=O)CCl)c1c(CC)cccc1CC,-3.795
5465,N#N,-0.1901
5466,O.O.O.O.O.[Cu++].[O-][S]([O-])(=O)=O,-0.8922
5467,O[As](O)(O)=O,0.6187
5468,O=O,0.0691
5469,ClCl,-1.0513
5470,COC(=O)\C=C(/C)O[P](=O)(OC)OC,0.4276
5471,CCC(Cl)(Cl)Cl,-1.8898
5472,CCO[P](=O)(OCC)SCCSCC.CCO[P](=S)(OCC)OCCSCC,-3.9351
5473,CCCC(C)c1cccc(OC(=O)NC)c1.CCC(CC)c2cccc(OC(=O)NC)c2,-3.947
5474,CCCCCCCCOCCO,-2.125
5475,CC(C)[C@@H](O)C#N,0.3048
5476,CCC(CC)COC(C)=O,-1.3528
5477,ClC/C=C/Cl,-1.598
5478,CC1CC1(C(O)=O)C(O)=O,0.8412
5479,OC(=O)CC(C(O)=O)(c1ccccc1)c2ccccc2,-2.4318
5480,NC(=O)C(Br)(Br)C#N,-1.2075
5481,COc1ccc(Cl)cc1C(=O)NCCc2ccc(cc2)[S](=O)(=O)NC(=O)NC3CCCCC3,-5.0917
5482,CO[P](N)(=O)SC,0.8504
5483,CC(C)CN1CCOCC1,-0.7089
5484,CC(=O)N[C@@H](Cc1cc(Br)c(O)c(Br)c1)C(O)=O,-2.1830000000000003
5485,OC(=O)c1ccc2ncccc2c1,-0.0456
5486,O=C(NC1CCCCC1)c2cccnc2,-2.319
5487,CC1(C)C2CCC1(C)C(=O)C2O,-0.9249
5488,Nc1cc(ccc1Br)[N+]([O-])=O,-3.5583
5489,CCCCCCCCOCC(O)CO,-1.9208
5490,CCOC(=O)CCCOc1ccc(Cl)cc1C,-4.4095
5491,OC1(CCN(CCCC(=O)c2ccc(F)cc2)CC1)c3ccc(Br)cc3,-3.6693
5492,Cc1c(Cl)c(O)c(Cl)c(Cl)c1Cl,-4.6021
5493,CCO[P](=O)(OC)OC,0.5112
5494,CCO[P](=S)(OCC)SC[S](=O)C(C)(C)C,-2.4421
5495,CC(C)OC(=O)c1cc(cc(c1)[N+]([O-])=O)C(=O)OC(C)C,-5.0389
5496,COC(=O)[C@@]1(O)OC[C@@]23[C@H](C[C@@H](OC(C)=O)[C@]4(CO[C@@H]([C@@H](O)[C@](C)([C@H]12)[C@]56O[C@@]5(C)[C@H]7C[C@@H]6O[C@@H]8OC=C[C@]78O)[C@H]34)C(=O)OC)OC(=O)C(/C)=C/C,-3.4428
5497,O[P](O)(=O)CCCl,0.8401
5498,[Mn].C[c-]1cccc1.[C-]#[O+].[C-]#[O+].[C-]#[O+],-3.8762
5499,CCOc1cc(N=Nc2cc(cc(c2Br)[N+]([O-])=O)[N+]([O-])=O)c(NC(C)=O)cc1N(CCOC(C)=O)CCOC(C)=O,-8.8336
5500,CNC(=O)Oc1cc(C)cc(C)c1C,-1.9851
5501,OC(=O)CC[Ge](=O)O[Ge](=O)CCC(O)=O,-1.4932
5502,COc1ccc(cc1)C(O)(C2CC2)c3cncnc3,-2.5959
5503,CC(C)OCC(O)COC(C)C,0.0549
5504,CC(=O)c1ccc(O)c(c1)C([O-])=O,-2.2304
5505,ClCC(Cl)(Cl)CCl,-2.5785
5506,COC1[C@H](O)C(CO[C@@H]2C(O)C[C@@H](O)OC2C)O[C@@H](O[C@H]3CC[C@]4(C)C5CC[C@]6(C)[C@H](CC[C@]6(O)C5CC[C@]4(O)C3)C7=CC(=O)OC7)C1O,-1.94
5507,CN(C)C(=O)c1ccc(cc1)C(=O)N(C)C,0.2656
5508,O=C(Nc1ccccn1)c2cccnc2,-2.9771
5509,CCN(CC)C(=O)\C(Cl)=C(/C)O[P](=O)(OC)OC,0.5233
5510,[O-][N+](=O)c1ccc(ONC=C2C=C(Br)C(=O)C(=C2)Br)c(c1)[N+]([O-])=O,-6.6637
5511,CCCS[P](=O)(OCC)SCCC,-2.5094
5512,O=C1Nc2cncnc2N1,-1.5141
5513,CN(CC(O)=O)N=O,0.9278
5514,NC(=N)NC(=N)Nc1cccc2ccccc12,-2.3151
5515,CCO[P](=O)(OCC)SCc1ccccc1,-2.4155
5516,Nc1c(cc(Nc2ccc(c(Nc3nc(Cl)nc(Cl)n3)c2)[S](O)(=O)=O)c4C(=O)c5ccccc5C(=O)c14)[S](O)(=O)=O,0.1956
5517,CCCCNCC,-0.4405
5518,CN1C(=O)N(C)c2nccnc2C1=O,-1.4598
5519,CC1(C)Cc2cccc(c2O1)[N+]([O-])=O,-3.2068
5520,CC(=O)N[C@@H](CSc1ccc(Cl)c(Cl)c1)C(O)=O,-2.8868
5521,CCOC(=O)c1cn2nc(O[P](=S)(OCC)OCC)cc2nc1C,-4.9489
5522,IC1=CNC(=O)C=C1,-1.7423
5523,NC(N)=NCCCCCCCCNCCCCCCCCN=C(N)N,0.3322
5524,CCNc1nc(OC)nc(n1)N(CC)CC,-2.9987
5525,CCCCOC(=O)C(C)OC(=O)C(C)O,-1.3752
5526,NC(=O)NCNC(N)=O,-0.6525
5527,CCC(O)CN,1.0499
5528,ClC1=C(Cl)C2(Cl)C3CCC4C(CCC3C1(Cl)C2(Cl)Cl)C5(Cl)C(=C(Cl)C4(Cl)C5(Cl)Cl)Cl,-13.1719
5529,CCO[P](=S)(OCC)Oc1cnc2ccccc2n1,-4.1322
5530,OC(=O)c1cc[n+]([O-])cc1,-1.102
5531,CCCC1CCCNC1,-1.011
5532,CC(CCl)O[P](=O)(OC(C)CCl)OC(C)CCl,-2.4361
5533,CC(=O)OC1(CCC2C3C=C(Cl)C4=CC(=O)C=CC4(C)C3CCC12C)C(C)=O,-4.9453
5534,OC[C@@H](NC(=O)CN=[N+]=[N-])[C@H](O)c1ccc(cc1)[N+]([O-])=O,-1.1692
5535,CCC(C)N,0.1851
5536,OC(=O)\C=C\CBr,-0.7403
5537,CN1c2ccccc2Sc3ccc(CC(O)=O)cc13,-3.9422
5538,C/C=C/CC1(C\C=C\C)C(=O)NC(=O)NC1=O,-2.1973
5539,Cc1oc(cc1C([O-])=O)[C@H](O)[C@H](O)[C@H](O)CO,-1.2774
5540,CN(C)c1ncnc2nccnc12,-1.0216
5541,CCOCCC(=O)OC,-0.0719
5542,CCCCOC(=O)CCOCC,-1.6391
5543,CCCCCOC(=O)CCOCC,-2.1956
5544,CCCCCCOC(=O)CCOCC,-2.8289
5545,CCCOCCC(=O)OC,-0.6334
5546,CCCOCCC(=O)OCCC,-1.6848
5547,CCCCOCCC(=O)OCCCC,-2.4029
5548,C1COc2ccccc2OCCOCCOc3ccccc3OCCO1,-4.6935
5549,COc1ccc(Oc2ccc(NC(=O)N(C)C)cc2)cc1,-4.1558
5550,FC(F)(F)c1nc2cc(Cl)c(Cl)cc2n1C(=O)Oc3ccccc3,-4.4603
5551,CC(C)C(N)C(=O)NCC(O)=O,0.4579
5552,CN(C)C(=O)c1cccc(c1)C(=O)N(C)C,0.487
5553,OC(=O)CCC[Se][Se]CCCC(O)=O,-2.2471
5554,CCOC(=O)COc1ccc(Cl)cc1,-2.4206
5555,COC(=O)C(Cl)Cc1ccc(Cl)cc1,-3.7655
5556,Cc1ccccc1Oc2cccnn2,-1.969
5557,CN1C(=O)NN(C1=O)c2ccccc2,-2.9804
5558,NC(=O)c1ccccc1OCC=C,-2.2273
5559,CC(C)C1NC(=O)CNC1=O,-0.8926
5560,CCCC(C)C(O)CC,-1.9636
5561,CC1(C)CCC2(CCC(C)(C)O2)O1,-1.9644
5562,Oc1ccccc1[S](=O)(=O)c2ccccc2O,-3.3192
5563,[O-]C(=O)[C@H](Cc1ccccc1)[NH2+]CCC#N,-1.4939
5564,ClC(Cl)C(Cl)C(Cl)Cl,-2.7223
5565,NC(Cc1cc(Cl)c(O)c(Cl)c1)C(O)=O,-1.7546
5566,OC(=O)CC(O)(CC(O)=O)C(=O)Nc1ccccc1,-0.4874
5567,COC(=O)c1ccc(O)c(I)c1,-3.3138
5568,CCOC(=O)c1ccc(O)c(I)c1,-3.4924
5569,CCCOC(=O)c1ccc(O)c(I)c1,-3.6865
5570,CCCCOC(=O)c1ccc(O)c(I)c1,-3.9033
5571,C[C@@H](Oc1ccc(Cl)cc1Cl)C(O)=O,-2.6003
5572,CNC(=O)O\N=C1/[C@@H](Cl)C2C[C@H](C#N)C1C2,-2.0822
5573,CCN(CC)C(=O)C(C)Oc1cccc2ccccc12,-3.5702
5574,Ic1ccccc1C(=O)Nc2ccccc2,-4.2084
5575,OCc1c2OCOc2ccc1[N+]([O-])=O,-3.0643
5576,[O-][N+](=O)c1ccc(Oc2ccc(cc2[N+]([O-])=O)C(F)(F)F)cc1,-5.2151
5577,CN[S]#CNCO,-0.0798
5578,CC(OC(C)=O)C#N,0.2475
5579,N.N.[Cl-].[Cl-].[Pt++],-2.0741
5580,O=C1Nc2ccccc2NC1=O,-2.812
5581,CCCCC(C)(C)CCC,-4.8108
5582,OC(=O)CSSSSCC(O)=O,-1.452
5583,CCCCOCCOC(N)=O,-0.5084
5584,OCc1c(Cl)c(Cl)c(Cl)c(Cl)c1Cl,-5.1467
5585,OC(=O)CC(Cl)C(O)=O,0.0767
5586,CCNC(=O)[C@H](C)OC(=O)Nc1ccccc1,-1.8293
5587,CCCCCC[P](=O)(OCC)OCC,-2.5687
5588,Oc1cc2ccccc2cc1C3=NCCN3,-3.3015
5589,Cc1ccc(O)c(I)c1,-2.4662
5590,CC(=O)Oc1ccccc1\C=C\C(O)=O,-3.1559
5591,CCOC(=O)c1ccc(O)c(Cl)c1,-3.2232
5592,CC(C)C[C@H](N)C(=O)N[C@@H](CCC(O)=O)C(O)=O,-0.8969
5593,CCCC(=O)N(C)N=O,-1.5347
5594,C[C@@H](Oc1ccc(Cl)cc1C)C(O)=O,-2.3972
5595,NC(=O)C(Cl)=C,-0.2104
5596,C=COC1CC1,-1.1001
5597,CC1(CCN2CCCCC2)NC(=O)NC1=O,-0.8213
5598,CC(=O)O[C@H]1[C@H](O[C@@H]2OC(C)(C)O[C@H]12)[C@H]3COC(C)(C)O3,-1.5229
5599,NNC(=O)c1sccn1,-0.6787
5600,CNC(=O)O\N=C(/C)SC,-0.4466
5601,COc1cc(Cl)c(Cl)c(Cl)c1OC,-4.3701
5602,COc1cc(Cl)ccc1O,-1.5013
5603,Nc1ccc(cc1)[S](=O)(=O)Nc2scnn2,-2.8684
5604,CCOC(=O)CC1(C)CCC(=O)O1,-0.7472
5605,CCC(C(C(O)=O)c1ccccc1)C(O)=O,-2.3256
5606,ON(c1ccccc1)C(=O)c2ccc(Cl)cc2Cl,-3.6723
5607,CSc1ncc2nccnc2n1,-1.7561
5608,CC(C)C1(Br)C(=O)NC(=O)NC1=O,-2.2088
5609,N[S](=O)(=O)c1ccc(cc1)[S](N)(=O)=O,-2.5283
5610,CCCCC1(CCCC)C(=O)NC(=O)NC1=O,-2.8756
5611,Oc1cccc2ccnnc12,-2.4089
5612,Cc1cnnc2c(O)cccc12,-2.6783
5613,Oc1cccc2nccnc12,-1.3468
5614,Oc1cncc2cccnc12,-1.6576
5615,NC(=O)NCC(=O)NCC(=O)NCC(O)=O,-1.3505
5616,CCNC(CC)C(O)=O,-0.4189
5617,O[C@H](C(O)=O)c1ccccc1,0.1592
5618,NC(=O)NCC(=O)NCC(O)=O,-0.8996
5619,CC(C)OC(C)(C)C,-2.3662
5620,N[C@@H](Cc1cc(c(O)c(c1)[N+]([O-])=O)[N+]([O-])=O)C(O)=O,-1.5125
5621,CC(C)=NNC(=O)Nc1ccc(cc1)[N+]([O-])=O,-3.5952
5622,COc1c(cc(cc1C(O)=O)C(O)=O)C(O)=O,-1.5354
5623,CCC1OC(=O)c2ccccc12,-1.747
5624,CC1Nc2cc(Cl)c(cc2C(=O)N1c3ccccc3C)[S](N)(=O)=O,-3.783
5625,Cc1nnc(N)nc1C,-1.0939
5626,CN(C)C(CS[S](=O)(=O)c1ccccc1)CS[S](=O)(=O)c2ccccc2,-5.76
5627,CCC(CC#N)C#N,-0.6916
5628,CC1OC(CCC1OC2OC(C)C(C(O)C2O)N(C)C)N3C=CC(=NC3=O)NC(=O)c4ccc(NC(=O)C(C)(N)CO)cc4,-2.4904
5629,OCCOC(=O)c1ccccc1C(O)=O,-1.4825
5630,Nc1cc(c(O)c(c1)[N+]([O-])=O)[N+]([O-])=O,-2.3853
5631,OC(=O)Cc1sc(nc1c2ccc(Cl)cc2)c3ccccc3,-4.9644
5632,C=CCCCN=C=S,-2.9004
5633,Oc1cc(ccc1[N+]([O-])=O)c2ccccc2,-3.8557
5634,COc1c(C)c(C=O)ccc1O,-1.3755
5635,CC(C)OC(=O)c1ccc(N)cc1,-2.6099
5636,C[Si](C)(C)CCCN,-1.9509
5637,NNC(=N)N[N+]([O-])=O,-1.6458
5638,OCc1ccc(I)cc1,-2.7460000000000004
5639,CC1CCCC(=NO)C1=NO,-1.5916
5640,CC1CCC(=C(C1)NO)N=O,-1.6622
5641,CC(C)C1CCC(=NO)C(C1)=NO,-2.3903
5642,C[C@H](NC(N)=O)C([O-])=O,-0.9656
5643,Cc1cccc2c3cc4ccccc4cc3cc(C)c12,-7.9743
5644,ON=C1CCCCCCCCC1=NO,-2.5813
5645,COC(=O)C1=CO[C@@H](O[C@@H]2O[C@H](CO)[C@@H](O)[C@H](O)[C@H]2O)[C@@H]3[C@@H](C)[C@@H](O)C[C@H]13,-0.5911
5646,CCS[S](=O)CC,-0.0993
5647,CC(C)(C)NCC(O)c1ccc(O)c(CO)c1,-1.2298
5648,COC1CCCC(C)O1,-0.5921
5649,CC1(C)OC2(C)CCC1CC2=O,-0.9249
5650,CNC(=O)N(C)c1sc2ccccc2n1,-3.5741
5651,CCCCC(O)C(C)C,-1.8122
5652,CCC(C)CC(O)CC,-1.8602
5653,CCC(O)CCC(C)C,-1.9272
5654,OC(=O)C1CCC([Se]1)C(O)=O,-0.545
5655,CCO[P](=S)(OCC)Oc1cc(on1)c2ccccc2,-5.2172
5656,CC(C)CC(=O)Oc1ccc(cc1)[N+]([O-])=O,-4.3945
5657,OCc1ccccc1Br,-2.158
5658,CC(=O)Nc1ccc(cc1)[S](=O)(=O)Nc2ccccn2,-3.7162
5659,CCc1nc2nc(N)nc(N)c2nc1CC,-3.2671
5660,CNc1ncc2nccnc2n1,-1.7124
5661,COc1cc(NC(=O)c2cccnc2)c3ncccc3c1,-4.4461
5662,N[C@@H]([C@H](O)[C@@H](O)COC(N)=O)C(=O)N[C@@H]([C@H]1O[C@H](C(O)C1O)N2C=C(CO)C(=O)NC2=O)C(O)=O,0.2946
5663,COc1cc(C=O)cc(Cl)c1O,-2.8747
5664,Brc1ccc2COC(=O)c2c1,-2.6472
5665,CCC(C)C(O)C(C)CC,-2.5108
5666,Oc1c(Cl)cc(Cl)cc1Cc2ccccc2,-4.6399
5667,Clc1ccc2COC(=O)c2c1,-2.4817
5668,CCOc1ccc(C(O)=O)c2ccccc12,-4.1122
5669,CCC(C)(O)C(O)c1ccccc1,-1.7244
5670,CC(C)C[C@@H](NC(C)=O)C(O)=O,-1.3301
5671,COC[C@H](N)C(O)=O,0.6524
5672,BrC1=CN=CNC1=O,-0.4471
5673,OC1=C(C#N)C(=O)C=C(Cl)N1,-1.2319
5674,CC(CO)C(=O)O[C@H]1CC(=C/CCC(=C/[C@H]2OC(=O)C(=C)[C@H]12)/CO)/C,-2.2436
5675,CCNC(C)C,1.0597
5676,Clc1c(Cl)c(Cl)c2ccccc2c1Cl,-7.7954
5677,CCCCCCCCCCCCOC(=O)c1ccc(N)cc1,-7.8
5678,CCCCCN(N=Cc1oc(cc1)[N+]([O-])=O)C(N)=O,-2.8971
5679,ClC(Cl)(Cl)CC(=C)c1ccccc1,-4.2822
5680,COc1ccc2n(c(C)c(CC(O)=O)c2c1)C(=O)\C=C\c3ccccc3,-5.5433
5681,CCCCCO[P](=O)(OCC)OCC,-1.4757
5682,CC(O)C(C)(C)C,-0.6238
5683,CCCCCC(O)CC,-2.0171
5684,CC[S](=O)(=O)CCS[P](=S)(OC)OC,-2.5415
5685,COCC(C)OCC(C)OCC(C)O,0.6855
5686,CCCOc1ccc(NC(C)=O)cc1,-3.0557
5687,CC1(C)C2CCC1(C)C(=O)C2CO,-0.215
5688,CN(C(N)=O)c1ccccc1C,-0.4032
5689,CCCCCCO[N+]([O-])=O,-3.1265
5690,CCN(C(N)=O)c1ccccc1C,-0.2096
5691,OC(=O)CC1=CNC(=O)NC1=O,-1.6287
5692,CCCC(O)(CCC)C(O)c1ccccc1,-2.648
5693,CCCCC(O)(CCCC)C(O)c1ccccc1,-3.2225
5694,Cc1cc(C)c(C)c(C)n1,-1.3069
5695,C[C@H]1O[C@H](C[C@H](O)[C@@H]1O)O[C@H]2[C@@H](O)C[C@@H](O[C@@H]2C)O[C@H]3[C@@H](O)C[C@@H](O[C@@H]3C)O[C@H]4CC[C@@]5(C)[C@H](CC[C@@H]6[C@@H]5C[C@@H](O)[C@]7(C)[C@H](CC[C@]67O)C8=CC(=O)OC8)C4,-4.0811
5696,Clc1ccc(NC(NC=O)C(Cl)(Cl)Cl)cc1Cl,-3.3228
5697,S=C1NSC(=S)N1,-1.7618
5698,CC1CC(C)(C)c2cc(C(C)=O)c(C)cc2C1(C)C,-5.3154
5699,OC(=O)c1cccc(C(O)=O)c1[N+]([O-])=O,-1.9901
5700,CC(C#C)N(C(=O)CCl)c1ccccc1,-2.6468
5701,CC(Cl)C(C)(C)O,-0.2926
5702,Oc1cc(c2ccccc2)c(cc1[N+]([O-])=O)[N+]([O-])=O,-4.4611
5703,CCO[P](=O)(OCC)N=C1SCS1,-0.6835
5704,N#CSCSc1sc2ccccc2n1,-3.2803
5705,CCCC(O)CC(C)C,-1.9079
5706,[O-]C(=O)c1cc(Br)ccc1Cl,-1.952
5707,CN1C(=O)COc2ccccc12,-2.1445
5708,CC(=O)OC(c1ccc(Cl)c(Cl)c1)C(Cl)(Cl)Cl,-3.8279
5709,CCC(O)CNCC(O)CC,0.7925
5710,CCCC(C)O[N+]([O-])=O,-2.4809
5711,[Cl-].C[NH+](C)C(CSC(N)=O)CSC(N)=O,-0.1364
5712,Cc1snnc1C(O)=O,-0.4598
5713,CC(O)C(O)c1cnc2NC(=NC(=O)c2n1)N,-2.5301
5714,CCOC(=O)C(C)N(C(=O)c1ccccc1)c2ccc(Cl)c(Cl)c2,-4.2627
5715,CO[P](=O)(OC)OC(=C/Cl)/c1cc(Cl)c(Cl)cc1Cl,-4.5221
5716,CCOc1ccc(NC(=O)CO)cc1,-2.1058
5717,OC(=O)C(c1ccccc1C(O)=O)c2ccccc2C(O)=O,-2.4998
5718,C[S](=O)(=O)N(SC(Cl)(Cl)C(F)(Cl)Cl)c1ccccc1,-5.1485
5719,OC(=O)CC(=O)c1ccccc1[N+]([O-])=O,-1.8434
5720,CNC(=O)Oc1cccc2OC(C)(C)Oc12,-2.9338
5721,COc1ccc(C[C@@H]2NC[C@@H](O)[C@@H]2OC(C)=O)cc1,-1.6075
5722,[Na+].[O-]C(=O)C(F)(F)C(F)F,-0.8829
5723,CCNc1nc(NC(C)C(C)C)nc(SC)n1,-3.7082
5724,CC(C)Nc1nc(Cl)nc(NC2CC2)n1,-3.5185
5725,CC(C)=C[C@H]1[C@H](C(=O)OC2CC(=O)C(=C2C)CC#C)C1(C)C,-4.5746
5726,CCn1cnc2N(C)C(=O)N(C)C(=O)c12,-0.7544
5727,CN(C)C(=O)Oc1nc(nc(C)c1C)N(C)C,-1.9457
5728,CNC(=O)O\N=C(SC)\C(=O)N(C)C,0.1062
5729,CN1C(=O)N(C)c2ncn(CCCO)c2C1=O,-0.1551
5730,[H+].[Cl-].CNC(=O)Oc1cccc(c1)N=CN(C)C,0.5037
5731,CCO[P](=S)(OCC)Oc1cc(C)nc(n1)N(CC)CC,-4.9242
5732,CO[P](=O)(OC)OC1=C(Cl)C2C=CCC12,-2.0011
5733,COC(=O)NC(=S)Nc1ccccc1NC(=S)NC(=O)OC,-4.1097
5734,CC(C)(CCC(C)(C)CC(O)=O)CC(O)=O,-3.1319
5735,CCCCCCOC(=O)c1cccnc1,-2.6538
5736,O[P](O)(=O)CN(CCCCCCN(C[P](O)(O)=O)C[P](O)(O)=O)C[P](O)(O)=O,-1.5161
5737,CN(C)c1[nH]c2cncnc2n1,-1.3885
5738,Cc1ncc2nc(C)c(C)nc2n1,-1.1442
5739,NC(=O)NN=C[C@H](O)[C@@H](O)[C@H](O)[C@H](O)CO,-1.0041
5740,OC(=O)C1=CNC(=O)NC1=O,-1.9381
5741,CC(C)(NC(=O)c1cc(Cl)cc(Cl)c1)C#C,-4.2324
5742,CCO[P](=S)(OCC)Oc1ncn(n1)c2ccccc2,-3.9049
5743,CC1(C)OC(=O)c2cc3ccccc3cc12,-2.9844
5744,CC(=O)Nc1ccc(Br)cc1C,-1.756
5745,CC(C)COCN(C(=O)CCl)c1c(C)cccc1C,-3.6822
5746,Cc1occc1C(=O)Nc2ccccc2,-3.3037
5747,CCCCC(CCC(O)=O)CC(O)=O,-1.3974
5748,CCCCCC1C(CCC1=O)CC(=O)OC,-2.9076
5749,O=C1N=CNc2nc(c3ccccc3)c(nc12)c4ccccc4,-3.1766
5750,Cc1cccc(I)c1O,-1.8378
5751,Clc1ccc(Cl)c(Oc2ccccc2)c1,-4.9703
5752,Clc1ccc(Oc2cc(Cl)cc(Cl)c2)cc1,-5.5201
5753,CCO[P](=S)(OCC)SCCl,-3.5924
5754,CCOC(=O)CN1C(=O)Sc2cccc(Cl)c12,-3.762
5755,OC(=O)COc1ccc(cc1[N+]([O-])=O)[N+]([O-])=O,-1.9369
5756,CCCCC(CC)COC(=O)COc1ccc(Cl)cc1Cl,-7.0122
5757,CCC\C=C\C,-3.2262
5758,CCC(O)OC(O)CC,0.8723
5759,N[S](=O)(=O)c1ccc(NC2O[C@H](CO)[C@@H](O)[C@H](O)[C@@H]2O)cc1,-0.9801
5760,CCSC(=O)COc1ccc(Cl)cc1C,-5.027
5761,CC(=O)C(=N\O)/c1ccccc1,-2.3676
5762,CNC(=O)N(C)c1sc(nn1)C(F)(F)F,-2.0584
5763,Br\C=C\Br,-1.7415
5764,OC(=O)\C=C/c1cccc(O)c1,-2.099
5765,COCC(C)OCC(C)OC(C)CO,0.6855
5766,[NH4+].CCO[P]([O-])(=O)C(N)=O,0.7693
5767,CSC1=CC(=O)c2ccccc2C1=O,-4.4651
5768,CCCN(CC1CC1)c2c(cc(cc2[N+]([O-])=O)C(F)(F)F)[N+]([O-])=O,-6.5407
5769,CNC(=O)O/N=C/C1(C)SCC(C)S1,-2.3698
5770,Cc1ccc(O[P](=O)(Oc2ccccc2)Oc3ccccc3)cc1,-6.1517
5771,Cc1ccc(O[P](=O)(Oc2ccccc2)Oc3ccccc3C)cc1,-6.3733
5772,CCCCCCCCN1SC=CC1=O,-2.6301
5773,Clc1ccccc1c2c(Cl)c(Cl)c(Cl)c(Cl)c2Cl,-8.0133
5774,CCO[P](=O)(OCC)OCC(C)C,-1.1765
5775,CC(=O)C(CC(O)=O)=Cc1ccccc1,-1.6111
5776,BrC1=CNC(=NC1=O)c2ccccc2,-3.4792
5777,CCCC(=O)OCCOCCOCCOC(=O)CCC,-1.5598
5778,O=C(NC(=O)c1cccnc1)Nc2ccccc2,-3.3825
5779,ClC1CC(Cl)(Cl)C(Cl)C(Cl)C1Cl.ClC2CCC(Cl)(Cl)C(Cl)C2(Cl)Cl.ClC3C(Cl)C(Cl)C(Cl)C(Cl)C3Cl,-4.9408
5780,CCCCCCCCCCC(O)CCC,-5.837000000000001
5781,CNC1=C(Cl)C(=O)N(N=C1)c2cccc(c2)C(F)(F)F,-3.9548
5782,Clc1c(Cl)c(Cl)c2C(=O)OCc2c1Cl,-5.0365
5783,CCOC(=O)Cc1[nH]nc2ccc(Cl)cc12,-3.0256
5784,ClC(Cl)C(=O)NC1=C(Cl)C(=O)c2ccccc2C1=O,-5.0261
5785,CC(C)CCCCCOC(=O)c1ccccc1C(=O)OCCCCCC(C)C,-6.6375
5786,C=CCOC1=N[S](=O)(=O)c2ccccc12,-3.1727
5787,CCOC(C)C(=O)C(O)O,-0.1707
5788,Brc1ccc(c(Br)c1Br)c2c(Br)c(Br)c(Br)c(Br)c2Br,-9.351
5789,CC(C)c1ccccc1O[P](=O)(Oc2ccccc2)Oc3ccccc3,-5.2239
5790,S=C1Nc2nc[nH]c2C=N1,-2.5803
5791,Oc1ccc(c(c2ccccc2)c1[N+]([O-])=O)[N+]([O-])=O,-3.7164
5792,CN(C)C(=S)Nc1ccc(Cl)cc1C,-3.6604
5793,Clc1cccc(Cl)c1Oc2ccccc2,-5.0605
5794,CC(C)=CC1C(C(=O)OCc2coc(Cc3ccccc3)c2)C1(C)C,-6.0524
5795,OC(=O)[C@@H]1CC[C@@H](SS1)C(O)=O,-1.1709
5796,CN1C=C(C(=O)NC1=O)[N+]([O-])=O,-1.9977
5797,CCN(CC)c1c(cc(c(N)c1[N+]([O-])=O)C(F)(F)F)[N+]([O-])=O,-5.4668
5798,CCN(OC(=O)c1ccccc1)C(=O)c2c(OC)ccc(Cl)c2OC,-4.0837
5799,CC(C)NCC(O)COc1ccc(CC(N)=O)cc1,-1.3016
5800,CCC(CC)(C(N)=O)C(N)=O,-1.1992
5801,COC(=O)N(C)C(=O)CS[P](C)(=S)OC,-1.9563
5802,CCCCCCCCCCCCC(O)CCC,-6.7708
5803,ON(c1ccccc1)C(=O)c2cccc3ccccc23,-3.9433
5804,ON(C(=O)c1ccccc1)c2cccc3ccccc23,-3.3065
5805,ON(c1ccccc1)C(=O)c2cc(cc(c2)[N+]([O-])=O)[N+]([O-])=O,-3.6367
5806,NC(=S)SCC(O)=O,-0.7482
5807,OC(=O)CNC(=S)SCC(O)=O,-1.3011
5808,O=C(NCCc1c[nH]cn1)c2ccccc2,-0.634
5809,CC(C)CCCCCCCO[P](=O)(Oc1ccccc1)Oc2ccccc2,-5.7165
5810,CCSCc1ccccc1OC(=O)NC,-2.0927
5811,C1O[C@@H]1[C@@H]2CO2,1.065
5812,CC[S](=O)(=O)c1sc(nn1)N(C)C(=O)NC,-1.945
5813,C[C@@H](Oc1cc(Cl)c(Cl)cc1Cl)C(O)=O,-3.1295
5814,CCC1CCC(O)O1,-0.0651
5815,C1O[C@H]1[C@H]2CO2,1.065
5816,CC1CCC2(CCC(C)O2)O1,-0.4487
5817,CC1=CN([C@H]2C[C@H](N=[N+]=[N-])[C@@H](CO)O2)C(=O)NC1=O,-1.1221
5818,OCCOCCOC(=O)c1ccccc1Nc2cccc(c2)C(F)(F)F,-5.3633
5819,COc1ncnc2nccnc12,-1.113
5820,CCO[P](=S)(OCC)SCN1C(=O)Oc2ccccc12,-5.1905
5821,C1c2ccccc2c3ccc4ccccc4c13,-6.678
5822,COC(=O)C(/C)=C/O[P](=S)(OC)OC,-2.7785
5823,CN(CCO)c1nc2N(C)C(=O)N(C)C(=O)c2n1C,-0.6488
5824,CC(C)CNC(=O)N1CCNC1=O,-2.1538
5825,CC1=CSC(=S)N1CC(O)=O,-1.9632
5826,CN(C(C)=O)c1c(I)c(NC(C)=O)c(I)c(C(=O)NC2[C@@H](O)OC(CO)[C@@H](O)C2O)c1I,-0.1982
5827,CCN[P](=S)(OC)OC(/C)=C\C(=O)OC(C)C,-3.4078
5828,CCCCC(C)C(C)O,-2.0578
5829,Cc1cc2cccc3ccc4c5ccccc5cc1c4c23,-8.5224
5830,CC(C)(O)CCCC1=CCC(CC1)C=O,-1.5376
5831,Clc1cc(Cl)c2c(Cl)c(Cl)c(Cl)c(Cl)c2c1Cl,-8.775
5832,NC1N=C(N)NC(=O)C1=O,-1.6978
5833,OC(=O)c1oc(Cl)c(Cl)c1Cl,-2.2193
5834,CCCCCCC(C\C=C/CCCCCCCC(O)=O)O[S](O)(=O)=O,-0.5781
5835,COc1ccc2NC(=O)C=C(C([O-])=O)c2c1,-3.1104
5836,O[C@@H](C=O)[C@H]1OC(=O)[C@@H](O)[C@H]1O,0.1641
5837,OC(=O)c1occ(Br)c1Br,-2.0887
5838,NC(C(O)C(O)=O)C(N)=O,-1.1494
5839,CCC1=CNC(=O)N=C1N,-1.0197
5840,Clc1ccc(cc1Cl)c2ccc(Cl)c(Cl)c2Cl,-7.9823
5841,OC(=O)[C@H]1CC[C@@H](SS1)C(O)=O,-1.5241
5842,Clc1cc(cc(Cl)c1Cl)c2cc(Cl)c(Cl)c(Cl)c2,-8.8498
5843,CC12CC1(C)C(=O)N(C2=O)c3cc(Cl)cc(Cl)c3,-4.8003
5844,OC(=O)/C=C/c1cccc(Br)c1,-2.636
5845,CN(C=Nc1ccc(C)cc1C)C=Nc2ccc(C)cc2C,-5.4675
5846,Clc1cc(Cl)c(c(Cl)c1Cl)c2c(Cl)cc(Cl)c(Cl)c2Cl,-9.1
5847,CCc1ccccc1NC(C)=O,-1.5906
5848,ClC1=C(Cl)C2(Cl)[C@@H]3CO[S](=O)OC[C@@H]3[C@@]1(Cl)C2(Cl)Cl,-5.9563
5849,CCCN(CCCl)c1c(cc(cc1[N+]([O-])=O)C(F)(F)F)[N+]([O-])=O,-5.5968
5850,Clc1cc(Cl)cc(c1)c2cc(Cl)cc(Cl)c2,-8.3748
5851,Clc1cc(Cl)c(Cl)c(c2ccccc2)c1Cl,-7.25
5852,CCC(C)Nc1c(cc(cc1[N+]([O-])=O)C(C)(C)C)[N+]([O-])=O,-5.4703
5853,CC(=O)c1cc(O)c(O)c(O)c1,-1.4711
5854,CCCN(CCC)c1c(cc(cc1[N+]([O-])=O)C(C)C)[N+]([O-])=O,-6.4491
5855,NN[P](=O)(Oc1ccccc1)Oc2ccccc2,-2.2373
5856,COC(=O)C[S](=O)(=O)c1ccccc1,-1.1406
5857,CCSC(=S)N[C@@H](C)C(O)=O,-0.9613
5858,OC(=O)c1cc(Br)cc(C(O)=O)c1C(O)=O,-1.4481
5859,COc1ccc(cc1)C(C(C)[N+]([O-])=O)c2ccc(OC)cc2,-4.5446
5860,CN(C)C(=O)Nc1ccc(N2N=C(OC2=O)C(C)(C)C)c(Cl)c1,-4.3258
5861,CC(C)c1cc(O[P](=O)(Oc2ccccc2)Oc3ccccc3)cc(c1)c4ccccc4,-6.8485
5862,Clc1cc(Br)c(OC(=O)C=C)c2ncccc12,-4.7168
5863,COC(C)COC(C)CO,0.8292
5864,CCN(CC)C(=O)SCc1ccccc1Cl,-4.031000000000001
5865,CCCS[P](=S)(OCC)Oc1ccc(Cl)cc1Cl,-6.693
5866,CNC(=O)O\N=C(\C)C(C)SC,-0.7353
5867,CNC(=O)O\N=C(/C)C(C)[S](C)(=O)=O,-0.0267
5868,CO[P](=O)(OC)OC1=C(Cl)CC2C=CC12,-2.0566
5869,OC(=O)CSC(SCC(O)=O)SCC(O)=O,-1.4243
5870,Clc1cc(Cl)c(cc1Cl)c2cc(Cl)c(Cl)c(Cl)c2Cl,-8.0115
5871,Clc1ccc(c(Cl)c1Cl)c2cc(Cl)c(Cl)c(Cl)c2Cl,-8.0566
5872,CC(Nc1ccccc1Cl)C(O)=O,-2.3271
5873,CC(C)N(Cc1ccccc1)C(=O)C(C)(C)C,-2.4704
5874,OC(=O)CCCNC(=O)c1ccccc1,-1.2025
5875,CCCS[P](=S)(OCC)Oc1ccc(SC)cc1,-6.0171
5876,Cc1cc(O)c(cc1Cl)C(O)=O,-3.1248
5877,Clc1ccc(C(Cn2ccnc2)OCC=C)c(Cl)c1,-3.2178
5878,C[C@H](NC(=O)[C@H](C)NC(=O)[C@@H](N)CC[P](C)(O)=O)C(O)=O,0.4904
5879,CN1C(=C(/O)Nc2ccccn2)/C(=O)c3ccccc3[S]1(=O)=O,-4.1586
5880,OC(=O)CCC(=O)c1ccc(cc1)c2ccccc2,-5.0609
5881,Brc1cc(Br)c(Oc2cc(Br)cc(Br)c2Br)c(Br)c1,-8.1979
5882,CCO[P](=O)(Oc1ccc(Cl)cc1Cl)Oc2ccc(Cl)cc2Cl,-5.774
5883,Clc1ccc(c(Cl)c1)c2cccc(Cl)c2Cl,-6.6813
5884,CCC#CC(C)C,-2.7448
5885,CO[P](=S)(OC)SCCSC(C)C,-3.4288
5886,CCCCCCC(CC=CCCCCCCCC(O)=O)O[S](O)(=O)=O,-0.5781
5887,CCCCCCCCCCCCCCCCO,-6.7697
5888,CC(C)NC(=O)N1CC(=O)N(C1=O)c2cc(Cl)cc(Cl)c2,-4.3757
5889,CCC(C)N(C(C)CC)C(=O)SCc1ccccc1,-5.0484
5890,NC(=O)c1cc(Cl)cc(Cl)c1N,-2.0814
5891,NC(=O)c1ncn(n1)[C@@H]2O[C@H](CO)[C@@H](O)[C@H]2O,-0.2355
5892,CC(CCc1ccccc1)NCC(O)c2ccc(O)c(c2)C(N)=O,-3.4482
5893,CCCCCCCCCOC(=O)c1ccc(N)cc1,-6.0
5894,OC[C@H]1C[C@H](N[C@H]2C=C(CO)[C@@H](O)[C@H](O)[C@H]2O)[C@H](O)[C@@H](O)[C@@H]1O[C@@H]3O[C@H](CO)[C@@H](O)[C@H](O)[C@H]3O,0.3032
5895,COCCc1ccc(OCC(O)CNC(C)C)cc1,-1.1992
5896,ON(c1ccccc1)C(=O)c2ccccc2I,-3.5304
5897,NCC[C@H](O)C(=O)N[C@@H]1C[C@H](N)[C@@H](O[C@H]2O[C@H](CN)[C@@H](O)[C@H](O)[C@H]2O)[C@H](O)[C@H]1O[C@H]3O[C@H](CO)[C@@H](O)[C@H](N)[C@H]3O,-0.5004
5898,NC(=O)N[C@@H](Cc1ccccc1)C([O-])=O,-2.0958
5899,O=C1N=CNc2cccnc12,-2.0656
5900,Clc1cc(Cl)cc(c1)c2ccccc2Cl,-6.2999
5901,ClC(Cl)C(=O)N(CC=C)CC=C,-1.6193
5902,C[C@@H](CCl)[N+]([O-])=O,-1.1887
5903,Brc1cc(Br)c(OCCOc2c(Br)cc(Br)cc2Br)c(Br)c1,-6.5363
5904,Clc1cc2Oc3c(Cl)c(Cl)c(Cl)c(Cl)c3Oc2c(Cl)c1Cl,-11.4795
5905,COCCO[Si](CCCl)(OCCOC)OCCOC,-1.1029
5906,Cc1cc(ccc1N[S](=O)(=O)C(F)(F)F)[S](=O)(=O)c2ccccc2,-3.8009
5907,CCOC(=O)C1=CNC(=S)NC1=O,-2.0985
5908,CC(C)C[C@H](N)C(=O)N[C@H](CCC(N)=O)C(O)=O,-1.5687
5909,CC(O)(CO)C(O)[C@@]12NC(=O)[C@@](O)(NC1=O)C(=C)CCO2,-0.1971
5910,Cc1cc(C)c(OCC(O)=O)c(Br)c1,-3.1234
5911,CCOc1cc(O[P](=S)(OC)OC)nc(CC)n1,-3.8638
5912,NC1=CC(=NC(=N)N1O)N2CCCCC2,-1.9782
5913,CC(C)(C)NC[C@@H](O)COc1ccccc1C2CCCC2,-1.6195
5914,Clc1ccc(Cl)c(c1Cl)c2cc(Cl)c(Cl)cc2Cl,-7.93
5915,Clc1ccc(c(Cl)c1Cl)c2c(Cl)ccc(Cl)c2Cl,-7.65
5916,Clc1ccc(cc1Cl)c2cc(Cl)c(Cl)c(Cl)c2Cl,-7.8306
5917,Clc1ccc(Cl)c(c1Cl)c2cc(Cl)c(Cl)c(Cl)c2Cl,-8.5901
5918,Clc1cccc(c1)c2c(Cl)cccc2Cl,-6.8245
5919,Cc1ccc2c(ccc(O)c2n1)[N+]([O-])=O,-3.9598
5920,CC([S](C)(=O)=O)[S](C)(=O)=O,-1.4188
5921,CC(C)(NC(N)=O)C(O)=O,-1.1648
5922,CCOc1ccccc1\C=C/C(O)=O,-2.5234
5923,CC(C)N.OC(=O)CNC[P](O)(O)=O,0.6629
5924,CCOC(=O)CN(C(=O)CCl)c1c(CC)cccc1CC,-3.4727
5925,CC(C)S[S](=O)C(C)C,-0.823
5926,CC(C)(O)CC(C)(O)c1cccc2ccccc12,-3.2419
5927,Clc1ccc2Oc3ccc(Cl)cc3Oc2c1,-7.1806
5928,Clc1c(Cl)c(Cl)c2c(oc3c(Cl)c(Cl)c(Cl)c(Cl)c23)c1Cl,-11.5827
5929,OC(=O)C(I)=CBr,-1.2118
5930,CNC(=O)O\N=C(\CSC)C(C)(C)C,-1.6231
5931,C/C=C/C(=O)Oc1c(cc(cc1C(C)(C)CC(C)(C)C)[N+]([O-])=O)[N+]([O-])=O,-4.9595
5932,Clc1ccc(c(Cl)c1)c2c(Cl)cc(Cl)cc2Cl,-7.66
5933,CC(C)=CC1C(C(=O)OC(C#N)c2cccc(Oc3ccccc3)c2)C1(C)C,-7.5746
5934,CC1(C)C(C(=O)OC(C#N)c2cccc(Oc3ccccc3)c2)C1(C)C,-6.0248
5935,CCC(CCC(O)=O)C(C)=O,-0.451
5936,CNC(=O)N(C)C(=O)CC#N,0.1709
5937,Clc1cc(cc(Cl)c1Cl)c2cc(Cl)c(Cl)c(Cl)c2Cl,-8.7202
5938,CC(=O)NCC(=O)Nc1ccccc1,-1.5678
5939,CC(C)(C)C1=NN(C(=O)O1)c2cc(OCC#C)c(Cl)cc2Cl,-5.9648
5940,CCN1C(=O)N(C)c2ncn(C)c2C1=O,-0.7190000000000001
5941,CCOC(=O)C(NC=O)=CC=Cc1ccccc1,-3.3483
5942,ClCCC(Cl)O[P](=O)(OC(Cl)CCCl)OC(Cl)CCCl,-3.6344
5943,Clc1cc(Cl)c(Cl)c(c1)c2c(Cl)cc(Cl)c(Cl)c2Cl,-8.68
5944,Clc1cc(Cl)c(c(Cl)c1Cl)c2c(Cl)c(Cl)cc(Cl)c2Cl,-9.1999
5945,CCC(CC)Nc1c(cc(C)c(C)c1[N+]([O-])=O)[N+]([O-])=O,-5.9721
5946,COC(C)(C)CCCC(C)C\C=C\C(C)=C\C(=O)OC(C)C,-5.3459
5947,CN(C)c1ncc2nccnc2n1,0.3586
5948,Fc1ccc(cc1)N2C(=O)C(=C(Cl)C2=O)Cl,-4.6442
5949,COc1ccc(cc1C)C(=O)c2cccc(C)c2,-5.0797
5950,NC(=O)NN=C[C@@H](O)[C@@H](O)[C@H](O)[C@H](O)CO,-0.53
5951,CC1=NN=C(c2ccccc2)C(=O)N1N,-2.0506
5952,Clc1ccc(cc1Cl)c2c(Cl)cccc2Cl,-7.0199
5953,Clc1ccc(Cl)c(c1Cl)c2ccccc2Cl,-6.3001
5954,CCCCc1c(C)nc(NCC)nc1O[S](=O)(=O)N(C)C,-4.1579
5955,CCOc1ccc(NC(C)=O)c(C)c1,-1.839
5956,Cc1cccc2sc3nncn3c12,-2.0729
5957,COc1cc(C=O)c(C)cc1O,-2.7435
5958,CC(C)(C)NCC(O)COc1cccc2C[C@@H](O)[C@@H](O)Cc12,-1.5699
5959,CCO[P](=S)(OCC)Oc1nn(C(C)C)c(Cl)n1,-3.6577
5960,COC(=O)c1cc(Oc2ccc(Cl)cc2Cl)ccc1[N+]([O-])=O,-5.9343
5961,CC(C)CCCC(C)C\C=C\C(C)=C\C(=O)OCC#C,-4.7239
5962,Cc1ccc(NC(=O)NC(C)(C)c2ccccc2)cc1,-5.3495
5963,CN(C(=O)NC(C)(C)c1ccccc1)c2ccccc2,-3.3495
5964,Clc1cc(Cl)c(c(Cl)c1Cl)c2cc(Cl)c(Cl)c(Cl)c2Cl,-9.42
5965,CCOc1cc(Oc2ccc(cc2Cl)C(F)(F)F)ccc1[N+]([O-])=O,-6.4939
5966,CCCOCC(O)COCCC,-0.3431
5967,CC(C)(C)C(=O)C(Oc1ccc(Cl)cc1)n2cncn2,-3.6137
5968,CC(=O)C(=O)Nc1ccccc1,-1.3676
5969,CN(CCCCC(O)=O)[S](=O)(=O)c1ccccc1,-1.5585
5970,CCCCCOC(=O)c1cccnc1,-2.3776
5971,NCCc1ccc(O)c(c1)[N+]([O-])=O,-1.3399
5972,CN1C(=O)NC(=O)c2nc(C)c(C)nc12,-2.1129
5973,CC(C)OC(=O)C(C(=O)OC(C)C)=C1SCCS1,-3.7306
5974,OC(=O)c1cc(Oc2ccc(cc2Cl)C(F)(F)F)ccc1[N+]([O-])=O,-3.4791
5975,CC(C)(C)c1ccc(cc1)C(O)CCCN2CCC(CC2)C(O)(c3ccccc3)c4ccccc4,-6.69
5976,O=C1CCCCCCCCCCCCCCN1,-2.874
5977,CCO[P](C)(=O)SCCN(C(C)C)C(C)C,-0.95
5978,CCCCCC(=O)NCCNC(=O)CCCCC,-3.1079
5979,CC(=O)O[C@@H](C(O)=O)c1ccccc1,-1.2313
5980,CC1OC1C2OC2C,-0.0575
5981,Cn1c2ccccc2c(C(N)=O)c1C(N)=O,-1.8184
5982,OC(=O)c1ccc(c(c1)C(O)=O)[S](O)(=O)=O,0.6087
5983,Cc1nn(c2ccccc2)c(N)c1C,-1.6704
5984,CCc1cccc(C)c1N(C(C)COC)C(=O)CCl,-2.7287
5985,CN(C)C1=NC(=O)N(C2CCCCC2)C(=O)N1C,-0.8834
5986,CCCCNC1(CCCCC1)[P](=O)(OCCCC)OCCCC,-3.3105
5987,CCCCSC(SCc1ccc(cc1)C(C)(C)C)=Nc2cccnc2,-5.5712
5988,COC(CN(C)C(=O)Nc1sc(nn1)C(C)(C)C)OC,-1.8678
5989,CN=C(NCCSCc1nc[nH]c1C)NC#N,-1.4298
5990,CNC(=O)Oc1ccccc1OC(CCl)OC,-2.3005
5991,C[C@@H]/1CC(=C/CC2C[C@@H](C[C@]3(CC[C@H](C)C(C)O3)O2)OC(=O)[C@@H]4C=C(C)[C@@H](O)[C@H]5OCC(=C\C=C1)/[C@@]45O)/C,-5.7787
5992,CCC1O[C@]2(CCC1C)C[C@@H]3C[C@@H](C\C=C(/C)CC(C)/C=C/C=C/4CO[C@@H]5[C@H](O)C(=C[C@@H](C(=O)O3)[C@]45O)C)O2,-4.8772
5993,Clc1ccc(Oc2ccccc2)c(Cl)c1,-4.6304
5994,Clc1cc(Cl)c(Cl)c(c1)c2cc(Cl)c(Cl)cc2Cl,-8.5801
5995,CCN1C=C(C(O)=O)C(=O)c2cnc(nc12)N3CCNCC3,-2.974
5996,O=C1CC=NC=N1,0.586
5997,NC(=O)C1(CCCCC1)N2C(=O)c3cccc(Cl)c3C2=O,-4.0097
5998,OC(=O)CSC1CCCCC1,-1.3381
5999,CCC1(C)OC(=O)NC1=O,0.0203
6000,CC(Oc1ccc2ccccc2c1)C(=O)Nc3ccccc3,-5.5894
6001,Clc1cccc(c1Cl)c2ccc(Cl)c(Cl)c2Cl,-7.0502
6002,Clc1ccc(Cl)c(c1)c2c(Cl)c(Cl)cc(Cl)c2Cl,-7.4254
6003,Clc1ccc(Cl)c(c1Cl)c2c(Cl)c(Cl)cc(Cl)c2Cl,-7.94
6004,Clc1ccc(Cl)c(c1Cl)c2c(Cl)cc(Cl)c(Cl)c2Cl,-8.1501
6005,Clc1cc(Cl)c(Cl)c(c1)c2c(Cl)c(Cl)cc(Cl)c2Cl,-8.5901
6006,Clc1ccc(c(Cl)c1Cl)c2c(Cl)c(Cl)cc(Cl)c2Cl,-8.42
6007,Clc1ccc(c(Cl)c1Cl)c2c(Cl)cc(Cl)c(Cl)c2Cl,-8.2605
6008,Clc1cc(Cl)c(cc1Cl)c2cc(Cl)c(Cl)c(Cl)c2,-8.21
6009,Clc1ccc(Cl)c(c1Cl)c2c(Cl)c(Cl)c(Cl)c(Cl)c2Cl,-9.1
6010,Clc1cc(Cl)c(Cl)c(c1)c2cc(Cl)c(Cl)c(Cl)c2Cl,-9.1
6011,Clc1cc(c(Cl)c(Cl)c1Cl)c2c(Cl)c(Cl)cc(Cl)c2Cl,-9.29
6012,Clc1cc(Cl)c(cc1Cl)c2c(Cl)c(Cl)c(Cl)c(Cl)c2Cl,-9.5
6013,Clc1cc(Cl)c(Cl)c(c1Cl)c2c(Cl)c(Cl)c(Cl)c(Cl)c2Cl,-10.4115
6014,Clc1ccc(c(Cl)c1Cl)c2c(Cl)c(Cl)c(Cl)c(Cl)c2Cl,-9.29
6015,Clc1cc(Cl)c(c(Cl)c1Cl)c2c(Cl)c(Cl)c(Cl)c(Cl)c2Cl,-10.1035
6016,Clc1cccc(c1Cl)c2c(Cl)c(Cl)cc(Cl)c2Cl,-8.6036
6017,Clc1ccc(Cl)c(c1)c2cc(Cl)c(Cl)c(Cl)c2Cl,-7.6794
6018,CC(C)OC(=O)C(C)N(C(=O)c1ccccc1)c2ccc(F)c(Cl)c2,-4.3056
6019,COC(=O)C(C)N(C(=O)c1ccccc1)c2ccc(F)c(Cl)c2,-3.982
6020,CCCN(CCC)C(=O)SCc1ccccc1,-4.2798
6021,CC1(C)[C@@H](C=C(Br)Br)[C@H]1C(=O)O[C@H](C#N)c2cccc(Oc3ccccc3)c2,-8.4024
6022,CCCCC(O)CN(\N=C/c1oc(cc1)[N+]([O-])=O)C(N)=O,-3.5716
6023,Cc1cc(C)nc(Nc2ccccc2)n1,-3.2166
6024,Clc1cccc2c(Cl)c(Cl)c(Cl)cc12,-7.8566
6025,Clc1cc(Cl)c2cc(Cl)cc(Cl)c2c1,-7.8228
6026,CC(C)Cc1ccc(cc1)C(C)C(=O)NO,-3.044
6027,CC(=O)Nc1cc(N[S](=O)(=O)C(F)(F)F)c(C)cc1C,-3.2365
6028,COCCOc1c(OC)cc(Cc2cnc(N)nc2N)cc1OC,-2.101
6029,Ic1ccc2COC(=O)c2c1,-3.2109
6030,C\C=C(/Cl)C(O)=O,0.9189
6031,N[C@@H](C(=O)N[C@H]1[C@H]2SCC(=C(N2C1=O)C(O)=O)Cl)c3ccccc3,-1.5656
6032,CC(C)(NC(=O)c1ccccc1)C(N)=O,-1.6154
6033,COc1ccc(Cl)c(Cl)c1Cl,-4.2918
6034,CC\C=C(/C)C(OC(=O)C1C(C=C(C)C)C1(C)C)C#C,-6.3931
6035,CCCCC(=O)NCCNC(=O)CCCC,-1.8145
6036,CCO[P](=S)(OCC)OC(Cl)C(Cl)(Cl)Cl,-5.5263
6037,O=NN1CCCC1=O,0.0523
6038,CC[C@H](C)[C@@H](NC(C)=O)C(O)=O,-0.5912
6039,CSc1cc(O)cc(O)c1,-1.7957
6040,CCCCSc1cc(O)cc(O)c1,-2.5191
6041,CC(C)(C)C(O)C(Oc1ccc(cc1)c2ccccc2)n3cncn3,-4.8292
6042,Clc1ccccc1c2c(Cl)cc(Cl)c(Cl)c2Cl,-7.4346
6043,CC(C)(C)C(O)C(Oc1ccc(Cl)cc1)n2cncn2,-3.3918
6044,CCCn1cnc2N(C)C(=O)N(CCCCC(C)=O)C(=O)c12,-0.9811
6045,O=C1CN(CC2N1CCc3ccccc23)C(=O)C4CCCCC4,-2.8927
6046,CC1=C(C)[S](=O)(=O)CC[S]1(=O)=O,-1.66
6047,Clc1ccccc1c2cc(Cl)c(Cl)c(Cl)c2Cl,-7.5226
6048,CCCO[P](=O)(OCC)OCCC,-0.9802
6049,OC(=O)COc1nc(Cl)c(Cl)cc1Cl,-2.7656
6050,CN1CC(O)N(C1=O)c2sc(nn2)C(C)(C)C,-1.8773
6051,CCCCCCCCSC(=O)Oc1cc(Cl)nnc1c2ccccc2,-5.4025
6052,Clc1ccc(Oc2ccccc2)cc1Cl,-4.7206
6053,Clc1ccc(c2ccccc2)c(Cl)c1Cl,-6.1799
6054,Clc1ccc2cc(Cl)cc(Cl)c2c1,-6.5557
6055,Clc1ccc2cc(Cl)c(Cl)cc2c1,-7.1419
6056,Clc1ccc(Cl)c2cc(Cl)c(Cl)cc12,-7.5163
6057,CC(C)Oc1cccc(NC(=O)c2ccccc2C)c1,-4.3265
6058,CN(C)C(=O)Nc1cc(on1)C(C)(C)C,-2.4272
6059,CCC(=O)N(c1ccccc1)C2(CCN(CCc3sccc3)CC2)COC,-3.7064
6060,Clc1ccc(c(Cl)c1)c2c(Cl)cc(Cl)c(Cl)c2Cl,-7.4721
6061,CCCC(C)CC(C)O,-1.8779
6062,CC(C)C(O)(c1ccc(OC(F)(F)F)cc1)c2cncnc2,-3.4377
6063,O=CC(=O)Cc1ccccc1,-2.1707
6064,Clc1cc(Cl)c(c(Cl)c1)c2c(Cl)cccc2Cl,-7.316
6065,Clc1cc(Cl)c(c(Cl)c1)c2ccc(Cl)c(Cl)c2,-7.91
6066,Clc1cc(Cl)c(c(Cl)c1)c2cc(Cl)cc(Cl)c2,-7.92
6067,FC1=CN(C(=O)NC1=O)C(=O)Nc2ccccc2,-1.6184
6068,CC(C)(C)c1ccc(O[P](=O)(Oc2ccccc2)Oc3ccccc3)cc1,-5.0774
6069,CO[P](=S)(OC)Oc1c(Cl)cc(C)cc1Cl,-5.4374
6070,CSC1=NN=C(C(=O)N1\N=C\C(C)C)C(C)(C)C,-4.4288
6071,COc1c(O)cc(Cl)c(Cl)c1Cl,-2.8712
6072,Clc1cc2oc3c(Cl)c(Cl)c(Cl)cc3c2cc1Cl,-9.1609
6073,Nc1ccc2COC(=O)c2c1,-2.0414
6074,O=C1CCc2cccc3CCN1c23,-1.6365
6075,CCN(C(=O)Oc1cccc(NC(=O)OC(C)C)c1)c2ccccc2,-5.0574
6076,FC(F)(F)c1cccc(c1)C(n2cncn2)(c3ccccc3)c4ccccc4,-8.402999999999999
6077,CN(CCOC(=O)c1ccccc1)C(C)=O,-0.8494
6078,COC(=O)C(C)N(C(=O)c1occc1)c2c(C)cccc2C,-3.1173
6079,Cc1ccc(cc1)N=Nc2cc(C)ccc2N,-3.9031
6080,CCC1(CC)C(=NC(=O)NC1=O)N,-1.3967
6081,CC1OC(=O)c2cc(ccc12)[N+]([O-])=O,-2.6157
6082,Cc1cc(ccc1N=Nc2c(Cl)cc(cc2Cl)[N+]([O-])=O)N(CCO)CCO,-5.9592
6083,Nc1c(Br)cc(Br)c(c1Br)[S](O)(=O)=O,-0.4888
6084,CC(N(c1ccc(F)c(Cl)c1)C(=O)c2ccccc2)C(O)=O,-4.2474
6085,Cc1cccc(C)c1N(C2CCOC2=O)C(=O)CCl,-3.2855
6086,COC1OC(CNC(=O)N(CCCl)N=O)C(O)C(O)C1O,-1.5613
6087,Clc1ccc(Oc2ccc(Cl)cc2Cl)cc1,-6.2196
6088,CCCO[P](=O)(OC)OC,0.4733
6089,Clc1cc(Cl)c(c(Cl)c1)c2ccc(Cl)c(Cl)c2Cl,-8.2399
6090,CC(C)C=CCC(O)=O,-1.1487
6091,CSC(/C)=N/OC(=O)N(C)SN(C)C(=O)O\N=C(/C)SC,-4.0055
6092,CN1C=C(c2ccccc2)C(=O)C(=C1)c3cccc(c3)C(F)(F)F,-4.4384
6093,CCOc1ccccc1\C=C\C([O-])=O,-3.3248
6094,Clc1ccc(Cl)c(c1)c2c(Cl)cc(Cl)cc2Cl,-7.47
6095,Clc1cc(Cl)c(c(Cl)c1)c2cc(Cl)c(Cl)cc2Cl,-8.1199
6096,Clc1cc(Cl)c(c(Cl)c1)c2cc(Cl)c(Cl)c(Cl)c2Cl,-8.68
6097,CC(C)([S](C)(=O)=O)[S](C)(=O)=O,-1.4504
6098,CN1C=C(I)C=CC1=O,-0.0094
6099,C[C@H](O)C(=O)Nc1c(I)c(C(=O)NC(CO)CO)c(I)c(C(=O)NC(CO)CO)c1I,-0.7443
6100,OC(c1ccc(Cl)cc1)(c2cncnc2)c3ccccc3Cl,-4.374
6101,Clc1ccc(c(Cl)c1)C2(Cn3cncn3)OCCO2,-3.0031
6102,CCCC1COC(Cn2cncn2)(O1)c3ccc(Cl)cc3Cl,-3.4929
6103,CCC1COC(Cn2cncn2)(O1)c3ccc(Cl)cc3Cl,-3.613
6104,Clc1cccc(c1)c2c(Cl)cc(Cl)cc2Cl,-7.1547
6105,Clc1cc(Cl)c(c(Cl)c1)c2cccc(Cl)c2Cl,-7.3999
6106,CCO[P](=S)(OCC)Oc1cc(Cl)c(Cl)c(SC)c1,-6.0807
6107,OC(=O)[C@H]1CC[C@@H]([Se][Se]1)C(O)=O,-2.1053
6108,CCSC(C(O)=O)c1ccccc1,-1.5686
6109,O[S](=O)(=O)c1c[nH]cn1,0.1304
6110,CC(Br)C(=O)NCC(=O)NCC(O)=O,-0.9642
6111,NC(=S)NC#N,-0.0049
6112,Clc1ccc(Oc2ccccc2Cl)cc1Cl,-5.199
6113,CCC(=O)OC(C)C(=O)OC,-0.8622
6114,CC(C)(SC(=O)N1CCCCC1)c2ccccc2,-4.1196
6115,CC(C)Cc1[nH]ccn1,-1.0488
6116,CN1C=CSC1=Nc2ccc(C)cc2C,-3.1630000000000003
6117,CSC(=NC)N(C)C,-0.4401
6118,Clc1cccc(c1Cl)c2c(Cl)cc(Cl)c(Cl)c2Cl,-8.48
6119,OCCNC(=O)c1cc(O)ccc1O,-0.5436
6120,Nc1c2cc(ccc2c(cc1[S](O)(=O)=O)[S](O)(=O)=O)[S](O)(=O)=O,-0.3188
6121,CNC(=O)OCc1cccc(Cl)c1Cl,-3.1389
6122,CCCCN(C(N)=O)c1ccccc1,-1.2971
6123,Clc1cc(Cl)c(c(Cl)c1)c2ccccc2Cl,-6.65
6124,CN(C)C(=O)SCCCCOc1ccccc1,-3.9266
6125,Cc1c(Cl)cc(cc1Cl)C2=NNC(=O)C=C2,-5.5375
6126,N#CCO/N=C(C#N)/c1ccccc1,-3.2899
6127,OC(c1ccc(F)cc1)(c2cncnc2)c3ccccc3Cl,-4.083
6128,Clc1ccc(Oc2ccc(Cl)c(Cl)c2)cc1,-5.6603
6129,CCCC(Br)(CCC)C(N)=O,-1.8281
6130,COC(=O)[C@@H](C)N(C(=O)c1ccccc1)c2ccc(F)c(Cl)c2,-4.3219
6131,CC(C)OC(=O)[C@@H](C)N(C(=O)c1ccccc1)c2ccc(F)c(Cl)c2,-4.4817
6132,CC[C@H]1OC[C@@H](COc2ccc(Oc3ccccc3)cc2)O1,-4.7874
6133,CCCN1C(=O)N(C)c2ncn(C)c2C1=O,-1.2082
6134,ClCCN(Cl)CCCl,-1.9203
6135,CCOc1ccc(cc1)C2(CC2(Cl)Cl)C(=O)OC(C#N)c3cccc(Oc4ccccc4)c3,-6.7243
6136,CCOC(=O)N1CCN(CC1)CN2CCN(CC2)C(=O)OCC,-0.8443
6137,CCCCNC(=O)N1C=C(F)C(=O)NC1=O,-2.4464
6138,CO[P](=S)(OC)SCC(=O)N(C(C)C)c1ccc(Cl)cc1,-4.4321
6139,C[C@H](CCC(=O)NCC(O)=O)[C@H]1CCC2C3[C@@H](O)C[C@@H]4C[C@H](O)CC[C@]4(C)C3CC[C@]12C,-5.5225
6140,CCSC1=NN=C(C(=O)N1N)C(C)(C)C,-2.7353
6141,FC(F)(F)Oc1ccc(NC(=O)NC(=O)c2ccccc2Cl)cc1,-7.1568
6142,NC(=O)COC(=O)c1ccccc1,-1.6405
6143,CCNC(=O)COC(=O)c1ccccc1,-2.2373
6144,CCN(CC)C(=O)COC(=O)c1ccccc1,-2.0706
6145,CCNC(C)C(O)=O,0.6522
6146,CN1C(=O)C(N)C(=S)N(C)C1=O,-1.117
6147,Clc1ccc(c(Cl)c1)c2ccc(Cl)c(Cl)c2Cl,-7.62
6148,S=C1N=CNc2nccnc12,-2.6471
6149,CC(=O)OCC(C(OC(C)=O)c1ccccc1)[N+]([O-])=O,-3.972
6150,CC(=O)OC[C@H]([C@@H](OC(C)=O)c1ccccc1)[N+]([O-])=O,-3.972
6151,CC(C)[C@@H](C(=O)O[C@@H](C#N)c1cccc(Oc2ccccc2)c1)c3ccc(Cl)cc3,-8.3221
6152,CCCC(Cn1cncn1)c2ccc(Cl)cc2Cl,-3.5903
6153,CC(C)Oc1cccc(NC(=O)c2ccccc2C(F)(F)F)c1,-4.6947
6154,CCOC(=O)C(C)Oc1ccc(Oc2oc3cc(Cl)ccc3n2)cc1,-5.6042
6155,Clc1cccc(Oc2ccc(Cl)c(Cl)c2)c1,-5.437
6156,CC1(C)[C@@H](C(Br)C(Br)(Br)Br)[C@H]1C(=O)O[C@H](C#N)c2cccc(Oc3ccccc3)c2,-6.9197
6157,CCCC(Br)C(=O)NC(N)=O,-1.4278
6158,CN(C)C1CCCC=CCC1,-1.6004
6159,CNC(=O)Sc1ccc(O[S](C)(=O)=O)cc1,-2.7359
6160,CC1(CCCC1=O)C#N,0.9095
6161,Cc1cccc(C)c1N(Cn2cccn2)C(=O)CCl,-2.8102
6162,CCC(CC)(CC)NC(N)=O,-1.8191
6163,CC(CN1CC(C)OC(C)C1)Cc2ccc(cc2)C(C)(C)C,-2.4821
6164,CC1(C)[C@@H](C=C(Cl)Cl)[C@H]1C(=O)OC(C#N)c2cccc(Oc3ccccc3)c2,-7.6194
6165,CC1(C)CNC(=NC1)N\N=C(/C=C/c2ccc(cc2)C(F)(F)F)\C=C\c3ccc(cc3)C(F)(F)F,-7.916
6166,Clc1cc2c(oc3c(Cl)c(Cl)c(Cl)c(Cl)c23)c(Cl)c1Cl,-11.4817
6167,CC(CN1C[C@H](C)O[C@H](C)C1)Cc2ccc(cc2)C(C)(C)C,-4.8487
6168,Brc1cc2oc3cc(Br)c(Br)cc3c2cc1Br,-6.8395
6169,CCCN(CCOc1c(Cl)cc(Cl)cc1Cl)C(=O)n2ccnc2,-4.0445
6170,CCOC(=O)CN(N=O)C(N)=O,0.7566
6171,Brc1ccc(Br)c(c1)c2cc(Br)c(Br)cc2Br,-9.7256
6172,O=C1NC=Cc2cccnc12,-1.1428
6173,Clc1cc(Cl)c(cc1OCC#C)N2N=C3CCCCN3C2=O,-4.3251
6174,CC1(C)C(\C=C(/Cl)C(F)(F)F)C1C(=O)OC(C#N)c2cccc(Oc3ccccc3)c2,-7.9541
6175,Clc1cc(NC(=O)Nc2ccccc2)ccn1,-3.8028
6176,Clc1ccc(c(Cl)c1)c2c(Cl)cccc2Cl,-6.65
6177,Clc1ccc(c(Cl)c1)c2cc(Cl)cc(Cl)c2Cl,-7.82
6178,Clc1cc(Cl)cc(c1)c2c(Cl)ccc(Cl)c2Cl,-7.95
6179,Clc1ccc(cc1)c2c(Cl)c(Cl)cc(Cl)c2Cl,-7.88
6180,Clc1cc(Cl)cc(c1)c2cc(Cl)c(Cl)cc2Cl,-7.47
6181,Clc1ccc(Cl)c(c1)c2c(Cl)cc(Cl)c(Cl)c2Cl,-8.01
6182,Clc1cc(c(Cl)c(Cl)c1Cl)c2c(Cl)cccc2Cl,-8.13
6183,Clc1cc(Cl)c(Cl)c(c1)c2c(Cl)c(Cl)c(Cl)c(Cl)c2Cl,-9.42
6184,CCOC(=O)CNc1nc(Cl)nc(NC(C)C)n1,-2.5622
6185,COc1ccc(NC(=N)Nc2ccc(OC)cc2)cc1,-2.7345
6186,CC[S](=O)(=O)Oc1ccc2OCC(C)(C)c2c1,-2.9921
6187,CC(=O)NC(=O)COC(=O)c1ccccc1,-2.4003
6188,Clc1ccc(Oc2ccccc2Cl)c(Cl)c1,-4.9499
6189,CC(C)N1C(=O)N(CSC1=NC(C)(C)C)c2ccccc2,-5.5307
6190,Nc1c(Cl)c(F)nc(OCC(O)=O)c1Cl,-3.4475
6191,CC(C)C(Nc1ccc(cc1Cl)C(F)(F)F)C(=O)OC(C#N)c2cccc(Oc3ccccc3)c2,-8.0025
6192,OCC(Cl)(Cl)Br,-0.4424
6193,Clc1cccc(c1)N(C2CCOC2=O)C(=O)C3CC3,-2.6878
6194,CC(CC(C)(C(O)=O)C(O)=O)C(O)=O,-0.1086
6195,OC(=O)c1occ(Cl)c1Cl,-1.8263
6196,Clc1cc(Cl)cc(c1)c2c(Cl)c(Cl)c(Cl)c(Cl)c2Cl,-9.1
6197,COC(=O)C(C)Oc1ccc(Oc2ncc(cc2Cl)C(F)(F)F)cc1,-4.6064
6198,CCCCOC(=O)C(C)Oc1ccc(Oc2ccc(cn2)C(F)(F)F)cc1,-5.5836
6199,COC(=O)c1cc(C)ccc1C2=NC(C)(C(C)C)C(=O)N2,-2.3262
6200,CC(C)C(C(=O)OC(C#N)c1cccc(Oc2ccccc2)c1)c3ccc(OC(F)F)cc3,-6.8765
6201,CCCCCCCCOC(=O)c1cccnc1,-3.0929
6202,Clc1ccccc1c2cc(Cl)c(Cl)cc2Cl,-7.2505
6203,Clc1ccccc1c2cc(Cl)c(Cl)c(Cl)c2,-6.9069
6204,Clc1ccc(Cl)c(c1)c2cc(Cl)c(Cl)c(Cl)c2,-7.3149
6205,[H+].[H+].[Cl-].[Cl-].OCCNCCNc1ccc(NCCNCCO)c2C(=O)c3c(O)ccc(O)c3C(=O)c12,-1.8388
6206,CCSC(=S)NC(C)C(O)=O,-1.2343
6207,ClCCN(CCCl)[P]1(=O)NCCCCO1,-0.9624
6208,CCCc1sc(N[S](=O)(=O)c2ccc(N)cc2)nn1,-3.3075
6209,CCOC(=O)[C@@H](C)Oc1ccc(Oc2oc3cc(Cl)ccc3n2)cc1,-5.6042
6210,Cn1nc(C)c(C(=O)c2ccc(Cl)cc2Cl)c1OCC(=O)c3ccccc3,-2.6514
6211,COC(=O)C(C)N(C(=O)Cc1ccccc1)c2c(C)cccc2C,-3.9442
6212,CC1(C)C(C=C(Cl)Cl)C1C(=O)OC(C#N)c2cccc(Oc3ccccc3)c2,-6.5587
6213,NC(=O)C(=NO)C(N)=O,-0.0384
6214,OC(=O)C(Br)=C(Br)Br,-1.3593
6215,OC(=O)C(Br)=C(Br)I,-1.0197
6216,CC[S](=O)(=O)N[S](=O)(=O)CC,0.5413
6217,CCOC(=O)NCCOc1ccc(Oc2ccccc2)cc1,-4.7009
6218,CCCCN(CCOC(C)=O)c1ccc(N=Nc2c(cc(cc2C#N)[N+]([O-])=O)C#N)c(C)c1,-8.8809
6219,FC(F)(F)c1nc(Cl)sc1C(=O)OCc2ccccc2,-5.8085
6220,CC=Cc1ccc(O)c(O)c1,-1.3505
6221,CC(C)=CC1C(C(=O)OCN2C(=O)CN(CC#C)C2=O)C1(C)C,-3.5321
6222,CN(C(=O)COc1sc2ccccc2n1)c3ccccc3,-4.8727
6223,Clc1cccc(c1)c2cc(Cl)c(Cl)cc2Cl,-7.1299
6224,Clc1ccccc1c2c(Cl)c(Cl)cc(Cl)c2Cl,-7.3999
6225,Clc1ccc(c(Cl)c1Cl)c2c(Cl)cccc2Cl,-6.7798
6226,CCCCCCOC(=O)C(C)OC(=O)C(C)O,-2.4884
6227,Cc1cc(C)nc(n1)C(N)=O,0.1216
6228,Fc1ccc(cc1)C(=O)C2CCN(CC2)CCN3C(=O)Nc4ccccc4C3=O,-4.5971
6229,Nc1c(Cl)c(Oc2ccccc2)ccc1[N+]([O-])=O,-5.0248
6230,CCOc1ccc(NC(=O)NN)cc1,-1.6471
6231,Clc1ccccc1c2nnc(nn2)c3ccccc3Cl,-5.4817
6232,COC(=O)c1ccccc1[S](=O)(=O)NC(=O)Nc2nc(C)cc(C)n2,-3.1742
6233,Clc1cccc(c1)c2ccc(Cl)c(Cl)c2Cl,-6.77
6234,Clc1ccc(cc1)c2cc(Cl)cc(Cl)c2Cl,-6.77
6235,Clc1cccc(c1)c2c(Cl)c(Cl)cc(Cl)c2Cl,-7.76
6236,Clc1ccc(cc1)c2cc(Cl)c(Cl)c(Cl)c2Cl,-7.3102
6237,Clc1ccc(cc1)c2c(Cl)cc(Cl)c(Cl)c2Cl,-7.95
6238,Clc1ccc(cc1Cl)c2c(Cl)cc(Cl)c(Cl)c2Cl,-7.6505
6239,Clc1ccc(cc1Cl)c2c(Cl)c(Cl)cc(Cl)c2Cl,-8.48
6240,Clc1ccc(Cl)c(c2cc(Cl)c(Cl)c(Cl)c2)c1Cl,-8.27
6241,Clc1cc(Cl)cc(c1)c2c(Cl)c(Cl)cc(Cl)c2Cl,-8.2696
6242,Clc1ccc(c(Cl)c1)c2c(Cl)c(Cl)c(Cl)c(Cl)c2Cl,-8.9706
6243,Clc1cc(Cl)c(c2cc(Cl)c(Cl)c(Cl)c2)c(Cl)c1Cl,-9.1
6244,Clc1cc(Cl)c(c(Cl)c1)c2c(Cl)c(Cl)c(Cl)c(Cl)c2Cl,-9.48
6245,Clc1cc(cc(Cl)c1Cl)c2c(Cl)c(Cl)c(Cl)c(Cl)c2Cl,-9.6997
6246,Clc1cc(Cl)c(c(Cl)c1)c2c(Cl)c(Cl)cc(Cl)c2Cl,-8.4901
6247,Brc1ccc(Br)c(C=O)c1,-3.8003
6248,O[S](=O)(=O)C(Cl)[S](O)(=O)=O,0.6765
6249,CC(C)(C)C(Br)C(=O)NC(C)(C)c1ccccc1,-4.9455
6250,Clc1cccc(c1Cl)c2c[nH]cc2C#N,-4.6937
6251,N#CC(=N\OCC1OCCO1)/c2ccccc2,-4.0649
6252,CC(C)(C)C(O)C(Cc1ccc(Cl)cc1Cl)n2cncn2,-4.5619
6253,CCOC(=O)[C@H](CCc1ccccc1)N[C@@H](C)C(=O)N2CCC[C@H]2C(O)=O,-1.3609
6254,CCO[P](=O)(Cc1ccc(cc1)c2sc3ccccc3n2)OCC,-4.0017
6255,CCN1CC(=O)N=C1N,-0.165
6256,OC(=O)c1c(Cl)c(Cl)c(Cl)c(Cl)c1C(=O)Nc2cccc(Cl)c2Cl,-4.5051
6257,O[S](=O)(=O)C(Cl)([S](O)(=O)=O)[S](O)(=O)=O,0.5366
6258,CCOC(=O)[C@H](C)NC(=O)CCl,-0.4628
6259,CSCOC(=O)c1ccccc1OC(C)=O,-2.6404
6260,CC(=O)Oc1ccccc1C(=O)OC[S](C)=O,-1.7824
6261,CC(=O)Oc1ccccc1C(=O)OC[S](C)(=O)=O,-3.3936
6262,CC(Oc1ccccc1Cl)C(O)=O,-2.2232
6263,CC(Oc1ccc(Oc2cnc3cc(Cl)ccc3n2)cc1)C(O)=O,-6.0604
6264,OC(Cn1cncn1)(c2ccc(F)cc2)c3ccccc3F,-3.3651
6265,Clc1cccc(c2cc(Cl)c(Cl)c(Cl)c2)c1Cl,-7.4052
6266,[NH4+].C[P](O)(=O)CCC(N)C([O-])=O,0.8397
6267,CC(C)C[C@H](N)C(=O)N[C@@H](C)C(=O)NCC(O)=O,-0.8953
6268,CCOC(=O)N(C)CC,-0.4189
6269,CCCS[P](=O)(OCC)Oc1cnn(c1)c2ccc(Cl)cc2,-4.0388
6270,CCOC(=O)COC(=O)c1cc(Oc2ccc(cc2Cl)C(F)(F)F)ccc1[N+]([O-])=O,-5.8729
6271,CCOC(CC(C)O)OCC,0.0909
6272,NN=C1N=CNc2nccnc12,-1.8632
6273,COCC(=O)N(N1CCOC1=O)c2c(C)cccc2C,-1.913
6274,CCCCCCNC(=O)c1cccnc1,-2.5221
6275,CCC1(C(=O)NC(=O)N(CC(O)CO)C1=O)c2ccccc2,-1.7872
6276,C[C@H]1C(SC(=O)N1C(=O)NC2CCCCC2)c3ccc(Cl)cc3,-5.8487
6277,CCCCOC(=O)[C@@H](C)Oc1ccc(Oc2ccc(cn2)C(F)(F)F)cc1,-5.2826
6278,COC(=O)c1sccc1[S](=O)(=O)NC(=O)Nc2nc(C)nc(OC)n2,-2.2379
6279,Cc1c(F)c(F)c(COC(=O)C2C(\C=C(/Cl)C(F)(F)F)C2(C)C)c(F)c1F,-7.3209
6280,CCC(CC)C(=O)N(CC)CC,-1.0876
6281,CCC(C)(C)C(=O)O[C@H]1C[C@@H](C)C=C2C=C[C@H](C)[C@H](CC[C@@H]3C[C@@H](O)CC(=O)O3)[C@@H]12,-7.1447
6282,CCCCC(O)(Cn1cncn1)c2ccc(Cl)cc2Cl,-4.2668
6283,CC(C)c1cc(Oc2ccccc2)cc(C(C)C)c1NC(=S)NC(C)(C)C,-6.8068
6284,CCOc1ccc(cc1)C(C)(C)COCc2cccc(Oc3ccccc3)c2,-8.5758
6285,CCc1cnc(C2=NC(C)(C(C)C)C(=O)N2)c(c1)C(O)=O,-2.3153
6286,COC(=O)c1ccc(C)cc1C2=NC(C)(C(C)C)C(=O)N2,-2.4599
6287,CCCCCCCCNC(=O)c1cccnc1,-3.0081
6288,CCCCCCCCCNC(=O)c1cccnc1,-3.1398
6289,CCCCCCCCCCNC(=O)c1cccnc1,-3.0765
6290,CCCCCCCCCCCNC(=O)c1cccnc1,-3.0266
6291,CCCCCCCCCCCCNC(=O)c1cccnc1,-3.2078
6292,CC1(C)CON(Cc2ccccc2Cl)C1=O,-2.3383
6293,COc1nc(C)nc(NC(=O)N[S](=O)(=O)c2ccccc2OCCCl)n1,-4.0989
6294,ON=C1C=CC(=NO)c2ncccc12,-3.7998
6295,CC(C)(C)[C@H](O)[C@H](Oc1ccc(Cl)cc1)n2cncn2,-3.9524
6296,OC(c1ccccc1)c2cc(Cl)ccc2NC(=O)c3ccncc3,-5.5299
6297,CCC(C)(CC)c1cc(NC(=O)c2c(OC)cccc2OC)on1,-5.3694
6298,CCOC(C)CCO,-0.3736
6299,Cc1c(COC(=O)C2C(\C=C(/Cl)C(F)(F)F)C2(C)C)cccc1c3ccccc3,-6.6262
6300,Cn1nc(C)c(C(=O)c2ccc(Cl)c(C)c2Cl)c1OCC(=O)c3ccc(C)cc3,-6.5209
6301,COC(=O)c1ccccc1C[S](=O)(=O)NC(=O)Nc2nc(OC)cc(OC)n2,-3.534
6302,Fc1cccc(F)c1C(=O)NC(=O)Nc2cc(Cl)c(F)c(Cl)c2F,-7.3023
6303,CCOC(=O)CCN(Cc1ccccc1)SN(C)C(=O)O\N=C(\C)SC,-4.3005
6304,Fc1ccc(NC(=O)c2cccnc2Oc3cccc(c3)C(F)(F)F)c(F)c1,-6.8969
6305,OC(=O)C(I)=C(Br)I,-1.2891
6306,CC(C)(C)[C@H](O)\C(=C/c1ccc(Cl)cc1)n2cncn2,-4.5403
6307,CC(C)(C)C(O)\C(=C/c1ccc(Cl)cc1)n2cncn2,-4.5403
6308,CC(C)(C)C(O)\C(=C/c1ccc(Cl)cc1Cl)n2cncn2,-4.9115
6309,CCCC(=O)N(CS[P](=S)(OC)OC)c1ccccc1Cl,-5.204
6310,OC(=O)c1ccc(c2cccnc12)[N+]([O-])=O,-3.1656
6311,CCOC(=O)C1(C)OC(=O)N(C1=O)c2cc(Cl)cc(Cl)c2,-5.2203
6312,Nc1ncc2ncn(COCCO)c2n1,-1.0775
6313,CC(Oc1ccc(Cl)c(C)c1Cl)C(=O)Nc2ccccc2,-7.0057
6314,CCCCCS[S](=O)CCCCC,-3.1711
6315,COCCCCC=O,0.4574
6316,CCC(=O)OCc1ccc(Cl)cc1Cl,-3.0665
6317,C[Si](Cn1cncn1)(c2ccc(F)cc2)c3ccc(F)cc3,-3.7665
6318,CCN(C(C)C(C)C)C(=O)SCc1ccccc1,-4.7337
6319,COC(=O)c1ccccc1[S](=O)(=O)NC(=O)Nc2nc(OC(F)F)cc(OC(F)F)n2,-5.152
6320,Clc1ccc(CSC(Cn2cncn2)=Nc3ccc(Cl)cc3Cl)cc1,-5.3842
6321,CCc1cccc(C)c1N(COC(C)C)C(=O)CCl,-3.1882
6322,Fc1cccc(F)c1C(=O)NC(=O)Nc2ccc(Cl)c(Oc3ncc(cc3Cl)C(F)(F)F)c2,-7.4033
6323,CCOc1ccc(NC(=O)OC(C)C)cc1OCC,-4.0022
6324,CCOCCOC(=O)C(C)Oc1ccc(Oc2ncc(cc2Cl)C(F)(F)F)cc1,-5.8739
6325,CCc1cccc(CC)c1N(COC\C=C/C)C(=O)CCl,-4.0287
6326,CCCCCOC(=O)COc1cc(N2C(=O)C3=C(CCCC3)C2=O)c(F)cc1Cl,-6.3508
6327,COCC(C)N(C(=O)CCl)c1c(C)scc1C,-2.3614
6328,CC(Oc1ccc(Oc2ncc(Cl)cc2Cl)cc1)C(=O)N3CCCO3,-4.5922
6329,CC(C)C12CCC(C)(O1)C(C2)OCc3ccccc3C,-3.6391
6330,FC(F)(F)C(=N/OCC1OCCO1)/c2ccc(Cl)cc2,-4.0138
6331,OC(=O)C(Br)=C(Cl)Br,-1.0071
6332,OC(=O)C(Cl)=C(Br)Br,-0.6873
6333,CC(O)C([N+]([O-])=O)[N+]([O-])=O,0.0789
6334,Cc1cc(C)nc(N\N=C(\C)c2ccccc2C)n1,-3.1959
6335,CN1C(=O)N=CC2=C1NC(=O)N2,-0.794
6336,CC(C)(C)[C@@H](O)[C@H](Oc1ccc(Cl)cc1)n2cncn2,-3.6786
6337,C[C@@H](CCO)CCC=O,-1.0732
6338,CN1C=C2N=CC=NC2=NC1=O,-0.9089
6339,O=C1OCc2ccc(cc12)C#N,-2.7021
6340,CC[S](=O)(=O)C(C)(CO)[S](=O)(=O)CC,-0.1653
6341,COc1c(N)c(C=O)ccc1O,-0.2232
6342,COC(=O)c1ccc(cc1C([O-])=O)[N+]([O-])=O,-2.0558
6343,OC(=O)CC[C@H](NCCC#N)C(O)=O,-1.3015
6344,CCC1(CC(C)=O)C(=O)NC(=O)NC1=O,-0.7661
6345,CCCCCCC(O)C(O)C(O)=O,-1.5469
6346,Cc1cnc2c(ccc(Cl)c2C(O)=O)c1,-2.9973
6347,CC[C@H](C)[C@H](NCCC#N)C(O)=O,-0.9818
6348,CCc1nc2cnc(O)nc2nc1CC,-2.2644
6349,CC(C)(OC1CCCCC1)C(O)=O,-1.0798
6350,COC(CC(O)=O)c1ccccc1,-1.6952
6351,[O-][N+](=O)C1C(=O)CC(CC1=O)c2ccccc2,-1.6688
6352,OC(O)(C(=O)Nc1ccccc1)C(=O)Nc2ccccc2,-2.4568
6353,CC=CCC1(C)C(=O)NC(=O)N(C)C1=O,-1.5445
6354,CCOC(=O)C(O)C=C,0.3627
6355,CC1CCCC(O1)OC2CCCC(C)O2,-1.1083
6356,CCCO[P](=O)(OC)OCCC,-0.6592
6357,CN1C=NC2=C(N(C)C(=O)N(C)C2=O)C1=O,-1.985
6358,[O-]C(=O)CN[S](=O)(=O)c1ccc2ccccc2c1,-2.8497
6359,CCCCc1c2ccccc2cc3ccc4ccccc4c13,-7.5245
6360,CCC(Br)(Br)C(O)=O,-0.8722
6361,CCOC(=O)c1cnn(C)c1[S](=O)(=O)NC(=O)Nc2nc(OC)cc(OC)n2,-4.4561
6362,OC(=O)CNC(=O)CN[S](=O)(=O)c1ccc2ccccc2c1,-2.6954
6363,CC(C1CC1)C(O)(Cn2cncn2)c3ccc(Cl)cc3,-3.3189
6364,COCCOc1ccccc1[S](=O)(=O)NC(=O)Nc2nc(OC)nc(OC)n2,-3.5372
6365,CCO[P](=O)(SC(C)CC)SC(C)CC,-3.0376
6366,OC(=O)COC1CCCC1,-0.8471
6367,CCO[P](=S)(OC(C)C)Oc1cnc(nc1)C(C)(C)C,-4.7626
6368,CC(C)(C)N1N=CC(=C(Cl)C1=O)SCc2ccc(cc2)C(C)(C)C,-7.483
6369,COc1ccsc1CN(C(=O)CCl)c2c(C)cccc2C,-4.4689
6370,CNC1=C(C(=O)C(O1)c2ccccc2)c3cccc(c3)C(F)(F)F,-3.9788
6371,CCCCCCCCCCCCCCNC(=O)C(C)O,-3.9784
6372,COC(=O)C1(CC1)[S](=O)(=O)c2ccccc2,-2.2601
6373,ClC(Cl)C(=O)N(CC=C)CC(=O)NCC=C,-1.0397
6374,CSC(=O)c1c(CC(C)C)c(C(=O)SC)c(nc1C(F)F)C(F)(F)F,-5.4575
6375,COc1nsc(N)n1,-1.2427
6376,CCOc1nsc(N)n1,-0.6514
6377,CC(=O)OCC(S)CS,-1.2208
6378,CCCCC(=CC)C(N)=O,-1.3717
6379,O=C(Nc1ncccn1)c2cnccn2,-0.3036
6380,CCCCCCCCCOC(=O)c1cccnc1,-3.0958
6381,CCO[P](=O)(SC(C)CC)N1CCSC1=O,-1.4589
6382,Cc1ccn2nc(nc2n1)[S](=O)(=O)Nc3c(F)cccc3F,-3.8248
6383,Cc1ccnc(NC(=O)c2cnccn2)n1,-0.7308
6384,C[S](=O)(=O)c1ccc(c(Cl)c1)C(=O)C2C(=O)CCCC2=O,-3.2994
6385,CC1(C)OC(=O)c2cc(ccc12)[N+]([O-])=O,-3.0516
6386,CCC1OC(=O)c2cc(ccc12)[N+]([O-])=O,-2.55
6387,CC(O)C(C)C=O,-0.4906
6388,Cc1ncnc2c(O)cccc12,-2.6025
6389,CN1C(=O)C(=Nc2cncnc12)C,-1.489
6390,NC(=O)C1CCCC(N1)C(N)=O,0.2893
6391,CCC(C)(C)C1CCC(=NO)C(C1)=NO,-3.9652
6392,CCCc1ncnc2c(O)cccc12,-2.9206
6393,[NH3+][C@H](CC([O-])=O)c1cccc2ccccc12,-1.5902
6394,CCCCCCCOC(=O)c1cccnc1,-2.7429
6395,CCOC(=O)[C@@H](C)Oc1ccc(Oc2cnc3cc(Cl)ccc3n2)cc1,-5.9694
6396,COC(=O)c1c(Cl)nn(C)c1[S](=O)(=O)NC(=O)Nc2nc(OC)cc(OC)n2,-4.4642
6397,CCOc1ccc(NC(C)=O)c2cccnc12,-1.5171
6398,CCCCO[P](=O)(OCCCC)OCCCCOCC,-2.6468
6399,CC1(C)[C@@H](\C=C/C(=O)OC(C(F)(F)F)C(F)(F)F)[C@H]1C(=O)O[C@H](C#N)c2cccc(Oc3ccccc3)c2,-7.4325
6400,COC(=O)c1ccccc1[S](=O)(=O)NC(=O)N(C)c2nc(C)nc(OC)n2,-3.8981
6401,OC(=O)C(Cl)(Cl)CCCl,-0.5831
6402,COC(=O)c1cc(ccc1C([O-])=O)[N+]([O-])=O,-1.721
6403,NCCCCCCNCCCCCCCCCCC(O)=O,-2.3017
6404,CCC(N(Cc1occc1)C(=O)n2ccnc2)C(=O)OCCCC=C,-2.8919
6405,COc1ncc2nccnc2n1,-1.113
6406,CN1C(=O)N=Cc2nccnc12,-1.3713
6407,CCCC\C(=C\C)C(=O)NC(N)=O,-2.7883
6408,COC(C)C(C)Cl,-1.9986
6409,COc1cc(Br)c2COC(=O)c2c1OC,-3.9311
6410,CCc1nc2ncnc(O)c2nc1CC,-1.9122
6411,CCOC(=O)c1nn(c2ccc(Cl)cc2Cl)c(n1)C(Cl)(Cl)Cl,-5.6516
6412,Fc1cc2OCC(=O)N(CC#C)c2cc1N3C(=O)C4=C(CCCC4)C3=O,-5.2966
6413,OC(=O)CCCC(C(O)=O)(c1ccccc1)c2ccccc2,-3.1737
6414,CC(C)C1(C)N=C(NC1=O)c2ncc(C)cc2C(O)=O,-2.0911
6415,COc1c(oc2ccccc12)C(O)=O,-2.8857
6416,COC/C(=N/OCC(=O)OC)c1cc(Oc2ccc(cc2Cl)C(F)(F)F)ccc1[N+]([O-])=O,-5.6783
6417,CCOc1ccc(cc1)[Si](C)(C)CCCc2ccc(F)c(Oc3ccccc3)c2,-8.6113
6418,C[C@@H](Oc1ccc(Oc2ncc(Cl)cc2F)cc1)C(=O)OCC#C,-4.9417
6419,CCOCCc1ccc(OCCNc2ncnc(CC)c2Cl)c(C)c1C,-5.2409
6420,CC(CCC(O)=O)NC(=O)c1ccccc1,-1.6917
6421,Cc1nc(Br)[nH]c1[N+]([O-])=O,-1.7914
6422,CNC(=O)COC(=O)c1ccccc1,-1.7178
6423,CCCNC(=O)COC(=O)c1ccccc1,-2.5387
6424,CC(C)(C)NC(=O)COC(=O)c1ccccc1,-2.8665
6425,NC(=O)CNC(=O)COC(=O)c1ccccc1,-1.4983
6426,CN(C)C(=O)COC(=O)c1ccccc1,-1.372
6427,CCCN(CCC)C(=O)COC(=O)c1ccccc1,-2.3791
6428,CCCCN(CCCC)C(=O)COC(=O)c1ccccc1,-3.5614
6429,C=CCN(CC=C)C(=O)COC(=O)c1ccccc1,-2.5626
6430,CN(CC(O)=O)C(=O)COC(=O)c1ccccc1,-2.254
6431,O=C(COC(=O)c1ccccc1)N2CCCCC2,-2.5011
6432,O=C(COC(=O)c1ccccc1)N2CCOCC2,-1.7734
6433,CCC(NC=O)C(O)=O,-0.5918
6434,CC(C)(C)C(O)(CCc1ccc(Cl)cc1)Cn2cncn2,-3.932
6435,N[S](=O)(=O)c1ccc(SCCO)cc1,-1.8239
6436,N[S](=O)(=O)c1ccc(SCCCO)cc1,-2.2472
6437,N[S](=O)(=O)c1ccc(SCCCCCO)cc1,-2.6618
6438,CC(O)(CCC(C)(O)C(O)=O)C(O)=O,-0.8372
6439,CCCc1nc(N)c(CC)c(CCC)n1,-2.5132
6440,C\C(=N/NC(=O)Nc1cc(F)cc(F)c1)c2ncccc2C(O)=O,-3.7248
6441,OC(=O)c1ccccc1C2OC(=O)c3ccccc23,-3.1042
6442,O=C1CCCCCCCCCCCCCCCCCN1,-2.8474
6443,CC(Oc1ccc(Oc2cnc3cc(Cl)ccc3n2)cc1)C(=O)OCCON=C(C)C,-5.8479
6444,Cn1nc(C)c(\C=N\OCc2ccc(cc2)C(=O)OC(C)(C)C)c1Oc3ccccc3,-7.4604
6445,CC(C)(COCc1cccc(Oc2ccccc2)c1)c3ccc(OC(F)(F)Br)cc3,-9.9799
6446,CCOC(=O)CSc1nc(nn1C(=O)N(C)C)C(C)(C)C,-2.861
6447,CC(C)(C)N(NC(=O)c1ccc(Cl)cc1)C(=O)c2ccccc2,-4.4404
6448,CCc1ccc(cc1)C(=O)NN(C(=O)c2cc(C)cc(C)c2)C(C)(C)C,-5.6281
6449,OC(=O)C1CC1C(=O)Nc2ccc(Cl)cc2Cl,-3.8697
6450,CC(Oc1ccc(Oc2oc3cc(Cl)ccc3n2)cc1)C(O)=O,-3.092
6451,COCc1cnc(C2=NC(C)(C(C)C)C(=O)N2)c(c1)C(O)=O,-1.84
6452,Clc1ccc(CCC(Cn2cncn2)(C#N)c3ccccc3)cc1,-6.2264
6453,CC[C@H]1[C@H](C)OC1=O,-0.6665
6454,O=C(COC(=O)c1ccccc1)N2CCC2,-1.6085
6455,O=C(COC(=O)c1ccccc1)N2CCCCCC2,-2.5421
6456,OC1CCN(CC1)C(=O)COC(=O)c2ccccc2,-1.3486
6457,OC(=O)[C@@H]1CCCN1C(=O)COC(=O)c2ccccc2,-1.5917
6458,COC(=O)[C@@H]1CCCN1C(=O)COC(=O)c2ccccc2,-2.0841
6459,CN(C)C(=O)CCOC(=O)c1ccccc1,-1.0994
6460,CN(C)C(=O)CCCOC(=O)c1ccccc1,-1.2286
6461,CN(C(C)=O)C(=O)COC(=O)c1ccccc1,-2.8664
6462,CC(C)NC(=O)COC(=O)c1ccccc1,-2.7321
6463,CCCCNC(=O)COC(=O)c1ccccc1,-2.7588
6464,CCCCCCNC(=O)COC(=O)c1ccccc1,-3.902
6465,CC(NC(=O)COC(=O)c1ccccc1)C(N)=O,-2.7172
6466,Clc1ccc(c(Cl)c1)C2(CC(Br)CO2)Cn3cncn3,-3.8775
6467,FC(OC(F)(F)F)C(F)(F)Oc1ccc(NC(=O)NC(=O)c2c(F)cccc2F)cc1Cl,-6.9675
6468,CCNC(C)CC,-0.21
6469,NCCCCC(NC(=O)c1ccccc1)C(O)=O,-2.2845
6470,COC(=O)CSc1cc(N=C2SC(=O)N3CCCCN23)c(F)cc1Cl,-5.6768
6471,O[C@@H]([C@@H](O)[C@@H](O)C(O)=O)[C@@H](O)C(O)=O,0.1999
6472,COC(=O)c1c(CC(C)C)c(C2=NCCS2)c(nc1C(F)F)C(F)(F)F,-5.2002
6473,CCCN(CC)CC1COC2(CCC(CC2)C(C)(C)C)O1,-2.8014
6474,OCCc1ccc(O)c(c1)[N+]([O-])=O,-1.1556
6475,CC1OC(=O)c2cc(N)ccc12,-1.7891
6476,CC1(C)[C@H](C=C(Cl)Cl)[C@H]1C(=O)OCc2c(F)c(F)cc(F)c2F,-6.8137
6477,COc1ccc(cc1)C(=O)c2csc(c2)[S](N)(=O)=O,-4.4733
6478,N[S](=O)(=O)c1scc(c1)C(=O)c2ccc(O)cc2,-2.8612
6479,COc1ccc(cc1)C(=O)c2coc(c2)[S](N)(=O)=O,-4.1481
6480,Cc1ccc(cc1)C(=O)c2csc(c2)[S](N)(=O)=O,-4.4492
6481,NC(=O)c1nn(c2ccc(Cl)c(COCC(F)(F)C(F)(F)F)c2)c(n1)c3ccccc3,-5.6635
6482,CCc1nn(C)c(C(=O)NCc2ccc(cc2)C(C)(C)C)c1Cl,-5.1086
6483,CC(Oc1ccc(Oc2cnc3cc(Cl)ccc3n2)cc1)C(=O)OCC4CCCO4,-5.0303
6484,Nc1n(nc(C#N)c1[S](=O)C(F)(F)F)c2c(Cl)cc(cc2Cl)C(F)(F)F,-5.3619
6485,COc1cc(OC)nc(NC(=O)N[S](=O)(=O)c2n(C)ncc2c3nnn(C)n3)n1,-2.6066
6486,CCN(Cc1ccc(Cl)nc1)\C(NC)=C\[N+]([O-])=O,0.4918
6487,CC(C)(C)c1ccc(CCOc2ncnc3ccccc23)cc1,-6.1439
6488,COc1ccc(NCC(O)CO)cc1,-0.295
6489,CC1(C)OC(CN1C(=O)C(Cl)Cl)c2occc2,-3.1498
6490,CCCCOC(=O)C(C)Oc1ccc(Oc2ccc(cc2F)C#N)cc1,-5.707999999999999
6491,COc1cc(OC)nc(NC(=O)N[S](=O)(=O)c2n3ccccc3nc2Cl)n1,-4.7886
6492,NC(=O)C[C@H](NC(=O)CCl)C(O)=O,-0.3193
6493,CC[S](=O)(=O)c1cccnc1[S](=O)(=O)NC(=O)Nc2nc(OC)cc(OC)n2,-4.6349
6494,CC1=NNC(=O)N(C1)\N=C\c2cccnc2,-2.8745
6495,C[C@@H](O)CCCC=O,-0.4629999999999999
6496,CCOC(=O)c1ccc(OC)c(OC)c1C([O-])=O,-2.253
6497,Fc1ccc(Oc2ccnc3cc(Cl)cc(Cl)c23)cc1,-6.4243
6498,CC1(C)CCC(Cc2ccc(Cl)cc2)C1(O)Cn3cncn3,-4.3288
6499,CC(C)C1CCC(Cc2ccc(Cl)cc2)C1(O)Cn3cncn3,-4.6828
6500,CCN(CC)C(=O)n1cnc(n1)[S](=O)(=O)c2c(C)cc(C)cc2C,-5.1467
6501,CC=CC(=O)Nc1ccc(O)cc1,-2.6464
6502,CCC(CC)(C#N)C(=O)NC(N)=O,-1.564
6503,CCOc1ccccc1O[S](=O)(=O)NC(=O)Nc2nc(OC)cc(OC)n2,-4.1853
6504,CCOC(=O)C(Cl)Cc1cc(N2N=C(C)N(C(F)F)C2=O)c(F)cc1Cl,-4.2727
6505,CCC1=C(C(O)=O)C(=O)C=NN1c2ccc(Cl)cc2,0.4
6506,OC1(CCCCCC1n2cncn2)c3ccc(Cl)cc3,-3.3681
6507,CCOC(=O)COc1cc(c(F)cc1Cl)c2nn(C)c(OC(F)F)c2Cl,-5.6161
6508,Cc1sc(C(=O)Nc2c(Br)cc(OC(F)(F)F)cc2Br)c(n1)C(F)(F)F,-5.5186
6509,FC1(F)Oc2cccc(c2O1)c3c[nH]cc3C#N,-5.1395
6510,CC1(OC(=O)N(Nc2ccccc2)C1=O)c3ccc(Oc4ccccc4)cc3,-6.8573
6511,CO\C=C(C(=O)OC)/c1ccccc1Oc2cc(Oc3ccccc3C#N)ncn2,-4.8276
6512,CNC(=O)C(=N/OC)\c1ccccc1Oc2ccccc2,-3.3466
6513,CSC(=O)c1cccc2nnsc12,-4.4363
6514,CN(Cc1ccc(Cl)nc1)C(C)=NC#N,-1.7244
6515,CCOC(=O)C1=NN(c2ccc(Cl)cc2Cl)C(C)(C1)C(=O)OCC,-4.271
6516,N[S](=O)(=O)c1ccc(SCCCCO)cc1,-2.5141
6517,N[S](=O)(=O)c1ccc(CCCO)cc1,-1.032
6518,N[S](=O)(=O)c1ccc(CCCCO)cc1,-1.1931
6519,N[S](=O)(=O)c1ccc(CCCCCO)cc1,-1.9712
6520,CN(C)c1nc(NC(=O)N[S](=O)(=O)c2c(C)cccc2C(O)=O)nc(OCC(F)(F)F)n1,-5.6798
6521,CO\N=C(/C)c1cccc(Oc2nc(OC)cc(OC)n2)c1C(=O)OC,-3.6037
6522,Fc1ccc2N=C(n3cncn3)N(C(=O)c2c1)c4ccc(Cl)cc4Cl,-5.5754
6523,COc1cc(OC)nc(NC(=O)N[S](=O)(=O)Nc2ccccc2C(=O)C3CC3)n1,-6.3943
6524,[O-][N+](=O)NC1=NCCN1Cc2ccc(Cl)nc2,-2.6223
6525,COc1cc(OC)n2nc(nc2n1)[S](=O)(=O)Nc3c(Cl)ccc(C)c3Cl,-3.3204
6526,C[S](=O)(=O)c1cc(ccc1C(=O)c2cnoc2C3CC3)C(F)(F)F,-4.7631
6527,CC[S](=O)(=O)c1nc2ccccn2c1[S](=O)(=O)NC(=O)Nc3nc(OC)cc(OC)n3,-4.4191
6528,CC(C)N(C(=O)COc1sc(nn1)C(F)(F)F)c2ccc(F)cc2,-3.8121
6529,CO\N=C(C(=O)OC)/c1ccccc1COc2ccccc2C,-5.195
6530,Cc1cc(C)nc(NC(=O)N[S](=O)(=O)c2ccccc2C(=O)OC3COC3)n1,-3.893
6531,COC(=O)C1(CC1)[S](=O)(=O)c2ccc(C)cc2,-2.8803
6532,CCOC(=O)C1(CC1)[S](=O)(=O)c2ccc(C)cc2,-3.0104
6533,CC(C)OC(=O)C1(CC1)[S](=O)(=O)c2ccc(C)cc2,-3.2307
6534,COC(=O)C1(CC1)[S](=O)(=O)c2ccc(Cl)cc2,-3.3086
6535,CC(C)OC(=O)C1(CC1)[S](=O)(=O)c2ccc(Cl)cc2,-3.5401
6536,CC(C)(C)OC(=O)C1(CC1)[S](=O)(=O)c2ccc(Cl)cc2,-4.1206
6537,COC(=O)C1(CC1)[S](=O)(=O)c2ccc(Br)cc2,-3.6703
6538,COC(=O)C1(CC1)[S](=O)(=O)c2ccc(cc2)[N+]([O-])=O,-3.3797
6539,CC(C)OC(=O)C1(CC1)[S](=O)(=O)c2ccc(cc2)[N+]([O-])=O,-4.2605
6540,NC1[C@H]2CN(C[C@@H]12)c3nc4N(C=C(C(O)=O)C(=O)c4cc3F)c5ccc(F)cc5F,-4.5296
6541,CCOc1nc(F)cc2nc(nn12)[S](=O)(=O)Nc3c(Cl)cccc3C(=O)OC,-4.4292
6542,COc1ccc(cc1NNC(=O)OC(C)C)c2ccccc2,-4.9025
6543,CCOc1cc(ccc1C2COC(=N2)c3c(F)cccc3F)C(C)(C)C,-6.6782
6544,CCN(C1CCCCC1)C(=O)N2N=NN(C2=O)c3ccccc3Cl,-5.1821
6545,CC(C)OC(=O)C1(CCC1)[S](=O)(=O)c2ccc(cc2)[N+]([O-])=O,-3.7599
6546,CC(C)OC(=O)C1(CCCCC1)[S](=O)(=O)c2ccc(cc2)[N+]([O-])=O,-4.8796
6547,CC(C)OC(=O)C1(CCCCCC1)[S](=O)(=O)c2ccc(cc2)[N+]([O-])=O,-5.0706
6548,COC(=O)C1(CCC1)[S](=O)(=O)c2ccc(Br)cc2,-3.55
6549,COC(=O)C1(CCCC1)[S](=O)(=O)c2ccc(Br)cc2,-4.0104
6550,COC(=O)C1(CCCCC1)[S](=O)(=O)c2ccc(Br)cc2,-4.4786
6551,COC(=O)C1(CCC1)[S](=O)(=O)c2ccc(Cl)cc2,-2.9996
6552,CC(C)OC(=O)C1(CCCC1)[S](=O)(=O)c2ccc(Cl)cc2,-4.6498
6553,CCOC(=O)C1(CCC1)[S](=O)(=O)c2ccc(C)cc2,-2.9594
6554,COC(=O)C1(CCC1)[S](=O)(=O)c2ccccc2,-3.0005
6555,COC(=O)C1(CCCC1)[S](=O)(=O)c2ccccc2,-2.5501
6556,CC(C)C(C(=O)OC(C#N)c1cccc(Oc2ccc(Br)cc2)c1)c3ccc(OC(F)F)cc3,-8.1731
6557,COc1cccc(C(=O)NN(C(=O)c2cc(C)cc(C)c2)C(C)(C)C)c1C,-5.5664
6558,CC(C)OC(=O)c1cc(c(F)cc1Cl)c2nn(C)c(c2Br)C(F)(F)F,-6.9227
6559,CCOC(=O)C(NC=O)=Cc1cocc1,-2.7477
6560,CC(C)C(C)C,-3.5832
6561,CCC(C)CC,-3.6826
6562,CC1CCCC1,-3.3019
6563,CCCCCCCC,-5.2382
6564,CCCCCCC,-4.4694
6565,C1CCCCCCC1,-4.1524
6566,CC(C)(C)C,-3.3371
6567,c1ccc2c(c1)cc3ccc4cccc5ccc2c3c45,-8.1924
6568,c1ccc2c(c1)ccc3cc4c(ccc5ccccc45)cc23,-8.6679
6569,Cc1ccc2cc3c(ccc4ccccc34)c5CCc1c25,-7.9663
6570,c1ccc2cc3c(ccc4ccccc34)cc2c1,-7.3854
6571,c1ccc2c(c1)ccc3ccccc23,-5.1903
6572,s1c2ccccc2c3ccccc13,-5.0981
6573,c1cc2ccc3ccc4ccc5cccc6c(c1)c2c3c4c56,-9.0265
6574,c1cc2cccc3C=Cc(c1)c23,-3.9756
6575,c1ccc2cc3c4ccccc4c5ccccc5c3cc2c1,-8.2405
6576,c1ccc2c(c1)c3ccccc3c4ccccc24,-6.7447
6577,c1ccc2c(c1)ccc3c4ccccc4ccc23,-8.0575
6578,c1ccc2c(c1)ccc3cc4ccc5ccccc5c4cc23,-8.4318
6579,C1c2ccccc2c3cc4ccccc4cc13,-7.733
6580,[O-][N+](=O)c1c2ccccc2cc3ccccc13,-6.2918
6581,Cc1ccc2cc3ccccc3cc2c1,-6.9555
6582,Cc1c2ccccc2c(C)c3ccccc13,-6.5663
6583,Cc1cccc2c1ccc3ccccc23,-5.8541
6584,Cc1cccc2c1Cc3ccccc23,-5.2184
6585,Cc1ccc2c(ccc3ccccc23)c1,-5.8367
6586,CCc1ccc2cc3ccccc3cc2c1,-6.8863
6587,CC(C)(C)c1ccccc1,-3.658
6588,CC(C)c1ccccc1,-3.2924
6589,C(Cc1ccccc1)c2ccccc2,-4.6272
6590,CCCc1ccccc1,-3.3622
6591,CCCCc1ccccc1,-4.0559
6592,CCc1ccccc1CC,-3.2759
6593,CCc1cccc(CC)c1,-3.7476
6594,Cc1cccc(C)c1C,-3.2037
6595,C#Cc1ccccc1,-2.3502
6596,CCCCCc1ccccc1,-4.6434
6597,CC(C)Cc1ccccc1,-4.1235
6598,CCc1ccccc1C,-3.2072
6599,Cc1ccc(cc1)c2ccc(C)cc2,-6.0177
6600,CCc1ccc(C)cc1,-3.1026
6601,Cc1cc(C)c(C)c(C)c1C,-3.9807
6602,CCCCCCc1ccccc1,-5.2551
6603,CCCCCCCCc1ccccc1,-6.46
6604,[O-][N+](=O)c1c(Cl)c(Cl)c(Cl)c(Cl)c1Cl,-5.8269
6605,[O-][N+](=O)c1cc(Cl)c(Cl)cc1Cl,-3.8866
6606,Cc1ccccc1Cl,-2.5295
6607,Brc1ccc(Br)cc1,-4.0717
6608,Cc1ccc(Br)cc1,-3.1917
6609,Clc1ccc(Br)cc1,-3.6298
6610,Brc1cccc(Br)c1,-3.5435
6611,Clc1cccc(Br)c1,-3.2102
6612,[O-][N+](=O)c1c(Cl)c(Cl)cc(Cl)c1Cl,-5.0963
6613,Fc1ccc(CCl)cc1,-2.5442
6614,Fc1ccc(F)cc1,-1.9709
6615,Brc1ccccc1Br,-3.5
6616,Cc1cccc(Br)c1,-3.523
6617,Fc1cccc(Cl)c1,-2.3457
6618,Clc1ccc(Cl)c(Cl)c1Cl,-4.5619
6619,[O-][N+](=O)c1cc(Cl)c(Cl)c(Cl)c1Cl,-4.5531
6620,Fc1cccc(Br)c1,-2.6656
6621,[O-][N+](=O)c1ccc(Cl)c(Cl)c1Cl,-3.94
6622,[O-][N+](=O)c1c(Cl)cc(Cl)cc1Cl,-4.5591
6623,CN(C)C,1.1777
6624,CCN(CC)c1ccccc1,-3.0278
6625,CNc1ccccc1,-1.2803
6626,N(c1ccccc1)c2ccccc2,-3.5042
6627,COc1ccc(C=O)cc1,-1.5016
6628,Nc1cc(Cl)cc(Cl)c1,-2.3153
6629,Oc1c(Cl)c(Cl)c(Cl)c(Cl)c1Cl,-4.2793
6630,CCc1ccccc1O,-1.3594
6631,COc1ccccc1O,-0.8221
6632,COc1cccc(OC)c1O,-0.9525
6633,Oc1ccc(cc1)c2ccccc2,-3.4812
6634,Oc1cc(Cl)c(Cl)cc1Cl,-2.2163
6635,Cc1ccc(O)c(C)c1,-1.1909999999999998
6636,Oc1ccc(Br)cc1,-1.092
6637,COc1ccc(O)cc1,-0.4919
6638,Cc1cc(C)c(O)c(C)c1,-2.055
6639,Oc1cccc(Cl)c1Cl,-1.6559
6640,Oc1cccc(Br)c1,-0.8764
6641,Oc1cc(Cl)cc(Cl)c1,-1.5590000000000002
6642,Oc1ccc(Br)cc1Br,-2.1225
6643,OC(=O)C(O)(c1ccccc1)c2ccccc2,-2.2092
6644,CC12[C@@H](O)C=C[C@@]3(OC1=O)[C@@H]4CC[C@]5(O)C[C@]4(CC5=C)[C@H]([C@H]23)C(O)=O,-1.8406
6645,OC(=O)CCl,0.9277
6646,CC(C)C(O)=O,0.2777
6647,CCC(Br)C(O)=O,-0.3776
6648,OC(=O)Cc1cccc2ccccc12,-2.6468
6649,OC(=O)Cc1c[nH]c2ccccc12,-2.0674
6650,CCC(CC)C(O)=O,-0.8098
6651,Cc1cc(Cl)ccc1OCC(O)=O,-2.503
6652,OC(=O)CCCCCC(O)=O,-0.5056
6653,CCCCCCCCCCC(O)=O,-3.5525
6654,OC(=O)COc1ccccc1,-1.1031
6655,OC(=O)COc1ccc(Cl)cc1,-2.29
6656,OC(=O)\C=C\c1ccccc1,-2.4335
6657,CCCCC(CC)C(O)=O,-1.858
6658,CCCCCCCCCCCCCC(O)=O,-5.3293
6659,OC(=O)COc1ccc(Cl)c(Cl)c1,-2.6846
6660,OC(=O)COc1ccccc1Cl,-2.1637
6661,COc1ccc(\C=C\C(O)=O)cc1,-2.3984
6662,OC(=O)c1cc(Cl)cc(Cl)c1,-3.1137
6663,OC(=O)c1ccc(Cl)c(Cl)c1,-3.495
6664,OC(=O)c1cccc2ccccc12,-3.3015
6665,OC(=O)c1cscc1,-1.4743
6666,OC(=O)c1occc1,-0.4802
6667,OC(=O)c1ccccc1I,-2.7308
6668,OC(=O)c1ccc2ccccc2c1,-3.5639
6669,Cc1cccc(c1)C(O)=O,-2.1428
6670,COc1ccc(cc1)C(O)=O,-2.458
6671,Cc1ccccc1C(O)=O,-2.0621
6672,OC(=O)c1cccc(F)c1,-1.9704
6673,OC(=O)c1ccc(F)cc1,-2.0673
6674,OC(=O)c1cccc(Cl)c1,-2.5415
6675,CC(C)c1ccc(cc1)C(O)=O,-3.0364
6676,OC(=O)c1cccc(Br)c1,-2.699
6677,OC(=O)c1ccc(Br)cc1,-3.5251
6678,OC(=O)c1cccc(I)c1,-3.2706
6679,OC(=O)c1ccc(I)cc1,-3.9631
6680,CC(C)(C)CO,-0.4012
6681,CCC(C)O,0.3877
6682,OC(c1ccccc1)c2ccccc2,-2.5494
6683,OCc1ccccc1,-0.4319
6684,OC1CCCCC1,-0.3774
6685,CCCCCCCO,-1.8425
6686,OCCCc1ccccc1,-1.3798
6687,CCCCCCC(C)O,-2.0655
6688,CCCCCC(C)O,-1.5507
6689,CCC(O)CC,-0.2334
6690,Cc1ccc(CO)cc1,-1.1999
6691,CCCC(O)CCC,-1.3931
6692,CCCCC(O)CC,-1.4631
6693,CC1CCC(O)CC1,-0.8815
6694,CCCC(O)CC,-0.8025
6695,CCCCC(C)O,-0.8726
6696,OCc1c(Cl)cccc1Cl,-2.1019
6697,CBr,-0.7956
6698,CCBr,-1.086
6699,CCI,-1.6009
6700,ICI,-2.3345
6701,CC(C)Cl,-1.4037
6702,CC(Cl)Cl,-1.2913
6703,FC(Cl)Cl,-0.7383
6704,FC(F)F,-1.2334
6705,FC(Cl)(Cl)Cl,-2.0965
6706,ClC(Cl)C(Cl)(Cl)Cl,-2.6248
6707,FC(F)(Cl)C(F)(Cl)Cl,-3.0423
6708,ClC(Cl)C(Cl)Cl,-1.7536
6709,BrC1CCCCC1,-2.2943
6710,CCCCCBr,-3.0753
6711,CCCCCCBr,-3.8078
6712,ClCCCCl,-1.6137
6713,CCCCCCCBr,-4.431
6714,CCCCCCCCl,-3.9957
6715,CCCCCCCI,-4.8102
6716,O=Cc1occc1,-0.0962
6717,O=Cc1ccc2OCOc2c1,-1.6324
6718,[O-][N+](=O)c1ccccc1C=O,-1.8138
6719,[O-][N+](=O)c1ccc(C=O)cc1,-1.8101
6720,CCOC(=O)C(C)=C,-1.3251
6721,CC(C)COC(=O)C(C)=C,-2.039
6722,CCOC(=O)NC,0.8255
6723,CCOC(=O)CCC(=O)OCC,-0.96
6724,CCCCOC(=O)c1ccccc1,-3.4801
6725,CC(=O)OCc1ccccc1,-1.6853
6726,CCOC(=O)CC(C)=O,-0.073
6727,CCC(=O)OC,-0.1498
6728,CC(C)OC(=O)c1ccccc1C(=O)OC(C)C,-2.8773
6729,CC(=O)OCCBr,-0.6737
6730,CCC(=O)CC,-0.253
6731,CC(C)CCC(C)=O,-1.3252
6732,CC(C)C(C)=O,-0.1513
6733,CCCCCCCCC(C)=O,-3.3085
6734,CC(C)(O)C(Cl)(Cl)Cl,-1.346
6735,OCC(Cl)(Cl)Cl,-0.2537
6736,N#Cc1ccccc1,-1.7123
6737,CCC#N,0.2718
6738,C=CC#N,0.1474
6739,CCCC#N,-0.321
6740,Clc1cccc(Cl)c1C#N,-3.9803
6741,CCCCCCC=C,-4.4373
6742,CCCCCCCC=C,-5.052
6743,C1C=CC=CC=C1,-2.1721
6744,C\C=C/C,-1.9302
6745,C=CCC=C,-2.0866
6746,CCCCC=C,-3.2261
6747,C=CCCC=C,-2.6867
6748,CCCCCC=C,-3.732
6749,C1C=CCC=C1,-2.0587
6750,Cc1c[nH]c2ccccc12,-2.4206
6751,[nH]1nc2ccccc2n1,-0.7794
6752,s1ccc2ccccc12,-3.0138
6753,[nH]1cccc1,-0.1734
6754,[nH]1ncc2ccccc12,-2.1554
6755,o1cnc2ccccc12,-1.1548
6756,C1Cc2ccccc2C1,-3.0351
6757,Cc1occc1,-1.4372
6758,COCc1oc(cc1)[N+]([O-])=O,-1.1548
6759,Cc1[nH]c2ccccc2n1,-1.9598
6760,CSc1sc2ccccc2n1,-3.1614
6761,Cc1cscc1,-2.3899
6762,CCc1sccc1,-2.5846
6763,S=C1NCCN1,-0.7083
6764,FC(F)=C,-0.7061
6765,ClC1=C(Cl)C(Cl)(Cl)C(=C1Cl)Cl,-5.1805
6766,ClC(Cl)=C(Cl)C(Cl)=C(Cl)Cl,-4.9111
6767,BrCC=C,-1.4995
6768,BrCCC=C,-2.2473
6769,Cc1cccc2ccccc12,-3.7413
6770,Clc1cccc2ccccc12,-3.9706
6771,Cc1ccc2ccccc2c1,-3.762
6772,Clc1ccc2ccccc2c1,-4.143
6773,Nc1cccc2ccccc12,-1.9255
6774,Oc1ccc2ccccc2c1,-2.2809
6775,S=C=Nc1cccc2ccccc12,-4.6022
6776,Cc1ccc(C)c2ccccc12,-4.1369
6777,Cc1cc(C)c2ccccc2c1,-4.2907
6778,Cc1ccc2cc(C)ccc2c1,-4.8927
6779,Cc1ccc2cc(C)c(C)cc2c1,-5.0007
6780,CCc1ccc2ccccc2c1,-4.2901
6781,CCc1cccc2ccccc12,-4.1644
6782,OCc1cccc2ccccc12,-1.7444
6783,O1c2ccccc2Oc3ccccc13,-5.3106
6784,Clc1cccc2Oc3ccccc3Oc12,-5.7196
6785,Clc1ccc2Oc3ccccc3Oc2c1,-5.8359
6786,Cc1ccccc1[N+]([O-])=O,-2.3243
6787,COc1ccccc1[N+]([O-])=O,-1.9572
6788,[O-][N+](=O)c1cc(cc(c1)[N+]([O-])=O)[N+]([O-])=O,-2.8846
6789,[O-][N+](=O)c1cccc(c1)[N+]([O-])=O,-2.4989
6790,COc1ccc(cc1)[N+]([O-])=O,-2.4142
6791,[O-][N+](=O)c1ccc(cc1)[N+]([O-])=O,-3.3867
6792,Cc1c(cc(cc1[N+]([O-])=O)[N+]([O-])=O)[N+]([O-])=O,-3.2423
6793,[O-][N+](=O)c1ccccc1[N+]([O-])=O,-3.1017
6794,COc1cccc(c1)[N+]([O-])=O,-2.4861
6795,Cc1c(cccc1[N+]([O-])=O)[N+]([O-])=O,-3.0003
6796,Cc1ccc(c(c1)[N+]([O-])=O)[N+]([O-])=O,-3.2604
6797,CCOC(N)=O,0.7314
6798,NC(=O)C=C,0.9544
6799,CCCC(N)=O,0.2721
6800,OC(CO[N+]([O-])=O)CO[N+]([O-])=O,-0.366
6801,CCCC[N+]([O-])=O,-1.3506
6802,CCCCC[N+]([O-])=O,-1.9548
6803,[O-][N+](=O)OCCO[N+]([O-])=O,-1.3495
6804,CCCC#C,-1.6374
6805,CCOCC,-0.0889
6806,CCCOCCC,-1.3192
6807,CCCCCCOCCO,-1.1694
6808,CCCCOCCOCCCC,-1.9402
6809,C1CCOCC1,-0.031
6810,CCCCOCCCC,-2.6376
6811,FC(F)OC(F)(F)C(F)Cl,-1.5162
6812,FC(F)OC(Cl)C(F)(F)F,-1.6157
6813,CCN(CC)N=O,0.0161
6814,O=NN(c1ccccc1)c2ccccc2,-3.7531
6815,Oc1c(ccc2ccccc12)N=O,-2.5395
6816,CC(C)N(N=O)C(C)C,-1.0006
6817,CCCN(CCC)N=O,-1.0006
6818,CCCCN(CCCC)N=O,-2.0955
6819,CCCCN(CC)N=O,-1.0354
6820,CCCCN(C)N=O,-0.6996
6821,CCN(C)N=O,0.5321
6822,Brc1ccc(cc1)c2ccccc2,-5.5526
6823,Cc1ccc(cc1)c2ccccc2,-4.6185
6824,Clc1cccc(c1)c2cccc(Cl)c2,-5.7983
6825,Clc1ccc(cc1)c2ccc(Cl)cc2,-6.5561
6826,Clc1ccccc1c2ccccc2,-4.5917
6827,Clc1ccc(cc1Cl)c2ccccc2,-6.3899
6828,Clc1ccccc1c2ccccc2Cl,-5.0813
6829,Clc1cccc(Cl)c1c2c(Cl)cccc2Cl,-7.3898
6830,Clc1cccc(c2ccccc2)c1Cl,-5.3498
6831,Clc1c(Cl)c(Cl)c(c2ccccc2)c(Cl)c1Cl,-7.9107
6832,Clc1cccc(c1)c2ccccc2Cl,-5.5851
6833,Clc1ccc(cc1Cl)c2cc(Cl)c(Cl)cc2Cl,-7.3867
6834,Clc1ccc(c(Cl)c1)c2ccc(Cl)c(Cl)c2,-6.8995
6835,Clc1ccc(Cl)c(c1)c2ccc(Cl)c(Cl)c2,-6.8526
6836,Clc1ccc(cc1)c2cc(Cl)c(Cl)cc2Cl,-7.7699
6837,Clc1ccc(cc1)c2ccc(Cl)c(Cl)c2Cl,-6.8754
6838,Clc1ccc(c(Cl)c1)c2ccccc2,-5.2878
6839,Clc1ccc(Cl)c(c1)c2ccccc2,-5.2993
6840,Clc1ccc(cc1)c2ccccc2Cl,-5.2803
6841,Clc1ccc(c(Cl)c1Cl)c2cc(Cl)c(Cl)cc2Cl,-8.3813
6842,Brc1ccc(c(Br)c1Br)c2ccc(Br)c(Br)c2Br,-7.7563
6843,Clc1ccc(c(Cl)c1)c2ccccc2Cl,-6.4902
6844,Clc1ccc(Cl)c(c1)c2cc(Cl)c(Cl)cc2Cl,-7.3263
6845,Clc1ccc(Cl)c(c1)c2c(Cl)ccc(Cl)c2Cl,-7.1895
6846,Clc1ccc(c(Cl)c1)c2cc(Cl)c(Cl)cc2Cl,-7.9503
6847,Clc1ccc(cc1Cl)c2c(Cl)ccc(Cl)c2Cl,-7.6499
6848,Clc1ccc(Cl)c(c1Cl)c2c(Cl)ccc(Cl)c2Cl,-7.9032
6849,Clc1ccccc1c2c(Cl)cccc2Cl,-5.9003
6850,Clc1ccc(cc1)c2c(Cl)cccc2Cl,-6.2095
6851,Clc1cccc(c1Cl)c2ccccc2Cl,-5.944
6852,Clc1cccc(c1)c2cc(Cl)ccc2Cl,-6.0077
6853,Clc1ccc(cc1Cl)c2ccccc2Cl,-6.287000000000001
6854,Clc1ccc(cc1)c2ccc(Cl)c(Cl)c2,-6.5541
6855,Clc1cccc(c1Cl)c2cccc(Cl)c2Cl,-7.2722
6856,Clc1ccc(Cl)c(c1)c2cccc(Cl)c2Cl,-6.4654
6857,Clc1ccc(c(Cl)c1Cl)c2ccccc2Cl,-6.8299
6858,Clc1ccc(Cl)c(c1)c2cc(Cl)cc(Cl)c2Cl,-7.8201
6859,Clc1cc(Cl)c(Cl)c(c1)c2c(Cl)ccc(Cl)c2Cl,-7.8218
6860,Clc1cccc(c1Cl)c2cc(Cl)c(Cl)c(Cl)c2Cl,-8.4206
6861,NC(=O)c1ccccc1,-0.953
6862,CC1=CC(=O)c2ccccc2C1=O,-3.0319
6863,ClCc1ccccc1,-2.3822
6864,CSc1ccccc1,-2.39
6865,O=CNc1ccccc1,-0.6785
6866,S=C=Nc1ccccc1,-3.1772
6867,CC(=O)Nc1ccccc1Cl,-1.4001
6868,CC(=O)Nc1cccc(C)c1,-2.091
6869,CC(=O)Nc1ccccc1[N+]([O-])=O,-1.9093
6870,S=C=NCc1ccccc1,-3.1364
6871,Oc1ccc2CCCCc2c1,-1.9948
6872,NC(=O)c1c(Cl)cccc1Cl,-1.8427
6873,Cc1cccc(Oc2ccc(cc2)[N+]([O-])=O)c1,-4.6613
6874,CCNCNC(=O)c1ccccc1,-0.0749
6875,CNCC(C)c1ccccc1,-1.0947
6876,O=NN1CCCCC1,-0.1738
6877,c1ccc(cc1)N=Nc2ccccc2,-4.4544
6878,COC(=O)[C@H]1[C@H](CC2CCC1N2C)OC(=O)c3ccccc3,-2.2267
6879,CN(C)CCCN1c2ccccc2CCc3ccccc13,-4.187
6880,CO[P](=O)(OC)OC,0.5526
6881,CC(C)O[P](C)(=O)OC(C)C,-0.0516
6882,NC(=O)NCc1ccccc1,-0.9462
6883,N[S](=O)(=O)c1ccccc1,-1.5630000000000002
6884,Cc1cccc(c1)[S](N)(=O)=O,-1.3409
6885,ClCCN(CCCl)[P]1(=O)NCCCO1,-0.8147
6886,Clc1ccc(cc1)C(c2ccc(Cl)cc2)C(Cl)(Cl)Cl,-7.8092
6887,CO[P](=S)(OC)Oc1ccc(SC)c(C)c1,-4.5695
6888,CNC(=O)CS[P](=S)(OC)OC,-0.9624
6889,Clc1ccc(cc1)C(=C(Cl)Cl)c2ccc(Cl)cc2,-6.9004
6890,OC(=O)COc1ccc(Cl)cc1Cl,-2.5139
6891,CCO[P](=S)(OCC)Oc1ccc(Cl)cc1Cl,-6.1094
6892,CC(C)OC(=O)Nc1cccc(Cl)c1,-3.3804
6893,CN(C)C(=O)Nc1ccccc1,-1.6101
6894,CC(CCl)OC(C)CCl,-2.0027
6895,OC(c1ccc(Cl)cc1)(c2ccc(Cl)cc2)C(Cl)(Cl)Cl,-5.6657
6896,CC(Oc1ccc(Cl)cc1Cl)C(O)=O,-2.8271
6897,CCOC(=O)CC(S[P](=S)(OC)OC)C(=O)OCC,-3.3637
6898,CC(C)OC(=O)Nc1ccccc1,-3.0005
6899,CCO[P](=S)(OCC)SCSCC,-3.7166
6900,CCO[P](=S)(OCC)SCCSCC,-4.2262
6901,CO[P](=S)(OC)Oc1cc(Cl)c(Cl)cc1Cl,-5.5072
6902,CO[P](=S)(NC(C)C)Oc1ccc(Cl)cc1Cl,-4.7982
6903,CN[P](=O)(OC)Oc1ccc(cc1Cl)C(C)(C)C,-3.1639
6904,CO[P](=O)(OC)OC(Br)C(Cl)(Cl)Br,-2.2797
6905,CCO[P](=O)(OCC)Oc1ccc(cc1)[N+]([O-])=O,-2.0594
6906,CCO[P](=S)(CC)Oc1cc(Cl)c(Cl)cc1Cl,-5.7524
6907,CN(C)C(=O)Nc1ccc(Cl)c(Cl)c1,-3.7443
6908,CON(C)C(=O)Nc1ccc(Cl)c(Cl)c1,-3.5213
6909,CCO[P](=O)(OCC)OC(=C\Cl)/c1ccc(Cl)cc1Cl,-3.4624
6910,CO[P](=S)(OC)Oc1ccc(c(Cl)c1)[N+]([O-])=O,-3.8717
6911,CCCCN(C)C(=O)Nc1ccc(Cl)c(Cl)c1,-4.7584
6912,CCCCOC(N)=O,-0.6571
6913,COC(N)=O,0.964
6914,CCCOC(N)=O,-0.1302
6915,CCC(=O)Nc1ccc(Cl)c(Cl)c1,-2.9864
6916,CO[P](=S)(OC)SCSc1ccc(Cl)cc1,-5.2939
6917,CNC(=O)Oc1cccc(C)c1,-1.803
6918,Clc1c(Cl)c(C#N)c(Cl)c(C#N)c1Cl,-5.6466
6919,CCO[P](=S)(Oc1ccc(cc1)[N+]([O-])=O)c2ccccc2,-5.0169
6920,CO[P](=S)(OC)Oc1cc(Cl)c(Br)cc1Cl,-6.0864
6921,CN(C)C(=O)Nc1cccc(c1)C(F)(F)F,-3.4365
6922,CCSC(=O)N1CCCCCC1,-2.2858
6923,CCCC(C)C(=O)Nc1ccc(C)c(Cl)c1,-4.4503
6924,CNC(=O)Oc1cc(C)cc(c1)C(C)C,-3.3575
6925,CNC(=O)Oc1ccccc1C(C)C,-2.6841
6926,CO[P](=S)(OC)Oc1ccc(cc1)C#N,-3.7232
6927,CNC(=O)Oc1cc(C)cc(C)c1,-2.5813
6928,CON(C)C(=O)Nc1ccc(Br)cc1,-2.895
6929,CO[P](=S)(OC)Oc1ccc(Sc2ccc(O[P](=S)(OC)OC)cc2)cc1,-6.2375
6930,CC(C#C)N(C)C(=O)Nc1ccc(Cl)cc1,-3.8971
6931,CO[P]1(=S)OCc2ccccc2O1,-3.5714
6932,CCO[P](=S)(OCC)Oc1cc(Cl)c(Br)cc1Cl,-5.9521
6933,CCCC(C)(C)C(=O)Nc1ccc(Cl)cc1,-4.0218
6934,CCCO[P](=O)(OCCC)Oc1ccc(SC)cc1,-3.3865
6935,CCO[P](=S)(Oc1ccc(cc1)C#N)c2ccccc2,-5.7037
6936,CCO[P](=S)(OCC)SCSC(C)(C)C,-4.755
6937,CON(C)C(=O)Nc1ccc(Br)c(Cl)c1,-3.9236
6938,CN(C)C(=O)Nc1ccc(C)c(Cl)c1,-3.4826
6939,CCO[P](=O)(Sc1ccccc1)Sc2ccccc2,-3.3305
6940,CO[P](=S)(OC)Oc1cc(Cl)c(I)cc1Cl,-6.6160000000000005
6941,CO[P](=S)(Oc1cc(Cl)c(Br)cc1Cl)c2ccccc2,-7.1379
6942,CCO[P](=O)(NC(C)C)Oc1ccc(SC)c(C)c1,-2.9648
6943,CCCO[P](=S)(OCCC)SCC(=O)N1CCCCC1C,-4.1504
6944,CCO[P](=S)(NC(C)C)Oc1ccccc1C(=O)OC(C)C,-4.1939
6945,CC(C)O[P](=O)(OC(C)C)SCc1ccccc1,-2.8579
6946,CCN(CC)C(=O)SCc1ccc(Cl)cc1,-3.9641
6947,CC(C)C(C(=O)OC(C#N)c1cccc(Oc2ccccc2)c1)c3ccc(Cl)cc3,-7.2429
6948,CCCN,1.2283
6949,CC=O,1.3561
6950,CN(C)N=O,1.1303
6951,[O-][n+]1ccccc1,1.0218
6952,CSSC,-1.4969
6953,Cc1cccnc1C,0.0938
6954,Cc1ccnc(C)c1,0.4471
6955,Cc1ccc(C)nc1,-0.03
6956,Cc1ccncc1C,-0.314
6957,Cc1cncc(C)c1,-0.5115
6958,C=Cc1ccccn1,-0.5824
6959,C=Cc1ccncc1,-0.5579
6960,c1ccc(nc1)c2ccccn2,-1.4206
6961,c1cc(ccn1)c2ccncc2,-1.5376
6962,c1cnc2c(c1)ccc3ncccc23,-2.6806
6963,c1ccc2nc3ccccc3cc2c1,-3.6691
6964,c1ccc2c(c1)ccc3ncccc23,-3.3574
6965,c1ccc2cnccc2c1,-1.456
6966,c1ccc2nc(ccc2c1)c3ccc4ccccc4n3,-5.4002
6967,c1ccc2cnncc2c1,-0.4155
6968,CCO[P](=S)(OCC)Oc1cc(C)nc(n1)C(C)C,-3.8813
6969,Oc1ccc(Cl)cc1Cc2cc(Cl)ccc2O,-3.9528
6970,CCCCCCc1ccc(O)cc1O,-2.5895
6971,CC\C(c1ccc(O)cc1)=C(\CC)c2ccc(O)cc2,-4.3495
6972,Nc1ccc(cc1Cl)c2ccc(N)c(Cl)c2,-4.912
6973,Nc1ccc(N)cc1,-0.4658
6974,COc1cc(ccc1N)c2ccc(N)c(OC)c2,-3.6098
6975,Cc1ccc(cc1)[S](C)(=O)=O,-1.9873
6976,CCN(CC)C=O,0.995
6977,CCOC(=O)[C@H](Cc1c[nH]c2ccccc12)N(C)C=O,-2.2709
6978,C=C[S](=O)(=O)Nc1ccccc1,-1.4996
6979,Cc1ccc(NO)cc1,-0.7894
6980,ONc1ccccc1,-0.4359
6981,CCO[P](=S)(OCC)SCC[S](=O)CC,-1.8609
6982,CCO[P](=O)(OCC)SC[S](=O)CC,-1.5124
6983,CC[S](=O)CCS[P](=S)(OC)OC,-0.9137
6984,ClCC[S](=O)CCCl,-1.1641
6985,CC[S](=O)CS[P](=S)(OC(C)C)OC(C)C,-2.3074
6986,CCO[P](=S)(OCC)SC[S](=O)(=O)C(C)(C)C,-2.8951
6987,CC[S](=O)(=O)CC,0.0433
6988,CC[S](=O)(=O)CI,-0.9714
6989,CCO[S](=O)(=O)c1ccccc1,-2.1308
6990,CO[S](=O)(=O)c1ccccc1,-1.7419
6991,Cn1nc(C)c(C(=O)c2ccc(Cl)cc2Cl)c1O[S](=O)(=O)c3ccc(C)cc3,-6.8946
6992,Nc1ccc(cc1)[S](=O)(=O)c2ccc(Cl)cc2,-4.1267
6993,Nc1ccc(N)c(c1)[S](=O)(=O)c2ccccc2C(O)=O,-1.8395
6994,CC(=O)Nc1ccc(cc1)[S](=O)(=O)c2ccc(N)cc2,-3.6116
6995,CCC(CC)COC(=O)N[S](N)(=O)=O,-1.7487
6996,CCCCOC(=O)N[S](N)(=O)=O,-1.0375
6997,CCCCC(CC)COC(=O)N[S](N)(=O)=O,-2.402
6998,CC(C)N1C(=O)c2ccccc2N[S]1(=O)=O,-2.6817
6999,OC(=O)C(=O)c1ccc2OCOc2c1,-1.1912
7000,O=C1C(=O)c2ccccc2c3ccccc13,-4.4435
7001,OC(=O)C(=O)c1c(cccc1C(O)=O)C(O)=O,-0.4541
7002,CN1N(C(=CC1=S)C)c2ccccc2,-1.6668
7003,N[C@@H](CSC(/Cl)=C/Cl)C(O)=O,-1.4895
7004,CC(=O)CC1=NCCS1,-1.156
7005,C[Si](C)(C)CN,-1.7619999999999998
7006,C[Si](C)(C)CCN,-1.807
7007,CC[Si](CC)(CC)CC,-5.6475
7008,Cc1ccc(c(C)c1)[P](O)(O)=O,-1.0938
7009,O[P](O)(=O)c1cccc2ccccc12,-1.6194
7010,[Cl-].[Cl-].C[n+]1ccc(cc1)c2cc[n+](C)cc2,0.4349
7011,[Br-].[Br-].C1C[n+]2ccccc2c3cccc[n+]13,0.3133
7012,CCCCOC(=O)N(C)SN(C)C(=O)Oc1cccc2CC(C)(C)Oc12,-4.5412
7013,CCOC(=O)CCN(SN(C)C(=O)Oc1cccc2CC(C)(C)Oc12)C(C)C,-4.7103
7014,CCCCN(CCCC)SN(C)C(=O)Oc1cccc2CC(C)(C)Oc12,-6.1033
7015,CC(=O)O[Hg]c1ccccc1,-1.8868
7016,[Cl-].COCC[Hg+],-0.7709999999999999
7017,[Hg++].CC([O-])=O.CC([O-])=O,-0.1054
7018,C=O,1.1206
7019,C#CC#C,-0.7241
7020,O=C1CC=CS1,-0.2225
7021,CO[S](=O)(=O)OC,-0.6537
7022,CC(=O)C(=O)c1ccccc1,-1.7558
7023,CC(=O)C(C)=O,0.3661
7024,CCC(=O)C(C)=O,-0.1764
7025,SC(=O)CCCCC(S)=O,-1.7326
7026,COC(=O)OC(C)C(=O)OC,-0.6003
7027,CCO[P](=S)(OCC)O/N=C(C#N)/c1ccccc1Cl,-5.2917
7028,NC(=S)c1c(Cl)cccc1Cl,-2.3363
7029,CC(=O)CSC#N,-0.2162
7030,N#CSCC(CSC#N)SC#N,-1.9351
7031,O[S](=O)(=O)c1c(Br)c(Br)c(Br)c(Br)c1Br,-2.0061
7032,[O-][S](=O)(=O)c1ccc2oc3ccccc3c2c1,-0.4655
7033,O=C=O,-1.4748
7034,COc1cccc(n1)N(C)C(=S)Oc2cccc(c2)C(C)(C)C,-6.013999999999999
7035,ClC1=C(Cl)C2(Cl)C3CO[S](=O)(=O)OCC3C1(Cl)C2(Cl)Cl,-5.945
7036,CC(C)(C)c1ccc(OC2CCCCC2O[S](=O)OCC#C)cc1,-5.8457
7037,ClC1=C(Cl)C2(Cl)[C@H]3CO[S](=O)OC[C@H]3[C@]1(Cl)C2(Cl)Cl,-5.9019
7038,O=[S]1OCCO1,0.2214
7039,CCO[P](=S)(OCC)O[P](=S)(OCC)OCC,-4.0312
7040,OC(=S)c1cccnc1,-1.3801
7041,CCOC(=S)SC(C)C(O)=O,-1.4489
7042,Brc1cc(Br)cc(Br)c1,-5.6004
7043,Oc1c(Br)cc(Br)cc1Br,-3.6745
7044,Nc1c(Cl)cc(Cl)cc1Cl,-3.6912
7045,OCC(C(O)=O)c1ccccc1,-0.9305
7046,OC(=O)c1ccccc1c2ccccc2C(O)=O,-2.2839
7047,OCc1ccccc1O,-0.2946
7048,FC(F)(F)Cl,-3.0647
7049,CCCCCCCCBr,-5.0631
7050,FC(F)(F)C(Cl)Br,-1.7043
7051,CC(=O)OC[C@@H](OC(C)=O)[C@@H](OC(C)=O)[C@H](OC(C)=O)[C@@H](OC(C)=O)C=O,-2.4154
7052,CC(=O)c1ccc(N)cc1,-1.6058
7053,CN(C)c1nc(nc(n1)N(C)C)N(C)C,-3.3638
7054,CC1=CC(=O)NO1,-0.0666
7055,NC(=S)Nc1cccc2ccccc12,-2.5278
7056,NC(=S)Nc1ccccc1,-1.7898
7057,Clc1cc2Oc3cc(Cl)c(Cl)cc3Oc2cc1Cl,-9.2068
7058,Clc1c(Cl)c(Cl)c2Oc3c(Cl)c(Cl)c(Cl)c(Cl)c3Oc2c1Cl,-12.0605
7059,Clc1cc(Cl)c2Oc3cc(Cl)cc(Cl)c3Oc2c1,-9.0027
7060,Clc1ccc2Oc3cc(Cl)ccc3Oc2c1,-7.8292
7061,Clc1cc2Oc3c(Cl)c(Cl)c(Cl)c(Cl)c3Oc2cc1Cl,-10.9486
7062,Clc1ccc2Oc3c(Cl)c(Cl)c(Cl)c(Cl)c3Oc2c1,-9.4728
7063,Clc1cc2oc3cc(Cl)c(Cl)cc3c2cc1Cl,-8.6456
7064,Clc1ccc2Oc3c(Cl)c(Cl)c(Cl)cc3Oc2c1,-8.8744
7065,Clc1cccc(c1Cl)c2c(Cl)ccc(Cl)c2Cl,-6.7798
7066,Oc1ccccc1C(=O)Nc2ccccc2,-3.5885
7067,O=C(OOC(=O)c1ccccc1)c2ccccc2,-4.4252
7068,CC(=O)Nc1ccc(cc1)[S](N)(=O)=O,-1.6066
7069,CCC1(C(=O)NCNC1=O)c2ccccc2,-2.64
7070,CN1CC(=O)N=C1N,-0.1499
7071,C[C@H]1C[C@H](C)C(=O)[C@@H](C1)[C@H](O)CC2CC(=O)NC(=O)C2,-1.127
7072,[O-][N+](=O)C(Cl)(Cl)Cl,-2.0063
7073,CCC1(CCC(=O)NC1=O)c2ccccc2,-2.3374
7074,[O-][N+](=O)O[C@H]1CO[C@@H]2[C@@H](CO[C@H]12)O[N+]([O-])=O,-2.6328
7075,O=C1NNC(=O)C=C1,-1.2714
7076,Cc1cc(N)nc(C)n1,-1.2843
7077,CCCCC1C(=O)N(N(C1=O)c2ccccc2)c3ccccc3,-3.8124
7078,CC(C)(S)[C@@H](N)C(O)=O,-0.1285
7079,OC1(CCN(CCCC(=O)c2ccc(F)cc2)CC1)c3ccc(Cl)cc3,-4.4289
7080,OCC(NC(=O)C(Cl)Cl)C(O)c1ccc(cc1)[N+]([O-])=O,-2.1114
7081,O=C1C[C@@H]2OCC=C3CN4CC[C@@]56[C@@H]4C[C@@H]3[C@@H]2[C@@H]5N1c7ccccc67,-3.3202
7082,CN(C)C1=C(C)N(C)N(c2ccccc2)C1=O,-0.6286
7083,OCCN1CCN(CCCN2c3ccccc3Sc4ccc(Cl)cc24)CC1,-4.1546
7084,CN(C)CCCN1c2ccccc2Sc3ccccc13,-4.3017
7085,CN1N(C(=O)C=C1C)c2ccccc2,-0.5642
7086,CC(CN1c2ccccc2Sc3ccccc13)N(C)C,-4.2597
7087,[O-][N+](=O)c1sc(nc1)N2CCNC2=O,-3.2169
7088,OCCN1CCN(CCCN2c3ccccc3Sc4ccc(cc24)C(F)(F)F)CC1,-4.1488
7089,Nc1ncnc2n(ccc12)C3OC(CO)C(O)C3O,-1.9515
7090,Nc1ccc(cc1)[S](=O)(=O)Nc2sccn2,-2.4248
7091,CCCC(C)C1(CC=C)C(=O)NC(=S)NC1=O,-3.4585
7092,Cn1cnc2N(C)C(=O)NC(=O)c12,-2.7372
7093,O=C1NC(=O)c2ccccc12,-2.6114
7094,CN1CCN(CCCN2c3ccccc3Sc4ccc(cc24)C(F)(F)F)CC1,-4.5238
7095,COc1cc(N[S](=O)(=O)c2ccc(N)cc2)nc(OC)n1,-2.9565
7096,COC1CC(=O)C[C@@H](C)[C@]12Oc3c(Cl)c(OC)cc(OC)c3C2=O,-4.611000000000001
7097,CCCCC1C(=O)N(N(C1=O)c2ccc(O)cc2)c3ccccc3,-3.7329
7098,Cc1sc(N[S](=O)(=O)c2ccc(N)cc2)nn1,-2.4107
7099,OCC(O)C(O)CO,0.6985
7100,CN[C@@H](C)[C@H](O)c1ccccc1,-0.4147
7101,O=C1N=CN=C2NNC=C12,-2.3788
7102,CCCCNC(=O)N[S](=O)(=O)c1ccc(N)cc1,-2.1782
7103,COc1cc2N3C4[C@@H]5C(CC3=O)OCC=C6CN7CC[C@]4([C@@H]7C[C@H]56)c2cc1OC,-2.0909
7104,Nc1ccc(cc1)[S](=O)(=O)Nc2ccnn2c3ccccc3,-2.3213
7105,Oc1cc(O)c2C(=O)C[C@H](Oc2c1)c3ccc(O)c(O)c3,-3.6147
7106,Cc1cnc(N[S](=O)(=O)c2ccc(N)cc2)nc1,-2.82
7107,COc1cnc(N[S](=O)(=O)c2ccc(N)cc2)nc1,-2.5843
7108,Cc1ccc(cc1)[S](=O)(=O)NC(=O)NC2CCCCC2,-4.207
7109,Cc1onc(N[S](=O)(=O)c2ccc(N)cc2)c1,-2.6183
7110,COc1cc(Cc2cnc(N)nc2N)cc(OC)c1OC,-2.8608
7111,CC(=O)OCC(=O)[C@H]1CC[C@H]2[C@@H]3CCC4=CC(=O)CC[C@]4(C)[C@H]3CC[C@]12C,-4.6301
7112,C[C@]12C[C@H](O)[C@@]3(F)[C@@H](CCC4=CC(=O)C=C[C@]34C)[C@@H]1C[C@@H](O)[C@]2(O)C(=O)CO,-3.6929
7113,CCCCC(=O)O[C@@]1([C@@H](C)C[C@H]2[C@@H]3CCC4=CC(=O)C=C[C@]4(C)[C@@]3(F)[C@@H](O)C[C@]12C)C(=O)CO,-4.7101
7114,Nc1ccccc1O,-0.7369
7115,Nc1cc(cc(c1O)[N+]([O-])=O)[N+]([O-])=O,-2.4862
7116,Nc1cccc(c1)[N+]([O-])=O,-2.0611
7117,Nc1ccc(cc1)[N+]([O-])=O,-2.2782
7118,Oc1ccc(cc1[N+]([O-])=O)[N+]([O-])=O,-2.5976
7119,Cc1ccc(O)c(c1)[N+]([O-])=O,-2.3837
7120,Oc1ccc(C=O)cc1,-0.9762
7121,Oc1cc(ccc1[N+]([O-])=O)[N+]([O-])=O,-2.6796
7122,Oc1cc(F)ccc1[N+]([O-])=O,-2.05
7123,Cc1cc(cc(c1O)[N+]([O-])=O)[N+]([O-])=O,-3.0003
7124,Oc1c(cccc1[N+]([O-])=O)[N+]([O-])=O,-2.7668
7125,Oc1cccc(O)c1[N+]([O-])=O,-2.0734
7126,Oc1ccc(cc1[N+]([O-])=O)c2ccccc2,-4.4101
7127,CCC(C)c1ccc(O)c(c1)[N+]([O-])=O,-3.8403
7128,Nc1ccc(C(O)=O)c(O)c1,-1.9572
7129,Nc1cccc(c1)C(O)=O,-1.3663
7130,OC(=O)c1ccc(O)c(O)c1,-0.9278
7131,COc1cc(ccc1O)C(O)=O,-2.0496
7132,Nc1cc(Cl)cc(C(O)=O)c1Cl,-2.4688
7133,Nc1ccc(cc1)C(O)=O,-1.3511
7134,OC(=O)c1c(O)cccc1O,-1.2074
7135,CCCCOC(=O)c1ccc(O)cc1,-2.9723
7136,COC(=O)c1ccccc1O,-1.3130000000000002
7137,Nc1ccc(c(O)c1)C(=O)Oc2ccccc2,-4.5152
7138,COC(=O)c1ccc(N)cc1,-1.5974
7139,CCCCCOC(=O)c1ccc(N)cc1,-3.3499
7140,CCCCCCCOC(=O)c1ccc(N)cc1,-4.6001
7141,CCCCCCCCOC(=O)c1ccc(N)cc1,-5.3999
7142,CCOC(C)OCC,-0.4291
7143,COCOC,0.506
7144,CC1OC(C)OC(C)O1,-0.0719
7145,CCOCOCC,-0.1726
7146,C[C@@H]1C[C@H]2[C@@H]3CCC4=CC(=O)C=C[C@]4(C)[C@@]3(F)[C@@H](O)C[C@]2(C)[C@@]1(O)C(=O)CO,-3.6444
7147,CC(=O)OCC(=O)[C@@]1(O)CC[C@H]2[C@@H]3CCC4=CC(=O)CC[C@]4(C)[C@H]3[C@@H](O)C[C@]12C,-4.4577
7148,CC(=O)OCC(=O)[C@@]1(O)CC[C@H]2[C@@H]3CCC4=CC(=O)CC[C@]4(C)[C@H]3C(=O)C[C@]12C,-4.3037
7149,C[C@]12C[C@H](O)[C@H]3[C@@H](CCC4=CC(=O)CC[C@]34C)[C@@H]1CC[C@@H]2C(=O)CO,-3.2408
7150,CC(=O)OCC(=O)[C@@]1(O)CC[C@H]2[C@@H]3CCC4=CC(=O)C=C[C@]4(C)[C@H]3[C@@H](O)C[C@]12C,-4.3692
7151,C[C@]12CCC(=O)C=C1CC[C@H]3[C@@H]4CC[C@](O)(C(=O)CO)[C@@]4(C)CC(=O)[C@H]23,-3.1097
7152,CC(=O)[C@H]1CC[C@H]2[C@@H]3CCC4=CC(=O)CC[C@]4(C)[C@H]3CC[C@]12C,-4.5526
7153,C[C@]1(O)CC[C@H]2[C@@H]3CCC4=CC(=O)CC[C@]4(C)[C@H]3CC[C@]12C,-3.9505
7154,C[C@]12CC[C@H]3[C@@H](CCC4=CC(=O)CC[C@]34C)[C@@H]1CC[C@@H]2O,-4.0908
7155,C[C@]12CC[C@H]3[C@@H](CCC4=CC(=O)CC[C@]34C)[C@@H]1CCC2=O,-3.6949
7156,C[C@]12CC[C@H]3[C@@H](CCC4=CC(=O)CC[C@]34C)[C@@H]1CC[C@@H]2C(=O)CO,-3.7446
7157,CC(=O)OCC(=O)[C@@]1(O)[C@@H](C[C@H]2[C@@H]3CCC4=CC(=O)C=C[C@]4(C)[C@@]3(F)[C@@H](O)C[C@]12C)OC(C)=O,-4.1297
7158,CC(=O)[C@@]1(O)CC[C@H]2[C@@H]3CCC4=CC(=O)CC[C@]4(C)[C@H]3CC[C@]12C,-4.7076
7159,C[C@]12C[C@H](O)[C@@]3(F)[C@@H](CCC4=CC(=O)CC[C@]34C)[C@@H]1CC[C@]2(O)C(=O)CO,-3.4342
7160,C[C@H]1C[C@H]2[C@@H]3CC[C@](O)(C(C)=O)[C@@]3(C)C[C@H](O)[C@]2(F)[C@@]4(C)C=CC(=O)C=C14,-4.0986
7161,C[C@@H]1C[C@H]2[C@@H]3CCC4=CC(=O)C=C[C@]4(C)[C@@]3(F)[C@@H](O)C[C@]2(C)[C@@]1(O)C(=O)COC(C)=O,-4.9
7162,FC1=CNC(=O)NC1=O,-1.0689
7163,CC1=CNC(=O)NC1=O,-1.5187
7164,O=C1CNC(=O)N1,-0.4016
7165,CN1C=CC(=O)NC1=O,-0.7998
7166,CCC1(C(=O)NC(=O)NC1=O)C2=CCCCC2,-2.1693
7167,C=CCC1(CC=C)C(=O)NC(=O)NC1=O,-2.0608
7168,CCC1(CCC(C)C)C(=O)NC(=O)NC1=O,-2.5743
7169,CC(C)C1(CC=C)C(=O)NC(=O)NC1=O,-1.712
7170,Oc1cccnc1,-0.4557
7171,[O-]c1cccc2[nH+]cccc12,-2.5417
7172,Oc1ccc2ncccc2c1,-2.1618
7173,Clc1nc(Cl)nc(Nc2ccccc2Cl)n1,-4.5371
7174,CCNc1nc(NC(C)(C)C)nc(SC)n1,-3.9847
7175,CCNc1nc(Cl)nc(n1)N(CC)CC,-4.0601
7176,CC(C)Nc1nc(N)nc(Cl)n1,-2.7063
7177,CSc1nc(NC(C)C)nc(NC(C)C)n1,-3.8642
7178,CCNc1nc(Cl)nc(NC(C)(C)C#N)n1,-3.151
7179,CCNc1nc(NC(C)(C)C)nc(OC)n1,-3.2388
7180,Brc1ccccn1,-0.8806
7181,NC1(CCCC1)C(O)=O,-0.4122
7182,NC(Cc1ccccc1)C(O)=O,-1.0657
7183,OC(=O)c1cccc(c1)C(O)=O,-3.2204
7184,OC(=O)c1ccnc(c1)C(O)=O,-1.8268
7185,OC(=O)c1ccc(nc1)C(O)=O,-2.1296
7186,OC(=O)c1cccc(n1)C(O)=O,-1.5241
7187,OC(=O)c1ccncc1C(O)=O,-1.8538
7188,OC(=O)c1cncc(c1)C(O)=O,-2.2230000000000003
7189,OC(=O)c1cccnc1,-0.835
7190,CCCCCCCC[S](=O)(=O)N[S](=O)(=O)CCCCCCCC,-3.9145
7191,NC(=O)CCl,-0.0166
7192,NC(=O)CBr,0.0643
7193,CCC(Cl)(CC)C(N)=O,-1.0289
7194,NC(=O)C(Cl)CCl,-0.5138
7195,CN(C(C)=O)c1ccccc1,-0.951
7196,CC(C)N(C(=O)CCl)c1ccccc1,-2.4806
7197,CCOCN(C(=O)CCl)c1c(C)cccc1CC,-3.0827
7198,NCC(O)=O,0.92
7199,CC1=CCC(CC1)C(C)(C)O,-1.91
7200,CC(C)COC(N)=O,-0.3
7201,CC(=C)C1CC=C(C)C(O)C1,-1.72
7202,CC(C)(C)OC(N)=O,0.1
7203,OCC1OC(O)C(O)C(O)C1O,0.74
7204,CCNC(=S)NCC,-1.46
7205,C\C=C\C=C\C(O)=O,-1.77
7206,NC(CO)C(O)=O,-0.02
7207,ClC(Cl)(Cl)C(Cl)(Cl)Cl,-3.94
7208,OC(=O)CCCC(O)=O,1.0
7209,OC(=O)CCC(O)=O,-0.17
7210,CC(C)(S)C(N)C(O)=O,-0.13
7211,OC(=O)CCCCC(O)=O,-0.82
7212,OC(CC(O)=O)C(O)=O,0.64
7213,OC1=CC=CC=C1,-0.04
7214,NC(CCC(N)=O)C(O)=O,-0.54
7215,CCC1(CC)C(=O)NCC(C)C1=O,-0.38
7216,NC(CCCNC(N)=N)C(O)=O,0.0
7217,CNC(=O)O\N=C(\C)SC,-1.21
7218,[O-][N+](=O)OC1COC2C(COC12)O[N+]([O-])=O,-2.63
7219,CC1(C)C(=O)NC(=O)NC1=O,-1.74
7220,NC1=CC(=CC=C1)N,0.51
7221,O=C1NC(=O)C2(CC2)C(=O)N1,-1.89
7222,CCCCCCCCCCNC(=O)NC1CCCCC1,-2.81
7223,CCC1=CC=C(O)C=C1,-1.4
7224,CCC1(C)C(=O)NC(=O)NC1=O,-1.23
7225,O=C1NC(=O)C2(CCC2)C(=O)N1,-1.66
7226,CC1=CC(=C(C)C=C1C)C,-3.84
7227,ClC1=CC=C(Cl)C=C1,-3.35
7228,CCC1(CC)C(=O)NC(=O)NC1=O,-1.42
7229,CC1(CC=C)C(=O)NC(=O)NC1=O,-1.16
7230,OC1=CC=CC(=C1)C=O,-1.23
7231,OC1=CC(=CC(=C1)O)O,-1.05
7232,CCCC1(CC)C(=O)NC(=O)NC1=O,-1.49
7233,CCC1(CC=C)C(=O)NC(=O)NC1=O,-1.61
7234,CCC1(CC)C(=O)NC(=O)N(C)C1=O,-2.1
7235,O=C1NC(=O)C2(CCCCC2)C(=O)N1,-3.06
7236,CC1=CC=C(C=C1)C(O)=O,-2.53
7237,CC(C)=CCC1(C)C(=O)NC(=O)NC1=O,-2.6
7238,NC(=O)OCC1=CC=CC=C1,-0.35
7239,COC1=NN(CS[P](=S)(OC)OC)C(=O)S1,-3.1
7240,NNC(=O)C1=CC=NC=C1,-0.04
7241,CCC(C)C1(CC)C(=O)NC(=O)NC1=O,-2.39
7242,OC(=O)C1=C(F)C=CC=C1,-1.39
7243,CC(C)C1(C(C)C)C(=O)NC(=O)NC1=O,-2.77
7244,NC1=C(C=CC=C1)C(O)=O,-1.52
7245,OC(=O)C1=CC(=CC=C1)O,-1.24
7246,CCCCCC1(CC)C(=O)NC(=O)NC1=O,-2.51
7247,CCNC(=O)NC(=O)C(=N/OC)/C#N,-2.3
7248,OC1=CC=C(C=C1)[N+]([O-])=O,-0.94
7249,NC1=C(C=CC=C1)[N+]([O-])=O,-1.96
7250,CC1=C(C)C(=C(C)C(=C1C)C)C,-5.23
7251,OC1=CC(=CC=C1)[N+]([O-])=O,-1.07
7252,CCCCCOC(=O)CCCNC(=O)NC1CCCCC1,-2.3
7253,CCC1(CC=C(C)C)C(=O)NC(=O)NC1=O,-2.25
7254,CCCCCC(O)/C=C/C1C(O)CC(O)C1C\C=C\CCCC(O)=O,-2.33
7255,O=C1NC(=S)NC(=O)C12CCCCC2,-3.46
7256,CCCCCCC1(CC)C(=O)NC(=O)NC1=O,-3.05
7257,O=C1NC(=O)C2(CCCCCCC2)C(=O)N1,-2.98
7258,CCCCCCCCCCNC(=O)N[C]12C[CH]3[CH2]C([CH2][CH](C3)C1)C2,-5.83
7259,CC/C=C(C)/C1(CC)C(=O)NC(=O)NC1=O,-2.31
7260,[NH]1C=CC2=C1C=CC=C2,-1.21
7261,CCC(C)C1(CC=C)C(=O)NC(=O)NC1=O,-2.02
7262,CC12CCC3C(CCC4CC(=O)CCC34C)C1CCC2O,-4.74
7263,CC(=O)NC1=CC=CC(=C1)O,-1.06
7264,CCCCCCCC1(CC)C(=O)NC(=O)NC1=O,-3.43
7265,COC1=CC(=CC=C1)C(O)=O,-1.93
7266,CC(=O)NC1=C(O)C=CC=C1,-2.13
7267,COC1=CC=CC=C1C(O)=O,-1.6
7268,CC(C)C1(CC=C(C)C)C(=O)NC(=O)NC1=O,-2.59
7269,CC1=CC(=C(O)C=C1)C(O)=O,-2.76
7270,CO[P](=O)(NC(C)=O)SC,0.54
7271,CCCCCCCCC1(CC)C(=O)NC(=O)NC1=O,-3.94
7272,[O-][N+](=O)C1=CC=CC(=C1)C=O,-1.98
7273,CCCC(C)C1(CC)C(=O)NC(=S)NC1=O,-3.6
7274,CCOC(=O)C1=CC=C(O)C=C1,-2.2
7275,CCC1C(=O)NC(=O)NC1=O,-0.92
7276,NC1=CC(=C(O)C=C1)C(O)=O,-2.26
7277,S=C=NC1=CC=CC(=C1)C#N,-3.19
7278,COC(=O)C1=CC=C(OC)C=C1,-2.34
7279,CCCCCCCCCC1(CC)C(=O)NC(=O)NC1=O,-4.46
7280,COC(=O)CCCNC(=O)N[C]12C[CH]3[CH2]C([CH2][CH](C3)C1)C2,-2.25
7281,OC(=O)C1=CC(=CC=C1O)O,-0.85
7282,CC(C)=CCC1(C(=O)NC(=O)NC1=O)C(C)(C)C,-3.55
7283,CC(=O)NC1=CC=C(C=O)C=C1,-1.63
7284,CCC1(C(=O)NC(=O)NC1=O)C2=CCCCCC2,-3.0
7285,CCCOC(=O)C1=CC=C(O)C=C1,-2.68
7286,O=C1NC(=O)C2(CCCCCCCCCC2)C(=O)N1,-4.59
7287,CN(C)C1=CC=C(C=C1)N=C=S,-4.13
7288,CC12CCC3C(CCC4=CC(=O)CCC34)C1CCC2(O)C#C,-4.63
7289,N#CC(=NNC1=CC=CC=C1)C#N,-3.36
7290,CCCCCC(O)/C=C/C1C(O)CC(=O)C1CCCCCCC(O)=O,-3.67
7291,OC1=C(F)C(=C(F)C(=C1F)F)F,-0.52
7292,OC(=O)C1=C(Br)C=CC=C1,-2.05
7293,CN(C)C=NC1=C(C)C=C(Cl)C=C1,-2.88
7294,O=C1NC(=O)C2(CCCCCCCCCCC2)C(=O)N1,-5.8
7295,CCCCCC(O)/C=C/C1C(O)CC(=O)C1C\C=C\CCCC(O)=O,-2.47
7296,ClC1=C(Cl)C2(Cl)C3C4CC(C=C4)C3C1(Cl)C2(Cl)Cl,-6.31
7297,CC12CCC3C(CCC4=CC(=O)CCC34C)C1CCC2=O,-3.7
7298,CCC1=C(CCCC1)C2(CC)C(=O)NC(=O)NC2=O,-3.53
7299,CCC12CCC3C(CCC4=CC(=O)CCC34)C1CCC2(O)C#C,-5.19
7300,C1=NC2=C(N=C1)N=CN=C2,0.02
7301,CC(C)=CC1C(C(=O)OCN2C(=O)C3=C(CCCC3)C2=O)C1(C)C,-5.26
7302,OC(=O)CNC(=O)C1=CC=CC=C1,-1.69
7303,CN(C)C(=O)NC1=CC=C(Cl)C=C1,-2.89
7304,OC(=O)C1=C(C=CC=C1)[N+]([O-])=O,-1.35
7305,OC(=O)C1=CC=C(C=C1)N=C=S,-3.98
7306,NCC(CC(O)=O)C1=CC=C(Cl)C=C1,-1.7
7307,OC(=O)C1=CC(=CC=C1)N=C=S,-3.25
7308,CCNC1=NC(=NC(=N1)Cl)NCC,-4.55
7309,CCC(C)C1(CC(Br)=C)C(=O)NC(=O)NC1=O,-2.65
7310,CCCCCOC(=O)CCCNC(=O)N[C]12C[CH]3[CH2]C([CH2][CH](C3)C1)C2,-2.32
7311,OCC(O)C1OC(=O)C(=C1O)O,0.28
7312,OC(=O)C1=C(O)C=CC(=C1)Br,-2.65
7313,C1=CC=C(C=C1)C2=CC=CC=C2,-4.32
7314,CC(CCC(O)=O)C1CCC2C3C(O)CC4CC(O)CCC4(C)C3CCC12C,-4.57
7315,IC1=CC=C(C=C1)N=C=S,-4.05
7316,CC(=O)C1CCC2C3CCC4=CC(=O)CCC4(C)C3CCC12C,-4.43
7317,NC(=O)N/N=C/C1=CC=C(O1)[N+]([O-])=O,-2.98
7318,CC(C)NC1=NC(=NC(=N1)Cl)NC(C)C,-4.46
7319,ClC(Cl)(Cl)C(NC=O)N1CCN(CC1)C(NC=O)C(Cl)(Cl)Cl,-4.16
7320,CON(C)C(=O)NC1=CC=C(Cl)C=C1,-2.47
7321,OC(=O)C1=CC=C(Cl)C(=C1)[N+]([O-])=O,-2.76
7322,OC(=O)CCCOC1=C(Cl)C=C(Cl)C=C1,-3.57
7323,CC(CCC(O)=O)C1CCC2C3C(O)CC4CC(O)CCC4(C)C3CC(O)C12C,-3.63
7324,OC(=O)CC1=CC(=C(OCC=C)C=C1)Cl,-3.13
7325,CC1=CC=C(C)C2=C1C=CC=C2C,-4.92
7326,OC(=O)C1=C(C(=CC=C1)Cl)[N+]([O-])=O,-2.63
7327,OC1=CC=CC2=C1C=CC=C2O,-2.92
7328,NNC1=NN=CC2=C1C=CC=C2,-2.6
7329,COC1=C(C(O)=O)C(=CC=C1Cl)Cl,-1.7
7330,CC(=O)C1CCC2C3CCC4=CC(=O)CCC4(C)C3C(O)CC12C,-3.82
7331,ClCC#CCOC(=O)NC1=CC(=CC=C1)Cl,-4.24
7332,CCC(=O)OC1CCC2C3CCC4=CC(=O)CCC4(C)C3CCC12C,-5.37
7333,C[S](=O)(=O)OCCCCO[S](C)(=O)=O,-2.27
7334,OC(=O)CC1=C(Cl)C=CC(=C1Cl)Cl,-3.08
7335,OC(CCN1CCCC1)(C2CCCCC2)C3=CC=CC=C3,-4.7
7336,CNC(=O)OC1=C2OC(C)(C)CC2=CC=C1,-2.42
7337,OC(CCN1CCCCC1)(C2CCCCC2)C3=CC=CC=C3,-5.2
7338,ClC1=CC2=C(C=CC=C2)C=C1Cl,-5.36
7339,ClC1=CC2=C(C=CC=C2Cl)C=C1,-5.92
7340,OCC1OC(OC2=CC=CC=C2CO)C(O)C(O)C1O,-0.85
7341,ClC1=CC=CC2=C1C=CC=C2Cl,-5.7
7342,S=C=NC1=CC2=CC=CC=C2C=C1,-4.44
7343,CC12CC(O)C3C(CCC4=CC(=O)CCC34C)C1CCC2C(=O)CO,-3.24
7344,OC(=O)COC1=C(Cl)C=C(Cl)C(=C1)Cl,-2.98
7345,OC(=O)COC1=C(Cl)C(=C(Cl)C=C1)Cl,-3.1
7346,CC12CCC3C(CCC4=CC(=CC=C34)O)C1CCC2O,-4.83
7347,CCC(C)C(=O)OC1CC(C)C=C2C=CC(C)C(CCC3CC(O)CC(=O)O3)C12,-6.01
7348,CC1=C(SCCO1)C(=O)NC2=CC=CC=C2,-3.14
7349,CC(C)(C)NCC(O)COC1=CC=CC2=C1CC(O)C(O)C2,-1.01
7350,CN1C2CCC1CC(C2)OC(=O)C(CO)C3=CC=CC=C3,-1.91
7351,CC(=O)N[S](=O)(=O)C1=CC=C(N)C=C1,-1.41
7352,CC1CC2C3CCC(O)(C(C)=O)C3(C)CC(O)C2(F)C4(C)C=CC(=O)C=C14,-4.1
7353,OC(=O)COC1=CC2=C(C=CC=C2)C=C1,-3.36
7354,C[N]1C=NC2=C1C(=O)N(C)C(=O)N2C,-0.91
7355,CC(C)NCC1CCC2=C(N1)C=C(C(=C2)CO)[N+]([O-])=O,-2.97
7356,CC1CC2C3CCC(O)(C(=O)CO)C3(C)CC(O)C2C4(C)C=CC(=O)C=C14,-3.49
7357,CC12CCC3C(CCC4=CC(=CC=C34)O)C1CCC2(O)C#C,-4.47
7358,CCC1(C(=O)NC(=O)N(C)C1=O)C2=CC=CC=C2,-3.68
7359,O1C2=C(C=CC=C2)C3=C1C=CC=C3,-4.6
7360,CCCCN1CCCCC1C(=O)NC2=C(C)C=CC=C2C,-3.22
7361,CN1C2CC(CC1C3OC23)OC(=O)C(CO)C4=CC=CC=C4,-1.24
7362,CCN(CC)CCNC(=O)C1=CC(=C(N)C=C1OC)Cl,-3.18
7363,NC(CC1=CC=C(C=C1)N(CCCl)CCCl)C(O)=O,-3.49
7364,COC(=O)N[S](=O)(=O)C1=CC=C(N)C=C1,-1.76
7365,CC(=O)OCC(=O)C1CCC2C3CCC4=CC(=O)CCC4(C)C3CCC12C,-4.97
7366,NC1=NC2=C(N=C[N]2COCCO)C(=O)N1,-2.12
7367,COC1=CC=C2C3CCC4(C)C(CCC4(O)C#C)C3CCC2=C1,-5.49
7368,CC12CCC(=O)C=C1CCC3C4CCC(O)(C(=O)CO)C4(C)CC(=O)C23,-3.11
7369,NC1=NC(=C(C=C1)N=NC2=CC=CC=C2)N,-4.24
7370,COC(=O)C[S](=O)(=O)C1=CC=C(Cl)C=C1,-2.38
7371,OC1=C(C=C(C=C1[N+]([O-])=O)[N+]([O-])=O)[N+]([O-])=O,-1.97
7372,CN1N(C2=CC=CC=C2)C(=O)C(=C1C)N,0.31
7373,OC(=O)C1=CC=CC=C1NC2=CC=CC=C2,-4.96
7374,CC12CC(O)C3(F)C(CCC4=CC(=O)C=CC34C)C1CC(O)C2(O)C(=O)CO,-3.68
7375,OCC1CCC(O1)[N]2C=NC3=C2N=CNC3=O,-0.94
7376,CC1=CC(=NO1)C(=O)NNCC2=CC=CC=C2,-2.46
7377,C1=CC2=C(C=C1)N=C3C=CC=CC3=N2,-3.7
7378,O=C(NC1=CN=NS1)NC2=CC=CC=C2,-3.85
7379,CCCCNC(=O)N[S](=O)(=O)C1=CC=C(C)C=C1,-3.17
7380,CC1=NC(=NC(=C1)C2CC2)NC3=CC=CC=C3,-4.05
7381,COC(=O)C1(CCCCC1)[S](=O)(=O)C2=CC=CC=C2,-3.85
7382,CC(=O)OCC(=O)C1(O)CCC2C3CCC4=CC(=O)CCC4(C)C3C(O)CC12C,-4.61
7383,CCOC(=O)C1=CN=C[N]1C(C)C2=CC=CC=C2,-4.73
7384,COC1=CC=C2C=C(C=CC2=C1)C(C)C(O)=O,-3.29
7385,CC12CC3=C(ON=C3)C=C1CCC4C2CCC5(C)C4CCC5(O)C#C,-5.51
7386,NC1=NC2=C(N=C[N]2COC(CO)CO)C(=O)N1,-1.77
7387,CC1N(C)CN2C(=O)C3=C(C=CC=C3)N=C12,0.03
7388,ClC1=CC=C(C=C1)C2=C(Cl)C=C(Cl)C=C2,-6.0
7389,CC(C)OC(=O)C[S](=O)(=O)C1=CC=C(Cl)C=C1,-2.41
7390,CC1=CN(C2CC(N=[N+]=[N-])C(CO)O2)C(=O)NC1=O,-1.16
7391,CC(C)OC(=O)C1(CCC1)[S](=O)(=O)C2=CC=C(C)C=C2,-3.34
7392,CC(=O)OCC(=O)C1(O)CCC2C3CCC4=CC(=O)C=CC4(C)C3C(O)CC12C,-4.38
7393,NC(=O)C1=CC(=C(C=C1[N+]([O-])=O)[N+]([O-])=O)N2CC2,-2.3
7394,COC(=O)C[S](=O)(=O)C1=CC=C(Br)C=C1,-2.48
7395,ClC1=CC(=C(C(=C1)Cl)C2=CC=CC=C2)Cl,-6.06
7396,N[S](=O)(=O)C1=CC2=C(SCCC2O)S1,-2.59
7397,COC(=O)C1(CCCCC1)[S](=O)(=O)C2=CC=C(C)C=C2,-4.61
7398,CN1N=C(SC1=NC(C)=O)[S](N)(=O)=O,-1.92
7399,ClC1=CC=C(Cl)C(=C1Cl)C2=CC=CC=C2,-6.29
7400,[O-][N+](=O)C1=CC=C(O1)\C=N\N2CC(=O)NC2=O,-3.38
7401,CO[P](=S)(OC)OC1=CC=C(C=C1)[N+]([O-])=O,-3.68
7402,CC1=NC(=O)C(=C(NCC2=CN=CC=C2)N1)C#N,-2.35
7403,CCOC1OC2=CC=C(O[S](C)(=O)=O)C=C2C1(C)C,-3.42
7404,NC1=NC=NC2=C1N=C[N]2C3OC(CO)C(O)C3O,-1.73
7405,CC(C(O)=O)C1=CC=C(C(=C1)F)C2=CC=CC=C2,-4.29
7406,CC(C)OC(=O)C1(CCCC1)[S](=O)(=O)C2=CC=C(C)C=C2,-3.91
7407,CNC(=O)C1=CC(=C(C=C1[N+]([O-])=O)[N+]([O-])=O)N2CC2,-2.85
7408,CC1(C)OC2CC3C4CCC5=CC(=O)C=CC5(C)C4(F)C(O)CC3(C)C2(O1)C(=O)CO,-4.31
7409,CCCSC1=CC2=C([NH]C(=N2)NC(=O)OC)C=C1,-4.22
7410,CCCN1CN2C(=O)C3=C(C=CC=C3)N=C2C1C,-2.67
7411,CCCCC(C[N]1C=NC=N1)(C#N)C2=CC=C(Cl)C=C2,-3.31
7412,CN1CCC23C4CCC(=O)C2OC5=C(O)C=CC(=C35)CC14,-2.1
7413,N[S](=O)(=O)C1=CC2=C(SCCC2=O)S1,-3.55
7414,N[S](=O)(=O)C1=CC2=C(S1)C(=O)CCS2,-3.49
7415,N[S](=O)(=O)C1=CC2=C(S1)C(O)CCS2,-2.25
7416,CC(C)OC(=O)C1(CCCCC1)[S](=O)(=O)C2=CC=C(C)C=C2,-4.62
7417,NC1=C(C2=CC=CC=C2C=C1)[S](O)(=O)=O,-1.7
7418,C[N]1C(=CC=C1C(=O)C2=CC=C(C)C=C2)CC(O)=O,-4.09
7419,CN(C)C(=O)C1=CC(=C(C=C1[N+]([O-])=O)[N+]([O-])=O)N2CC2,-2.48
7420,ClC1=CC=C(C=C1)C2=CC(=C(Cl)C(=C2)Cl)Cl,-7.96
7421,OC(=O)C1=CC(=CC=C1O)C2=C(F)C=C(F)C=C2,-4.61
7422,CC1CC2C3CCC4=CC(=O)C=CC4(C)C3(F)C(O)CC2(C)C1(O)C(=O)COC(C)=O,-4.9
7423,ClC1=CC(=C(C=C1)C2=CC=C(Cl)C=C2Cl)Cl,-6.51
7424,ClC1=CC(=C(C=C1)C2=CC(=CC=C2Cl)Cl)Cl,-7.26
7425,ClC1=CC(=C(Cl)C=C1)C2=CC(=CC=C2Cl)Cl,-7.04
7426,ClC1=CC(=C(Cl)C(=C1Cl)Cl)C2=CC=CC=C2,-7.16
7427,CNCCCC12CCC(C3=C1C=CC=C3)C4=C2C=CC=C4,-4.69
7428,CCN(CC)C(=O)\C(=C/C1=CC(=C(O)C(=C1)[N+]([O-])=O)O)C#N,-4.26
7429,ClC(Cl)C(C1=CC=C(Cl)C=C1)C2=CC=C(Cl)C=C2,-7.2
7430,[O-][N+](=O)C1=C(C=C(C(=O)NC2CC2)C(=C1)[N+]([O-])=O)N3CC3,-3.39
7431,CC1=NC2=C(C=C(Cl)C=C2)[S](=O)(=O)N1,-3.36
7432,OC1=C(Br)C(=C(Br)C(=C1Br)Br)Br,-6.6
7433,CC(C)(C)C(=O)OCC1OC(CC1O)N2C=C(I)C(=O)NC2=O,-3.36
7434,C[S](=O)(=O)C1=CC=C(C=C1)C(O)C(CO)NC(=O)C(Cl)Cl,-2.15
7435,CC(C(O)=O)C1=CC=C(C=C1)C(=O)C2=CC=CS2,-2.0
7436,CN1CCN=C(C2=CC=CC=C2)C3=C1C=CC(=C3)Cl,-4.43
7437,NC(=O)N1C2=C(C=CC=C2)C=CC3=C1C=CC=C3,-3.29
7438,OC(=O)C1=CC=CC=C1NC2=CC(=CC=C2)C(F)(F)F,-4.4
7439,CCCN(CCC)C1=C(C=C(C=C1[N+]([O-])=O)C(F)(F)F)[N+]([O-])=O,-6.05
7440,CC(C)OC(=O)C1(CCCCCC1)[S](=O)(=O)C2=CC=C(Cl)C=C2,-5.52
7441,CC(CN(C)C)CN1C2=C(CCC3=C1C=CC=C3)C=CC=C2,-4.79
7442,N[S](=O)(=O)C1=CC2=C(S1)[S](=O)CCC2O,-1.35
7443,CCCC(=O)OCC1OC(CC1O)N2C=C(I)C(=O)NC2=O,-2.84
7444,CC(C)C(=O)OCC1OC(CC1O)N2C=C(I)C(=O)NC2=O,-2.76
7445,CCC(=O)N(C1CCN(CC1)CCC2=CC=CC=C2)C3=CC=CC=C3,-3.82
7446,CC12CCC3C(CCC4=CC(=O)CCC34C)C1CCC2OC(=O)C5=CC=CC=C5,-4.48
7447,ClC1=CC=C(N[S](=O)(=O)C2=CC=CC=C2)C=C1,-4.03
7448,COC(=O)C1CC1[S](=O)(=O)C2=CC=C(C=C2)[N+]([O-])=O,-3.38
7449,CC12CCC3C(CCC4=CC(=O)CCC34C)C1CCC2OC(=O)CCC5=CC=CC=C5,-5.27
7450,C1=CC2=C(C=C1)C3=C4C(=CC=C3)C=CC=C24,-5.93
7451,CCCCNC(=O)[N]1C(=NC2=C1C=CC=C2)NC(=O)OC,-4.86
7452,CC12CCC3C(CCC4=CC(=O)CCC34C)C1CCC2OC(=O)CCCC5=CC=CC=C5,-5.43
7453,CCCCC(=O)OCC1OC(CC1O)N2C=C(I)C(=O)NC2=O,-3.4
7454,ClC1=CC=C(C=C1Cl)C2=CC(=C(Cl)C(=C2)Cl)Cl,-8.39
7455,ClC1=CC=CC=C1N[S](=O)(=O)C2=CC=CC=C2,-4.32
7456,CCN1CCCC1CNC(=O)C2=C(OC)C=CC(=C2)[S](N)(=O)=O,-2.88
7457,ClC1=CC(=C(C=C1)C2=CC(=C(Cl)C(=C2)Cl)Cl)Cl,-8.55
7458,CC12CCC3C(CCC4=CC(=O)CCC34C)C1CCC2OC(=O)CC5=CC=CC=C5,-4.66
7459,OC(=O)CC1=CC=CC=C1OC2=C(Cl)C=C(Cl)C=C2,-4.86
7460,ClC1=NC=CC=C1N[S](=O)(=O)C2=CC=CC=C2,-3.76
7461,COC1=CC=C2N=CC=C(C(O)C3CC4CCN3CC4C=C)C2=C1,-2.79
7462,ClC1=CC=CN=C1N[S](=O)(=O)C2=CC=CC=C2,-3.17
7463,COC12C(COC(N)=O)C3=C(N1CC4NC24)C(=O)C(=C(N)C3=O)C,-2.56
7464,CCCCC(=O)OC1(C(C)CC2C3CCC4=CC(=O)C=CC4(C)C3(F)C(O)CC12C)C(=O)CO,-4.71
7465,ClC1=CC2=C(OC3=C(O2)C=CC=C3)C=C1Cl,-7.23
7466,COC1=CC2=C(C=CN=C2C=C1)C(O)C3CN4CCC3C(C4)C=C,-3.36
7467,ClC1=CC(=C(Cl)C=C1)C2=C(Cl)C(=C(Cl)C=C2)Cl,-7.91
7468,N[S](=O)(=O)C1=CC2=C(S1)[S](=O)(=O)CCC2,-2.68
7469,CCOC1=CC2=C(C=C1)N=C(S2)[S](N)(=O)=O,-4.03
7470,CC(C)(C)C1CCC(CC1)CC2=C(O)C(=O)C3=C(C=CC=C3)C2=O,-7.04
7471,CCC1=CC=C(N[S](=O)(=O)C2=CC=C(N)C=C2)C=C1,-4.52
7472,NC1=CC=C(C=C1)[S](=O)(=O)NC2=CC=C(Cl)C=C2,-4.13
7473,CCCN(CCC)C1=C(C(=C(C=C1[N+]([O-])=O)C(F)(F)F)N)[N+]([O-])=O,-7.07
7474,COC1=CC=C(N[S](=O)(=O)C2=CC=C(N)C=C2)C=C1,-4.23
7475,NC1=CC=C(C=C1)[S](=O)(=O)NC2=CC=C(C=C2)C#N,-3.6
7476,CCC(=O)OC(CC1=CC=CC=C1)(C(C)CN(C)C)C2=CC=CC=C2,-2.61
7477,CC(C)N(CCC(C(N)=O)(C1=CC=CC=C1)C2=NC=CC=C2)C(C)C,-1.7
7478,O=C1NC(=O)C(C(=O)N1)(C2=CC=CC=C2)C3=CC=CC=C3,-4.2
7479,[O-][N+](=O)C1=CC=C(N[S](=O)(=O)C2=CC=CC=C2)C=C1,-3.93
7480,COC1=CC=C(N[S](=O)(=O)C2=CC=C(N)C=C2)N=N1,-2.68
7481,CC1=C(C(=O)NC2=CC=CC=C2)[S](=O)(=O)CCO1,-2.43
7482,CC1=C(Cl)C=C(N[S](=O)(=O)C2=CC=C(N)C=C2)C=C1,-4.91
7483,CC1=C(N[S](=O)(=O)C2=CC=C(N)C=C2)C=CC(=C1)Cl,-4.35
7484,CC(=O)OCC(=O)C1(O)C(CC2C3CCC4=CC(=O)C=CC4(C)C3(F)C(O)CC12C)OC(C)=O,-4.13
7485,ClC1=CC=CC(=C1Cl)N[S](=O)(=O)C2=CC=CC=C2,-4.73
7486,CC1=C(C=CC(=C1)N)[S](=O)(=O)NC2=CC=C(Cl)C=C2,-4.42
7487,CC1=CC(=NC(=N1)C)N[S](=O)(=O)C2=CC=C(N)C=C2,-2.3
7488,CC1=CC=CC=C1N2C(=NC3=C(C=CC=C3)C2=O)C,-2.92
7489,ClC1=CC=C(C2=CC(=C(Cl)C(=C2)Cl)Cl)C(=C1Cl)Cl,-9.1
7490,CC1=C(N[S](=O)(=O)C2=CC=C(N)C=C2)C=C(Cl)C=C1,-3.98
7491,CC1=CC(=C(N[S](=O)(=O)C2=CC=C(N)C=C2)C=C1)Cl,-4.32
7492,[O-][N+](=O)C1=CC=CC=C1N[S](=O)(=O)C2=CC=CC=C2,-4.01
7493,ClC1=C(Cl)C(=C(C=C1)C2=CC=C(Cl)C(=C2Cl)Cl)Cl,-8.78
7494,CC1=C(C=CC(=C1)N)[S](=O)(=O)NC2=C(Cl)C=CC=C2,-5.05
7495,COC1=CC(=C2C(=O)C3(OC2=C1Cl)C(C)CC(=O)C=C3OC)OC,-3.97
7496,ClC1=CC(=C(C(=C1)Cl)C2=C(Cl)C=C(Cl)C=C2Cl)Cl,-8.71
7497,CCCC(=O)OCN1C=NC2=C(C=N[N]2COC(=O)CCC)C1=O,-3.83
7498,CC(C)(C)CC(=O)OCC(=O)C12OC(C)(C)OC1CC3C4CCC5=CC(=O)C=CC5(C)C4(F)C(O)CC23C,-5.12
7499,[O-][N+](=O)C1=CC=C2NC(=O)CN=C(C3=CC=CC=C3)C2=C1,-3.8
7500,CCN1C=CC(=NC1=O)N[S](=O)(=O)C2=CC=C(N)C=C2,-2.23
7501,CC1=CC=C(N[S](=O)(=O)C2=CC=C(C=C2)[N+]([O-])=O)N=C1,-4.29
7502,CC1OC(CC(O)C1O)OC2C(O)CC(OC2C)OC3C(O)CC(OC3C)OC4CCC5(C)C(CCC6C5CCC7(C)C(CCC67O)C8=CC(=O)OC8)C4,-5.29
7503,NC1=CC=C(C=C1)[S](=O)(=O)NC2=CC=C(C=C2)[N+]([O-])=O,-3.94
7504,CNC1=NC2=CC=C(Cl)C=C2C(=[N+]([O-])C1)C3=CC=CC=C3,-4.48
7505,NC1=CC=C(C(=C1)Cl)[S](=O)(=O)NC2=CC=C(Cl)C=C2,-4.59
7506,NC1=CC=C(C=C1)[S](=O)(=O)NC2=CC(=CC=C2Cl)Cl,-4.4
7507,NC1=CC=C(C=C1)[S](=O)(=O)NC2=CC=CC(=C2Cl)Cl,-4.73
7508,CCN1C=C(C(O)=O)C(=O)C2=C1C=C(N3CCN(C)CC3)C(=C2)F,-1.47
7509,CC1=C(N=C2C=C(O)C(=O)C3=C2C=CC=C3)C(=NO1)C,-3.89
7510,N[S](=O)(=O)C1=CC2=C(S1)C(O)CC[S]2=O,-1.57
7511,CCCN(CCC)C1=C(C=C(C=C1[N+]([O-])=O)[S](N)(=O)=O)[N+]([O-])=O,-5.13
7512,NC1=CC=C(C=C1)[S](=O)(=O)NC2=CC=CC=C2[N+]([O-])=O,-4.49
7513,NC1=CC(=C(C=C1)[S](=O)(=O)NC2=CC=CC=C2Cl)Cl,-5.11
7514,COC1=C(N[S](=O)(=O)C2=CC=C(N)C=C2)C=CC=C1Cl,-4.15
7515,CN1CCN(CC1)C2=NC3=C(OC4=C2C=C(Cl)C=C4)C=CC=C3,-4.42
7516,CC(=O)OCN1C(=O)NC(C1=O)(C2=CC=CC=C2)C3=CC=CC=C3,-4.47
7517,CN1C(=O)CCC(N2C(=O)C3=C(C=CC=C3)C2=O)C1=O,-2.99
7518,NC1=CC=C(C=C1)[S](=O)(=O)NC2=CC=C(I)C=C2,-4.52
7519,CO[P](=S)(OC)SCN1N=NC2=CC=CC=C2C1=O,-4.04
7520,COC(=O)NC1=NC2=CC(=CC=C2[NH]1)C(=O)C3=CC=CC=C3,-3.88
7521,C[N]1C=NC(=C1SC2=NC=NC3=C2[NH]C=N3)[N+]([O-])=O,-3.21
7522,CC1N(CN2C(=O)C3=C(C=CC=C3)N=C12)CC4=CC=CC=C4,-4.0
7523,CCC1=C(N=C2C=C(O)C(=O)C3=C2C=CC=C3)C(=NO1)C,-2.72
7524,ClC1=CC(=C(C=C1Cl)C2=C(Cl)C=C(Cl)C(=C2Cl)Cl)Cl,-7.92
7525,CCOC1=CC=C(N[S](=O)(=O)C2=CC=C(C=C2)[N+]([O-])=O)C=C1,-4.72
7526,CC(C)=C1OC(=O)N(C1=O)C2=C(F)C=C(Cl)C(=C2)OC3CCCC3,-6.21
7527,CCC(=O)OCN1C(=O)NC(C1=O)(C2=CC=CC=C2)C3=CC=CC=C3,-4.91
7528,ClC1=CC=C(Cl)C(=C1)C2=C(Cl)C(=C(Cl)C(=C2Cl)Cl)Cl,-8.46
7529,CC1=C(C=CC(=C1)N)[S](=O)(=O)NC2=C(C=CC=C2)[N+]([O-])=O,-4.51
7530,CC1=C2C=CC3=C(C=CC=C3)C2=C(C)C4=C1C=CC=C4,-6.78
7531,FC1=C(C(=CC=C1)F)C2=NN=C(N=N2)C3=C(Cl)C=CC=C3,-6.12
7532,C1CN(CCN1C\C=C\C2=CC=CC=C2)C(C3=CC=CC=C3)C4=CC=CC=C4,-4.2
7533,CCCC1=C(N=C2C=C(O)C(=O)C3=C2C=CC=C3)C(=NO1)C,-3.7
7534,NC1=CC=C(C=C1)[S](=O)(=O)NC2=C(Cl)C=C(Cl)C(=C2)Cl,-4.83
7535,BrC1=CC=C(N[S](=O)(=O)C2=CC=CC=C2)C(=C1)Br,-5.01
7536,N[S](=O)(=O)C1=CC2=C(C=C1Cl)N=CN[S]2(=O)=O,-2.92
7537,CN(C)CC\C=C/1C2=C(SC3=C1C=C(Cl)C=C3)C=CC=C2,-5.87
7538,N[S](=O)(=O)C1=CC2=C(CC(O)C[S]2(=O)=O)S1,-1.59
7539,CCCCC(=O)OCN1C(=O)NC(C1=O)(C2=CC=CC=C2)C3=CC=CC=C3,-4.68
7540,N[S](=O)(=O)C1=CC2=C(S1)[S](=O)(=O)CC(O)C2,-1.54
7541,N[S](=O)(=O)C1=CC2=C(S1)C(=O)CC[S]2(=O)=O,-3.67
7542,N[S](=O)(=O)C1=CC2=C(S1)C(O)CC[S]2(=O)=O,-1.28
7543,CCCN1C(=O)CCC(N2C(=O)C3=C(C=CC=C3)C2=O)C1=O,-3.72
7544,N[S](=O)(=O)C1=CC2=C(S1)[S](=O)(=O)CCC2=O,-3.02
7545,CC1(O)CC(C2=CC=CC=C2)C3=C(O1)C4=C(OC3=O)C=CC=C4,-4.74
7546,CC(=O)OCC1=C(N2C(SC1)C(NC(=O)CC3=CC=CS3)C2=O)C(O)=O,-2.94
7547,CCC1OC(=O)C(C)C(OC2CC(C)(OC)C(O)C(C)O2)C(C)C(OC3OC(C)CC(C3O)N(C)C)C(C)(O)CC(C)C(=O)C(C)C(O)C1(C)O,-1.27
7548,ClC1=CC(=C(Cl)C(=C1Cl)Cl)C2=CC(=C(Cl)C(=C2Cl)Cl)Cl,-9.16
7549,CCCCCC1=C(N=C2C=C(O)C(=O)C3=C2C=CC=C3)C(=NO1)C,-3.18
7550,CCO/N=C(OC(=O)C1=CC=CC=C1)/C2=C(OC)C(=CC=C2OC)Cl,-4.08
7551,CC1COC2=C(N3CCN(C)CC3)C(=CC4=C2N1C=C(C(O)=O)C4=O)F,-1.27
7552,COC1=CC2=C(C=C1OC)C(=NC(=N2)N3CCN(CC3)C(=O)C4CCCO4)N,-1.8
7553,CCN1C(=C(N=NC2=C(C=C(Cl)C=C2)[N+]([O-])=O)C(=C(C#N)C1=O)C)O,-6.69
7554,COC1=CC2=C(SC3=C(C=CC=C3)N2CC(C)CN(C)C)C=C1,-4.37
7555,ClC1=C(Cl)C(=C(Cl)C(=C1)Cl)C2=C(Cl)C(=CC(=C2Cl)Cl)Cl,-9.38
7556,CCC1OC(=O)C(C)C(OC2CC(C)(OC)C(O)C(C)O2)C(C)C(OC3OC(C)CC(C3O)N(C)C)C(C)(CC(C)C(=O)C(C)C(O)C1(C)O)OC,-2.2
7557,CC1=C(NC(=O)C2=CC(=C(Cl)C=C2O)[S](N)(=O)=O)C(=CC=C1)C,-3.9
7558,CC(=O)NC1=C(N[S](=O)(=O)C2=CC=C(C=C2)[N+]([O-])=O)C=NC=C1,-3.39
7559,CCCCCN1C(=O)CCC(N2C(=O)C3=C(C=CC=C3)C2=O)C1=O,-4.7
7560,CC1=CN(C2CC(N=[N+]=[N-])C(COC(=O)C3=CC=NC=C3)O2)C(=O)NC1=O,-2.72
7561,COC1=CC=C2C(=CC1=O)C(CCC3=C2C(=C(OC)C(=C3)OC)OC)NC(C)=O,-0.94
7562,CC1=NN=C2CN=C(C3=CC=CC=C3)C4=C(C=CC(=C4)Cl)[N]12,-3.6
7563,C1=CC2=C3C(=C1)C=CC=C3C4=CC=CC5=CC=CC2=C45,-8.7
7564,C1=CC2=C3C=CC=C4C=CC5=CC=CC(=C2C=C1)C5=C34,-7.66
7565,COC1=CC2=C(N)N=C(N=C2C(=C1OC)OC)N3CCN(CC3)C(=O)OCC(C)(C)O,-3.64
7566,COC1=C2C(=O)C3=C(C=CC=C3)N(C)C2=C4C=CC(C)(C)OC4=C1,-5.21
7567,ClC1=C(Cl)C(=C(Cl)C(=C1)C2=C(Cl)C(=C(Cl)C(=C2Cl)Cl)Cl)Cl,-9.62
7568,O=[P](OC1=CC=CC=C1)(OC2=CC=CC=C2)OC3=CC=CC=C3,-5.66
7569,CSC1=CC2=C(SC3=C(C=CC=C3)N2CCC4CCCCN4C)C=C1,-5.82
7570,CCOC(=O)C(C)OC1=CC=C(OC2=NC3=C(S2)C=C(Cl)C=C3)C=C1,-5.67
7571,CC1=NN=C2CN=C(C3=CC=CC=C3Cl)C4=C(C=CC(=C4)Cl)[N]12,-4.08
7572,COC1=CC2=C(C=C1OC)C3C(CO2)OC4=C(C=CC5=C4CC(O5)C(C)=C)C3=O,-4.47
7573,CN1C(CCl)NC2=C(C=C(C(=C2)Cl)[S](N)(=O)=O)[S]1(=O)=O,-3.78
7574,CC(OC1=CC=C(OC2=NC3=C(C=C(Cl)C=C3)N=C2)C=C1)C(=O)OC4CCCO4,-5.02
7575,N[S](=O)(=O)C1=C(Cl)C=C2NC(N[S](=O)(=O)C2=C1)C(Cl)Cl,-3.18
7576,CCOC(=O)C1=CC=CC=C1[S](=O)(=O)NC(=O)NC2=NC(=CC(=N2)OC)Cl,-4.58
7577,CN1C(=C(O)C2=C(C=CC=C2)[S]1(=O)=O)C(=O)NC3=CC=CC=N3,-4.5
7578,CC1=CC=C(C=C1)C2=CC(=N[N]2C3=CC=C(C=C3)[S](N)(=O)=O)C(F)(F)F,-4.74
7579,CN(C)C1C2C(O)C3C(=C(O)C2(O)C(=O)C(=C1O)C(N)=O)C(=O)C4=C(C=CC=C4O)C3(C)O,-3.15
7580,OC1=C(CC2=C(O)C3=CC=CC=C3OC2=O)C(=O)OC4=C1C=CC=C4,-4.27
7581,CN1C(=C(O)C2=CC=CC=C2[S]1(=O)=O)C(=O)NC3=NC=C(C)S3,-1.92
7582,CC(C)(C)C1=CC(=CC(=C1SC(C)(C)SC2=C(C=C(O)C=C2C(C)(C)C)C(C)(C)C)C(C)(C)C)O,-8.17
7583,CCOC(=O)NC1=CC2=C(SC3=C(C=CC=C3)N2C(=O)CCN4CCOCC4)C=C1,-3.9
7584,FC1=C(NC(=O)NC(=O)C2=C(F)C=CC=C2F)C=CC(=C1)OC3=CC=C(C=C3Cl)C(F)(F)F,-8.09
7585,COC(=O)C1=CC=C(N=C1[S](=O)(=O)NC(=O)NC2=NC(=CC(=N2)OC)OC)C(F)(F)F,-3.89
7586,CN(CC1=NC2=C(N=C1)N=C(N)N=C2N)C3=CC=C(C=C3)C(=O)NC(CCC(O)=O)C(O)=O,-4.0
7587,C1=CC2=C3C4=C1C=CC5=C4C6=C(C=C5)C=CC7=C6C3=C(C=C2)C=C7,-8.83
7588,COC1=C(C=C(NC(C)=O)C(=C1)N=NC2=C(Br)C=C(C=C2[N+]([O-])=O)[N+]([O-])=O)N(CCC#N)CC=C,-8.9
7589,COC1=CC(=CC(=C1O)OC)C2C3C(COC3=O)C(OC4OC5COC(C)OC5C(O)C4O)C6=C2C=C7OCOC7=C6,-3.47
7590,CCC1NC(=O)C(C(O)C(C)C\C=C\C)N(C)C(=O)C(C(C)C)N(C)C(=O)C(CC(C)C)N(C)C(=O)C(CC(C)C)N(C)C(=O)C(C)NC(=O)C(C)NC(=O)C(CC(C)C)N(C)C(=O)C(NC(=O)C(CC(C)C)N(C)C(=O)CN(C)C1=O)C(C)C,-4.64
7591,N#CCC#N,0.25
7592,C[S](C)(=O)=O,0.2
7593,OC1=CC=C(F)C=C1,-0.21
7594,CC(=C\CO)/C=C/C=C(C)/C=C/C1=C(C)CCCC1(C)C,-3.81
7595,O=C1C=CC(=O)C=C1,-0.89
7596,CCC(Br)(CC)C(=O)NC(N)=O,-2.68
7597,OC1=CC(=CC=C1)Cl,-0.71
7598,CCC(CC)(C(=O)NC(N)=O)C(=O)OC,-1.96
7599,CCOC(=O)C(CC)(CC)C(=O)NC(N)=O,-2.08
7600,OC(=O)C1C2CCC(O2)C1C(O)=O,-0.27
7601,CCOC1=CC=C(O)C=C1,-1.29
7602,CC1=NC=C([NH]1)[N+]([O-])=O,-1.63
7603,CCC(CC)(C(=O)NC(N)=O)C(=O)OC(C)C,-2.77
7604,CCC(CC)(C(=O)NC(N)=O)C(=O)OCOC,-2.17
7605,NC(=S)C1=CC=CC=C1,-1.92
7606,ClCCN(N=O)C(=O)NC1CCCCC1,-3.37
7607,COC(=O)C(CC=C)(CC=C)C(=O)NC(N)=O,-2.17
7608,CC1=C(Cl)C(=CC(=C1)O)C,-2.67
7609,OCNC(=O)C1=CC=CC=C1,-0.52
7610,C[N]1C(=NC=C1[N+]([O-])=O)C,-1.16
7611,CCC1=CC=C(C=C1)C(O)=O,-2.52
7612,CC(C)C1=NC(=C[NH]1)[N+]([O-])=O,-1.15
7613,COC1=CC=C(C=C1)C(N)=O,-1.72
7614,COC1=CC=CC(=C1)C(N)=O,-1.72
7615,CC(C)(C)C(=O)OCN1C=C(F)C(=O)N(COC(=O)C(C)(C)C)C1=O,-3.9
7616,CN(C)CNC(=O)C1=CC=CC=C1,0.42
7617,OC1=CC=C(I)C=C1,-1.71
7618,CCCCC1=CC=C(C=C1)C(O)=O,-3.08
7619,CC(=O)OCN1C=C(F)C(=O)N(COC(C)=O)C1=O,-1.81
7620,CCOC(=O)C(C)(C(=O)NC(=O)NC)C1=CCCCC1,-3.0
7621,CC(C)C1=NC=C([N]1C)[N+]([O-])=O,-1.26
7622,CNC(=O)OC1=CC(=C(C)C=C1)C,-2.49
7623,CC(O)C[N]1C(=NC=C1[N+]([O-])=O)C,-0.74
7624,CC1=CC2=C(C=CC=C2)C=N1,-2.19
7625,CCC(C)C1=C(OC(=O)NC)C=CC=C1,-2.53
7626,CCC(CC)(C(=O)NC(N)=O)C(=O)OCC(=O)OC,-2.01
7627,OC(=O)CONC(=O)C1=CC=CC=C1,-0.95
7628,COC1=C(O)C=CC(=C1)\C=C\C(O)=O,-3.05
7629,S=C1NC=NC2=C1N=C[NH]2,-2.95
7630,CNC(=O)N1C=C(F)C(=O)NC1=O,-2.28
7631,CCC(=O)N1C(=O)NC=C(F)C1=O,-0.7
7632,COC(=O)N1C=C(F)C(=O)NC1=O,-0.91
7633,CC(=O)OCN1C=C(F)C(=O)NC1=O,-0.67
7634,COC(=O)C1=CC=CC=C1OC(C)=O,-1.84
7635,O=C1NC(=O)C2=C([NH]C=N2)N1,-3.87
7636,CC(=O)OCN1C(=O)NC=C(F)C1=O,-1.2
7637,CCNC1=NC(=NC(=N1)Cl)NC(C)(C)C,-4.43
7638,CCNC1=NC(=NC(=N1)NCC)SC,-2.73
7639,CCC(C)([S](=O)(=O)CC)[S](=O)(=O)CC,-1.91
7640,CCNC(=O)N1C=C(F)C(=O)NC1=O,-2.13
7641,NC1=[N+]([O-])C(=NC(=C1)N2CCCCC2)N,-1.94
7642,CCOC(=O)OCN1C(=O)NC=C(F)C1=O,-1.46
7643,CC(C)NCC(O)COC1=C(OCC=C)C=CC=C1,-0.32
7644,COC1=NC(=NC(=N1)NC(C)C)NC(C)C,-2.56
7645,CCOC(=O)N1C=C(F)C(=O)NC1=O,-1.47
7646,CN(C)C(=O)N1C=C(F)C(=O)NC1=O,-1.53
7647,CCC(=O)OCN1C=C(F)C(=O)NC1=O,-0.81
7648,CCOC(=O)N1C(=O)NC=C(F)C1=O,-0.45
7649,CCC(C)(C)C(=O)OC1CC(C)C=C2C=CC(C)C(CCC3CC(O)CC(=O)O3)C12,-5.48
7650,CC(C)(C)C(=O)OCN1C=C(F)C(=O)NC1=O,-2.03
7651,CCCC(=O)OCN1C=C(F)C(=O)NC1=O,-1.31
7652,O=C(COC(=O)C1=CC=CC=C1)N2CCCC2,-1.57
7653,CC(C)(C)NCC(O)COC1=C(C=CC=C1)C2CCCC2,-1.84
7654,CN(C)C(=O)COC(=O)C1=C(O)C=CC=C1,-1.71
7655,CCC(C)C(=O)OC1CCC=C2C=CC(C)C(CCC3CC(O)CC(=O)O3)C12,-5.42
7656,CCCCOC(=O)N1C=C(F)C(=O)NC1=O,-1.59
7657,COCCN(C(=O)CCl)C1=C(C)C=CC=C1C,-2.09
7658,CC(C)COC(=O)N1C=C(F)C(=O)NC1=O,-1.89
7659,CCN(CCO)C(=O)COC(=O)C1=CC=CC=C1,-1.37
7660,FC1=CN(C(=O)NC1=O)C(=O)OCCCl,-1.91
7661,CN1CCC23CCCCC2C1CC4=C3C=C(O)C=C4,-2.72
7662,COC(=O)NC1=NC2=CC=CC=C2[NH]1,-4.52
7663,CCC(C)C(=O)OC1CC(O)C=C2C=CC(C)C(CCC3CC(O)CC(=O)O3)C12,-3.35
7664,OC(=O)CCCC1=CC=C(C=C1)N(CCCl)CCCl,-3.4
7665,CC(C)N(C(C)C)C(=O)COC(=O)C1=CC=CC=C1,-3.34
7666,OCCN(CCO)C(=O)COC(=O)C1=CC=CC=C1,0.43
7667,CCCCCCOC(=O)N1C=C(F)C(=O)NC1=O,-2.24
7668,CCN(CC)C(=O)COC(=O)C1=C(O)C=CC=C1,-2.56
7669,COC1=CC2=C(CC3C4CCCCC24CCN3C)C=C1,-3.48
7670,CNC1=CC=C(C=C1)[S](=O)(=O)N(C)C,-3.08
7671,OCC(CO)(CO)NC(=O)COC(=O)C1=CC=CC=C1,-1.27
7672,CN(CC(N)=O)C(=O)COC(=O)C1=CC=CC=C1,-0.92
7673,CCCCCCCCNC(=O)N1C=C(F)C(=O)NC1=O,-4.18
7674,CC1CCCC(C)N1C(=O)COC(=O)C2=CC=CC=C2,-3.26
7675,COCCN(CCOC)C(=O)COC(=O)C1=CC=CC=C1,-1.57
7676,CC(=O)OC1=CC=CC=C1C(=O)OCC(N)=O,-1.79
7677,CON(C1CCCCC1)C(=O)C2=C(C)OC(=C2)C,-2.92
7678,OC(=O)C1=C(C=CC=C1)C2=CC=CC=C2,-2.73
7679,CCOC(=O)CN(C)C(=O)COC(=O)C1=CC=CC=C1,-1.67
7680,CC(=O)OC[N]1N=CC2=C1N=CNC2=O,-2.56
7681,OC(=O)C1CCN1C(=O)COC(=O)C2=CC=CC=C2,-2.14
7682,FC(F)(F)C1=CC=CC(=C1)N2CC(CCl)C(Cl)C2=O,-4.05
7683,CCNC(=O)COC(=O)C1=CC=CC=C1OC(C)=O,-1.68
7684,CCOC(=O)COC(=O)C1=CC=CC=C1OC(C)=O,-2.58
7685,CN(C)C(=O)COC(=O)C1=CC=CC=C1OC(C)=O,-1.55
7686,CN(C)[S](=O)(=O)C1=CC=C(C=C1)N(C)C=O,-2.37
7687,CC(=O)OCCOC[N]1C=NC2=C1N=C(N)N=C2,-0.97
7688,NC(=O)C1CCCN1C(=O)COC(=O)C2=CC=CC=C2,-2.27
7689,CN1CCC23C4OC5=C(O)C=CC(=C25)CC1C3C=CC4O,-3.15
7690,OC(=O)C1CCCN1C(=O)COC(=O)C2=CC=CC=C2,-1.59
7691,CCCC(=O)OC[N]1C=C2C(=O)NC=NC2=N1,-2.2
7692,CCCC(=O)OC[N]1N=CC2=C1N=CNC2=O,-2.83
7693,CC(=O)NC1=NC2=C(C=N1)N=C[N]2COCCO,-0.86
7694,CN(C)[S](=O)(=O)C1=CC=C(C=C1)N(C)C(C)=O,-2.3
7695,COCC(=O)N(C(C)C(=O)OC)C1=C(C)C=CC=C1C,-1.6
7696,CCN(CC)C(=O)COC(=O)C1=CC=CC=C1OC(C)=O,-2.11
7697,CC(C)(C)C(=O)OC[N]1C=C2C(=O)NC=NC2=N1,-2.17
7698,CC1(C)C(C=C(Cl)Cl)C1C(=O)OCC2=C(F)C(=CC(=C2F)F)F,-6.81
7699,CC(C)(C)C(=O)OC[N]1N=CC2=C1N=CNC2=O,-2.68
7700,ClC1=C(Cl)C(=CC(=C1)OC2=CC=CC=C2)Cl,-6.77
7701,CC(=O)OCCOC[N]1C=NC2=C1N=C(N)NC2=O,-2.7
7702,CCC(=O)N(C)C1=CC=C(C=C1)[S](=O)(=O)N(C)C,-2.48
7703,ClC1=CC(=C(OC2=CC=CC=C2)C=C1Cl)Cl,-6.58
7704,CC(=O)OC1=CC=CC=C1C(=O)OCC(=O)N2CCOCC2,-1.8
7705,NC1=C(C=CC2=C1C=CC=C2)[S](O)(=O)=O,-2.96
7706,CCCCCCC(C)OC(=O)COC1=NC(=C(Cl)C(=C1Cl)N)F,-6.43
7707,FC1=CNC(=O)N(C1=O)C(=O)C2=CC=CC=C2,-2.26
7708,CCCN(CCC)C(=O)COC(=O)C1=CC=CC=C1OC(C)=O,-2.65
7709,CC1=CC(=NC(=N1)NN=C(C)C2=CC=CC=C2C)C,-3.2
7710,CC(=O)OC1=CC=CC=C1C(=O)OCC(=O)NCC(N)=O,-2.52
7711,CCCC(=O)N(C)C1=CC=C(C=C1)[S](=O)(=O)N(C)C,-2.16
7712,CCN(CC)CCCC(C)NC1=CC=NC2=C1C=CC(=C2)Cl,-2.83
7713,CCN(CC)C(=O)C(C)OC(=O)C1=CC=CC=C1OC(C)=O,-1.6
7714,CC(C)N(C(C)C)C(=O)COC(=O)C1=CC=CC=C1OC(C)=O,-3.25
7715,CC(=O)NC1=NC2=C(N=C[N]2COCCO)C(=O)N1,-1.92
7716,CC1=C(NC2=CC=CC=C2C(O)=O)C=CC=C1Cl,-5.06
7717,CCN1C=C(C(=O)OC)C(=O)C2=C1N=C(C)C=C2,-2.7
7718,FC1=CN(C(=O)NC1=O)C(=O)OCC2=CC=CC=C2,-2.82
7719,CC1C(SC(=O)N1C(=O)NC2CCCCC2)C3=CC=C(Cl)C=C3,-5.85
7720,FC1=CN(C(=O)NC1=O)C(=O)OC2=CC=CC=C2,-2.44
7721,CCCCC(=O)N(C)C1=CC=C(C=C1)[S](=O)(=O)N(C)C,-2.85
7722,CCN(CC)CC(=O)OC[N]1N=CC2=C1N=CNC2=O,-1.79
7723,FC1=CNC(=O)N(C(=O)OC2=CC=CC=C2)C1=O,-3.22
7724,NC1=NC2=C(N=C[N]2C3OC(CO)C(O)C3O)C(=O)N1,-2.74
7725,CCCCCC(=O)N(C)C1=CC=C(C=C1)[S](=O)(=O)N(C)C,-2.95
7726,CC(=O)NC1=NC2=C(C=N1)N=C[N]2COCCOC(C)=O,-0.73
7727,CC(C)(C)C(O)C(CC1=CC=C(Cl)C=C1)[N]2C=NC=N2,-4.05
7728,CCN(CC)C(=O)NC1=CC(=C(OCC(O)CNC(C)(C)C)C=C1)C(C)=O,-1.9
7729,CCOC(=O)CNC(=O)COC(=O)C1=CC=CC=C1OC(C)=O,-1.87
7730,ClC1=CC(=C(OC2=CC=C(Cl)C=C2Cl)C=C1)Cl,-6.82
7731,CO[P](=S)(OC)OC1=C(Cl)C=C(C=C1)[N+]([O-])=O,-4.68
7732,FC1=CNC(=O)N(COC(=O)OC2=CC=CC=C2)C1=O,-2.45
7733,CCCCCCC(=O)N(C)C1=CC=C(C=C1)[S](=O)(=O)N(C)C,-3.68
7734,CCCCCCC(=O)N(C)[S](=O)(=O)C1=CC=C(C=C1)N(C)C,-3.68
7735,CCCCCCCC(=O)N(C)C1=CC=C(C=C1)[S](=O)(=O)N(C)C,-3.59
7736,CC(=O)OC[N]1C=C2C(=O)N(COC(C)=O)C=NC2=N1,-1.99
7737,CCOC(=O)CN(C)C(=O)COC(=O)C1=CC=CC=C1OC(C)=O,-2.55
7738,COC1=CC=C2C=C(C=CC2=C1)C(C)C(=O)OCC(N)=O,-3.93
7739,CO[P](=O)(OC)SCN1C(=O)OC2=CC(=CN=C12)Cl,-2.47
7740,OC1=C2OC3C(=O)CCC4(O)C5CC(=C2C34CCN5CC=C)C=C1,-3.39
7741,CC(=O)OC1=CC=CC=C1C(=O)OCN2C(=O)CCC2=O,-2.77
7742,CCOC(=O)NC1=CC(=CC=C1)OC(=O)NC2=CC=CC=C2,-4.52
7743,CC(C(O)=O)C1=CC=C(C=C1)N2CC3=C(C=CC=C3)C2=O,-4.72
7744,CC(=O)NC1=NC2=C(N=C[N]2COCCOC(C)=O)C(=O)N1,-2.14
7745,[O-][N+]1=NC(=NC2=C1C=C(Cl)C=C2)[N]3C=CN=C3,-3.63
7746,CC1=C(C)N=C(N[S](=O)(=O)C2=CC=C(N)C=C2)O1,-2.22
7747,ClC1=CC=C(OC2=C(Cl)C(=C(Cl)C=C2)Cl)C=C1Cl,-7.67
7748,OC(=O)C(=C)CC(=O)C1=CC=C(C=C1)C2=CC=CC=C2Cl,-3.2
7749,CCN(CC)C(=O)CCC(=O)OC[N]1N=CC2=C1N=CNC2=O,-0.99
7750,COC1=CC=C2C=C(C=CC2=C1)C(C)C(=O)OCC(=O)N(C)C,-4.9
7751,CO[P](=O)(OC)OC(=C\Cl)/C1=C(Cl)C=C(Cl)C(=C1)Cl,-4.52
7752,CO/N=C(C(=O)OC)/C1=C(COC2=C(C)C=CC=C2)C=CC=C1,-5.19
7753,OC1=CC(=C2C(=O)CC(OC2=C1)C3=CC=C(O)C(=C3)O)O,-3.62
7754,CCN1C=C(C(=O)OCOC(C)=O)C(=O)C2=C1N=C(C)C=C2,-2.49
7755,O=C1NC=NC2=C1C=N[N]2COC(=O)C3=CC=CC=C3,-4.05
7756,CCCC(=O)OC[N]1C=C2C(=O)N(COC(=O)CCC)C=NC2=N1,-3.55
7757,CCN1C=C(C(=O)OCOC(=O)CC)C(=O)C2=C1N=C(C)C=C2,-2.83
7758,CCO[P](=S)(OCC)OC1=CC=C(C=C1)[S](C)(=O)=O,-3.58
7759,CCN(CC)C(=O)COC(=O)C(C)C1=CC2=CC=C(OC)C=C2C=C1,-4.46
7760,COC1=CC=C2C=C(C=CC2=C1)C(C)C(=O)OCC(=O)N(C)CCO,-3.39
7761,CC(C)(C)C(=O)OC[N]1C=C2C(=O)N(COC(=O)C(C)(C)C)C=NC2=N1,-3.91
7762,ClC1=CC(=C(OC2=CC(=C(Cl)C(=C2)Cl)Cl)C=C1Cl)Cl,-8.72
7763,CC(C)OC1=C(Cl)C=C(Cl)C(=C1)N2N=C(OC2=O)C(C)(C)C,-5.54
7764,ClC1=CC=C(OC2=C(Cl)C(=C(Cl)C(=C2)Cl)Cl)C=C1Cl,-8.78
7765,ClC1=CC(=C(OC2=CC(=C(Cl)C=C2Cl)Cl)C=C1Cl)Cl,-8.36
7766,CC(C)(C)C(=O)OCN1C=NC2=C(C=N[N]2COC(=O)C(C)(C)C)C1=O,-4.26
7767,ClC1=C(Cl)C(=C(OC2=CC(=C(Cl)C=C2Cl)Cl)C=C1)Cl,-8.31
7768,COC(=O)[N]1C2=C(C=CC=C2)N=C1C3=CSC=N3,-3.11
7769,ClC1=C(Cl)C(=C(OC2=CC=C(Cl)C(=C2Cl)Cl)C=C1)Cl,-8.14
7770,CCCC(=O)OCOC(=O)C1=CN(CC)C2=C(C=CC(=N2)C)C1=O,-2.95
7771,ClC1=CC=C(OC2=C(Cl)C(=C(Cl)C(=C2)Cl)Cl)C(=C1)Cl,-8.44
7772,ClC1=CC(=C(OC2=C(Cl)C=C(Cl)C(=C2)Cl)C(=C1)Cl)Cl,-8.04
7773,CCN1C=C(C(=O)OCOC(=O)C(C)C)C(=O)C2=C1N=C(C)C=C2,-3.02
7774,ClC1=CC(=C(OC2=C(Cl)C(=C(Cl)C=C2)Cl)C(=C1)Cl)Cl,-8.1
7775,ClC1=CC=C(OC2=C(Cl)C(=C(Cl)C(=C2Cl)Cl)Cl)C=C1,-8.94
7776,CC(OC1=CC=C(OC2=NC=C(Cl)C=C2F)C=C1)C(=O)OCC#C,-5.15
7777,CN1C(=O)C(O)N=C(C2=CC=CC=C2)C3=C1C=CC(=C3)Cl,-2.7
7778,CN1CCN(CC1)C2=NC3=C(NC4=C2C=CC=C4)C=CC(=C3)Cl,-4.64
7779,CCOC(=O)[N]1C2=C(C=CC=C2)N=C1C3=CSC=N3,-2.92
7780,COC1=CC=C2C=C(C=CC2=C1)C(C)C(=O)OCC(=O)N(CCO)CCO,-2.96
7781,ClC1=CC2=C(C=C1)N(CC3CC3)C(=O)CN=C2C4=CC=CC=C4,-4.91
7782,CCN(CC)C(=O)COC(=O)C1=CN(CC)C2=C(C=CC(=N2)C)C1=O,-1.43
7783,COC1=CC=C2C=C(C=CC2=C1)C(C)C(=O)OCC(=O)N(C)CC(N)=O,-3.78
7784,CCCOC(=O)[N]1C2=C(C=CC=C2)N=C1C3=CSC=N3,-3.52
7785,OC1=C(C2CCCC3=CC=CC=C23)C(=O)OC4=CC=CC=C14,-4.86
7786,CCCCNC(=O)OC1=C(O)C(=CC(=C1)\C=C(C#N)/C(=O)N(CC)CC)[N+]([O-])=O,-2.32
7787,ClC1=C(Cl)C=C(OC2=C(Cl)C(=C(Cl)C(=C2)Cl)Cl)C(=C1)Cl,-9.5
7788,ClC1=CC=C(OC2=C(Cl)C(=C(Cl)C(=C2Cl)Cl)Cl)C=C1Cl,-9.46
7789,CCN(CC)C(=O)\C(=C/C1=CC(=C(O)C(=C1)[N+]([O-])=O)OC(=O)NC(C)(C)C)C#N,-3.53
7790,ClC1=C(Cl)C=C(OC2=C(Cl)C(=CC(=C2Cl)Cl)Cl)C(=C1)Cl,-9.05
7791,ClC1=CC=C(OC2=C(Cl)C(=CC(=C2Cl)Cl)Cl)C(=C1Cl)Cl,-9.09
7792,ClC1=CC=C(Cl)C(=C1Cl)OC2=C(Cl)C(=C(Cl)C(=C2)Cl)Cl,-8.89
7793,CC(C)COC(=O)[N]1C2=C(C=CC=C2)N=C1C3=CSC=N3,-4.17
7794,CO[P](=O)(OC1=C(Cl)C=C(Br)C(=C1)Cl)C2=CC=CC=C2,-4.99
7795,ClC1=C(Cl)C=C(OC2=C(Cl)C(=C(Cl)C(=C2Cl)Cl)Cl)C(=C1)Cl,-10.1
7796,ClC1=C(Cl)C(=C(OC2=C(Cl)C(=C(Cl)C(=C2Cl)Cl)Cl)C=C1)Cl,-10.6
7797,ClC1=C(Cl)C(=C(Cl)C(=C1)Cl)OC2=C(Cl)C(=C(Cl)C(=C2)Cl)Cl,-10.1
7798,CO\N=C(C)/C1=CC=CC(=C1C(=O)OC)OC2=NC(=CC(=N2)OC)OC,-3.31
7799,COC1=CC2=C([NH]C(=N2)[S](=O)CC3=C(C)C(=C(C)C=N3)OC)C=C1,-4.28
7800,CCOC(=O)C(C)OC1=CC=C(OC2=NC3=C(C=C(Cl)C=C3)N=C2)C=C1,-5.97
7801,[NH]1C2=C(C=CC3=C2C=CC=C3)C4=C1C5=C(C=CC=C5)C=C4,-7.41
7802,NC1=NC2=C(N=C[N]2COCCOC(=O)C3=CC=C(CN4CCOCC4)C=C3)C(=O)N1,-2.75
7803,FC(F)C(F)(F)OC1=C(Cl)C=C(NC(=O)NC(=O)C2=C(F)C=CC=C2F)C=C1Cl,-5.82
7804,OC1=C(Br)C=C(\C=N\OC2=C(C=C(C=C2)[N+]([O-])=O)[N+]([O-])=O)C=C1Br,-5.19
7805,CC1COC(C[N]2C=NC=N2)(O1)C3=C(Cl)C=C(OC4=CC=C(Cl)C=C4)C=C3,-4.91
7806,O=C1C2=C(SC(=C(S2)C#N)C#N)C(=O)C3=C1C=CC=C3,-6.33
7807,CC(C)N=C1C=C2N(C3=CC=C(Cl)C=C3)C4=C(C=CC=C4)N=C2C=C1NC5=CC=C(Cl)C=C5,-6.24
7808,CC(=O)OC1C(=O)C2(C)C(O)CC3OCC3(OC(C)=O)C2C(OC(=O)C4=CC=CC=C4)C5(O)CC(OC(=O)C(O)C(NC(=O)C6=CC=CC=C6)C7=CC=CC=C7)C(=C1C5(C)C)C,-6.33
7809,C1CCCNCC1,-0.49
7810,CC(C)(C)C(C)(C)C,-4.87
7811,CC1CNC(C)CN1,0.49
7812,CCC(C)(N)C(O)=O,0.38
7813,CCCC(=O)CCC,-1.48
7814,OC1CC(O)C(O)C(O)C1O,-0.17
7815,CCC(CO)NCCNC(CC)CO,0.57
7816,N[C]12C[CH]3[CH2]C([CH2][CH](C3)C1)C2,-1.85
7817,I\C=C\I,-3.22
7818,CC(\C=N\O)=N/O,-0.35
7819,CCCC(N)C(O)=O,-0.11
7820,C\C(Br)=C\C(O)=O,-0.6
7821,CCC(Br)(CC)C(N)=O,-1.44
7822,CC(=N\O)\C(C)=N\O,-2.16
7823,CC(CC(O)=O)C(O)=O,0.48
7824,C\C(I)=C\C(O)=O,-1.16
7825,CCCCCCCCCCCCCCC(O)=O,-4.31
7826,NCC(=O)NCC(O)=O,0.1
7827,CC(CCC(O)=O)CC(O)=O,0.09
7828,CN(C)C(=O)NC1CCCCCCC1,-2.26
7829,OC1CC(=CC(O)C1O)C(O)=O,0.01
7830,CC12C3CCC(O3)C1(C)C(=O)OC2=O,-3.82
7831,CCCCCCCCCCCCCCCCC(O)=O,-4.69
7832,OC(=O)\C=C\C=C\C(O)=O,-2.85
7833,OC(C(O)=O)C(Cl)(Cl)Cl,0.36
7834,CCCCCCCCCCCCCCCCCC(O)=O,-4.98
7835,O=C1CCC(=O)N1,0.39
7836,CC(=O)OC1CC2CCC1(C)C2(C)C,-3.93
7837,NC1CONC1=O,-0.01
7838,OC(=O)/C(S)=C/C1CCCCC1,-2.67
7839,OC(=O)C1CCC(=CC1)C(O)=O,-2.93
7840,OC(=O)CCCCCCCCCCCC(O)=O,-3.79
7841,CC1=CC=CC=C1CO,-1.09
7842,NC1=NC(=CC=C1)N,-0.08
7843,NC1=CC=CN=C1N,-1.75
7844,CCCCCCCCCCCCCCCCCC(=O)OC=C,-6.15
7845,CC1=CNC(=O)N=C1N,-1.44
7846,CCC(CC=C)(C(=O)NC(N)=O)C(=O)OC,-1.92
7847,OCC(O)C(O)C(O)C(=O)CO,0.32
7848,NC1=CNC(=O)NC1=O,-2.41
7849,N#CC1=C(C=CC=C1)C#N,-2.38
7850,CN(C)C(CSC(N)=O)CSC(N)=O,-0.07
7851,O=CC(=O)C1=CC=CC=C1,-0.74
7852,OC(=O)C1=CC=C(Cl)O1,-1.69
7853,O=CC1=CC=CC=C1C=O,-1.34
7854,CCCCNC(=O)OCC(C)(CCC)COC(N)=O,-2.74
7855,OC(=O)CCCC1=CC=CC=C1,-1.78
7856,O=C1NC(=O)C2(CCCCCC2)C(=O)N1,-2.98
7857,NCCC1=CC(=C(O)C=C1)O,0.12
7858,CCC(=O)NC1=CC=CC=C1,-1.55
7859,CCCC1(CC)C(=O)NC(=S)NC1=O,-2.8
7860,CC12CCC3C(CCC4CC(=O)CCC34C)C1CC=C2,-6.07
7861,CCCCC1(CC=C)C(=O)NC(=O)NC1=O,-2.17
7862,CC1=C(C)C=C(C=C1)C(O)=O,-3.16
7863,CC1=CC(=C(C=C1)C(O)=O)C,-2.97
7864,CC1=CC(=C(C)C=C1)C(O)=O,-2.92
7865,CNC(=O)C1=CC=C(N)C=C1,-1.24
7866,OC1=CC=C(C=C1)N=C=S,-2.67
7867,CCCCC1(CC)C(=O)NC(=S)NC1=O,-3.14
7868,OC1=CC=CC(=C1)N=C=S,-1.99
7869,CC12CCC3C(CCC4=CC(=O)CCC34)C1CCC2O,-3.02
7870,CC1C(=O)NC(=O)NC1=O,-1.13
7871,CC1NC(=O)C(C)NC1=O,-0.75
7872,CC(C)C1=CC2=CCC3C(C)(CCCC3(C)C(O)=O)C2CC1,-3.8
7873,OC(=O)C(=O)C1=CC=CC=C1,-0.37
7874,CC12CCC(O)CC1CCC3C4CCC(=O)C4(C)CC(O)C23,-3.59
7875,OC(=O)C1=CC(=CC=C1)C#N,-2.63
7876,CNC(=O)NC(=O)C(C)(C(=O)OC)C1=CCCCC1,-2.68
7877,CCCCCC1(CC)C(=O)NC(=S)NC1=O,-3.71
7878,OCNC(=S)C1=CC=CC=C1,-1.14
7879,OC(=O)CCCNC(=O)N[C]12C[CH]3[CH2]C([CH2][CH](C3)C1)C2,-1.6
7880,CC1=CC=CC(=C1O)C(O)=O,-2.04
7881,CC1=CC=CC(=C1C(O)=O)O,-2.04
7882,CNC(=O)C(C)SCCS[P](=O)(OC)OC,0.54
7883,OC(=O)C1=C(Br)C=CO1,-1.17
7884,CN(C)C1=C(C)N=C(Cl)N=C1,-1.26
7885,CCCCCCC1(CC)C(=O)NC(=S)NC1=O,-4.08
7886,O=C1NC(=O)C2(CCCCCCCCC2)C(=O)N1,-4.59
7887,CC12CCC3C(CC=C4CC(CCC34C)OC=O)C1CCC2=O,-4.41
7888,OC(=O)C1=CC=C(O)C=C1O,-1.41
7889,CC(C)CC1NC(=O)CNC1=O,-1.25
7890,O[S](=O)(=O)C1=NC=C[NH]1,-0.3
7891,OC(=O)/C=C/C=C/C1=CC=CC=C1,-3.64
7892,CC12CCC(=O)CC1CCC3C4CCC(OC=O)C4(C)CCC23,-5.32
7893,CCOC1=CC=C(C=C1)N=C=S,-4.26
7894,CNC(=O)NC(=O)C(C)(C(=O)OCOC)C1=CCCCC1,-2.42
7895,COC1=CC=C(C=C1)C(=O)NCO,-1.22
7896,OC(=O)/C=C(Cl)/C1=CC=CC=C1,-2.77
7897,COC1=CC=CC(=C1)C(=O)NCO,-1.29
7898,CCCCCCC1=CC=C(C=C1)C(O)=O,-3.65
7899,CC1=NC2=C([NH]1)C=NC=N2,-0.41
7900,BrC1=CC=C(C=C1)N=C=S,-4.27
7901,CN1C(=O)C23CC4=CC=CC(O)C4N2C(=O)C1(CO)SS3,-3.67
7902,CC12CCC3C(CCC4=CC(=O)CCC34C)C1CCC2OC=O,-4.93
7903,CC(=O)C1=CC=C(C=C1)N=C=S,-4.02
7904,NC1=NC2=C([NH]1)N=CN=C2,-2.43
7905,OC(=O)/C(S)=C/C1=CC=CC=C1,-2.96
7906,OC(=O)C(S)CC1=CC=CC=C1,-1.56
7907,OC(=O)CCCOC1=CC=C(Cl)C=C1,-3.29
7908,OC(=O)C1=CC=CN=C1C(O)=O,-1.48
7909,O=C(NCN1CCCCC1)C2=CC=CC=C2,-2.15
7910,CC(=O)OC1=CC=C(C=C1)C(C)=O,-1.52
7911,CC(=O)OC1=CC=C(C=C1)C(N)=O,-1.64
7912,CC(=O)N1C=C(F)C(=O)NC1=O,-0.6
7913,[O-][N+](=O)C1=CC=CC(=C1)N=C=S,-3.55
7914,NCCC1=C[NH]C2=C1C=CC=C2,-3.3
7915,CC(CCC(O)=O)C1CCC2C3CCC4CC(O)CCC4(C)C3CCC12C,-7.34
7916,CC(=O)N1C(=O)NC=C(F)C1=O,-0.6
7917,CC(CCC(O)=O)C1CCC2C3C(O)CC4CCCCC4(C)C3CCC12C,-6.46
7918,S=C=NC1=CC=CC(=C1)N=C=S,-4.7
7919,CC(=O)OC1CCC2(C)C3CCC4(C)C(CCC4=O)C3CC=C2C1,-4.53
7920,OC1=CC=CC(=C1)NN=C(C#N)C#N,-2.95
7921,COC1=NC2=C([NH]C=N2)C=N1,-1.48
7922,CCC1=CC(=CC(=C1)OC(=O)NC)CC,-3.32
7923,CCOC(=O)C1=CC(=C(O)C=C1)OC,-1.72
7924,CC(=O)NC1=CC=CC(=C1)N=C=S,-3.53
7925,COC1=NC=NC2=C1[NH]C=N2,-1.53
7926,OCC1=NC2=C([NH]1)C=NC=N2,-1.52
7927,COC(=O)C1=CC=C(NC(C)=O)C=C1,-1.9
7928,CC1=NC2=C(C=NC=N2)N=C1,-0.01
7929,CC(C)NC1=NC(=NC(=O)N1)NC(C)C,-2.81
7930,ClC1=CC=C(NN=C(C#N)C#N)C=C1,-4.36
7931,CC(=O)OC1CCC2C3CCC4CC(=O)CCC4(C)C3CCC12C,-5.35
7932,OC(=O)CC(C(CC(O)=O)C(O)=O)C(O)=O,-0.18
7933,OC(=O)C1=CC=C(O)C(=C1)C(O)=O,-1.78
7934,COC(=O)C1=CC=C(OC(C)=O)C=C1,-2.5
7935,CCC(=O)OC1CCC2(C)C3CCC4(C)C(CCC4=O)C3CC=C2C1,-4.69
7936,NC1=NC2=C(C=NC=N2)N=C1,-2.31
7937,NC1=NC2=C(N=CN=C2)N=C1,-2.34
7938,CCCC(=O)NNC(=O)C1=CC=NC=C1,-0.32
7939,CC(=O)OC1=CC=C(NC(N)=O)C=C1,-2.49
7940,OC(=O)C1=C(O)C(=CC=C1)C(O)=O,-2.11
7941,NC1=NC2=C(N=C[NH]2)C(=N1)N,-1.8
7942,CCNC1=NC(=NC(=O)N1)N(CC)CC,-3.64
7943,IC1=CC=CC(=C1)N=C=S,-4.68
7944,NC1=NC=NC2=C1N=CC=N2,-2.31
7945,CC1CCC2(OC1)OC3CC4C5CC=C6CC(O)CCC6(C)C5CCC4(C)C3C2C,-7.32
7946,O=C1NC2=C(C=NC=N2)N=C1,-2.12
7947,O=C1NC2=C(N=CN=C2)N=C1,-2.71
7948,O=C1NC2=C(C=N1)N=CC=N2,-2.0
7949,OC(=O)C1=CC=CC(=C1C(O)=O)O,-2.11
7950,CCOC(=O)C1=CC=C(C=C1)N=C=S,-4.05
7951,CCCNC1=NC(=NC(=N1)Cl)NC(C)C,-3.74
7952,NC1=NC(=O)NC2=C1N=C[NH]2,-3.38
7953,O=C1NC2=C(N1)C=NC(=O)N2,-3.6
7954,O=C1NC2=C(N1)C(=O)NC=N2,-2.96
7955,CC(=O)OC(C(O)=O)C1=CC=CC=C1,-1.23
7956,OC(=O)COC1=C(Cl)C=CC(=C1)Cl,-2.62
7957,OC(=O)COC1=C(Cl)C=CC=C1Cl,-2.15
7958,CN(C)C1=NC=NC2=C1N=C[NH]2,-1.3
7959,CCCCC(=O)NNC(=O)C1=CC=NC=C1,-1.01
7960,CCCC(=O)N1C(=O)NC=C(F)C1=O,-1.28
7961,CCC(=O)OC1=CC=C(NC(C)=O)C=C1,-2.72
7962,CC1=CC=C(C=C1)[S](=O)(=O)NN,-1.48
7963,CCC(=O)NC1=NC(=C(Cl)S1)C,-3.06
7964,CC(CCC(O)=O)C1CCC2C3C(O)C(O)C4CC(O)CCC4(C)C3CCC12C,-4.35
7965,ClC1=NC2=C(C=N1)N=CC=N2,-0.71
7966,CCCC(=O)OC1CCC2C3CCC4=CC(=O)CCC4C3CCC12C,-5.91
7967,CCCCC(=O)OC1CCC2(C)C3CCC4(C)C(CCC4=O)C3CC=C2C1,-4.76
7968,CNC(=S)N(C)C1=C(C)C=C(Cl)C=C1,-3.66
7969,O[S](=O)(=O)C1=CC=C(C=C1)[N+]#N,-2.42
7970,CC1=C(CCCO1)C(=O)NC2=CC=CC=C2,-2.56
7971,COC(=O)OC1=CC=C(NC(C)=O)C=C1,-1.69
7972,CC1=C(C=C(N)C=C1)[S](O)(=O)=O,-1.62
7973,CCCOC(=O)C1=CC=C(NC(C)=O)C=C1,-3.29
7974,CCC(=O)OCN1C(=O)NC=C(F)C1=O,-0.77
7975,COC1=NC2=C(N=CN=C2)N=C1,-1.14
7976,COC1=NC2=C(C=NC=N2)N=C1,-0.91
7977,CCCCCC(=O)NNC(=O)C1=CC=NC=C1,-1.24
7978,COC(=O)C(N)CC1=CC(=C(O)C=C1)O,0.48
7979,CC1=NC2=C(N=CN=C2)N=C1C,-0.46
7980,S=C1NC2=C(C=NC=N2)N=C1,-2.71
7981,S=C1NC2=C(C=N1)N=CC=N2,-2.68
7982,C[N+](C)(C)C(CC1=CN=C(S)[NH]1)C([O-])=O,-0.46
7983,CCCNC(=O)N1C=C(F)C(=O)NC1=O,-1.83
7984,CCCCC(=O)N1C(=O)NC=C(F)C1=O,-2.3
7985,OCC1OC(C(O)C1O)N2C=CC(=O)CC2=O,-0.77
7986,CCCC(=O)OC1=CC=C(NC(C)=O)C=C1,-2.83
7987,CN1C(=O)C=NC2=C1N=CN=C2,-0.92
7988,CC(=O)OC1(C)CCC2C3CCC4=CC(=O)CCC4(C)C3CCC12C,-5.28
7989,CN1C=NC2=C(N=CC=N2)C1=O,-1.07
7990,OCC1OC(OCC2OC(OC3(CO)OC(CO)C(O)C3O)C(O)C(O)C2O)C(O)C(O)C1O,0.3
7991,NC1=NC2=C(N=C[NH]2)C(=S)N1,-3.31
7992,CCOC(=O)OCOC1=CC=C(NC(C)=O)C=C1,-2.43
7993,CC12CC(=O)C3C(CCC4=CC(=O)CCC34C)C1CCC2=O,-3.48
7994,CC(C)(C)C(=O)OC1(CCC2C3CCC4=CC(=O)CCC4C3CCC12C)C#C,-7.16
7995,CC(C)(C)C(=O)OC1=C(C=CC=C1)C(O)=O,-3.01
7996,CCCCCCC(=O)NNC(=O)C1=CC=NC=C1,-2.1
7997,NC1=NC2=C([NH]1)N=C(N)N=C2N,-1.52
7998,CC1=NC2=C(N=C1)C(=O)NC=N2,-1.56
7999,CCCCOC(=O)C1=CC=C(NC(C)=O)C=C1,-3.46
8000,CC1=NC2=C(N=CNC2=O)N=C1,-1.65
8001,NC1=NC2=C(N=CC=N2)C(=N1)N,-2.69
8002,CCCC(=O)OC1CCC2C3CCC4=CC(=O)CCC4(C)C3CCC12C,-5.93
8003,CCCC(=O)OCN1C(=O)NC=C(F)C1=O,-1.13
8004,CC(=O)C1=CC=C(NN=C(C#N)C#N)C=C1,-2.71
8005,NC1=NC(=O)NC2=C1N=CC=N2,-3.36
8006,NC1=NC(=O)C2=C(N1)N=CC=N2,-3.97
8007,O=C1NC2=C(NC1=O)N=CN=C2,-2.69
8008,CC(=O)OC1=CC=C(C=C1)\C=N\NC(N)=O,-2.84
8009,O=C1NC2=C(N=C1)C(=O)NC=N2,-2.82
8010,CN(C)C1=NC2=C(C=NC=N2)N=C1,-0.09
8011,O=C1NC2=C(N=CNC2=O)N=C1,-2.96
8012,CCCCCCCC(=O)NNC(=O)C1=CC=NC=C1,-2.91
8013,CCCCC(=O)OC1CCC2C3CCC4=CC(=O)CCC4(C)C3CCC12C,-6.19
8014,CCCCN(CC)C1=NC(=NC(=N1)N=[N+]=[N-])N,-3.52
8015,[O-][N+](=O)C1=CC=C(N2CC2)C(=C1)[N+]([O-])=O,-3.0
8016,CCCOC(=O)OC1=CC=C(NC(C)=O)C=C1,-2.57
8017,CCCCC(=O)OCN1C(=O)NC=C(F)C1=O,-1.66
8018,CSC1=NC(=NC(=N1)N=[N]#N)NC(C)C,-3.48
8019,CSC1=NC2=C(C=NC=N2)N=C1,-1.55
8020,OC(=O)COC1=CC(=C(Cl)C(=C1)Cl)Cl,-2.94
8021,CCCCCC(=O)OC1=CC=C(NC(C)=O)C=C1,-4.14
8022,CCCCCCCCC(=O)NNC(=O)C1=CC=NC=C1,-3.52
8023,CCC(CC)C(=O)OC1=C(C=CC=C1)C(O)=O,-1.84
8024,OC(=O)COC1=C(Cl)C(=CC(=C1)Cl)Cl,-3.0
8025,CN1CCCCC1C(=O)NC2=C(C)C=CC=C2C,-1.99
8026,O=C(COC(=O)C1=CC=CC=C1)NC2CCCCC2,-3.9
8027,[O-][N+](=O)C1=C(NN=C(C#N)C#N)C=CC=C1,-3.93
8028,CC12CCC3C(=CCC4=C3C=CC(=C4)O)C1CCC2O,-4.4
8029,O=C(C1=CC=CC=C1)C2=NC=CC=C2,-2.02
8030,CCCCCC(=O)OCN1C(=O)NC=C(F)C1=O,-2.11
8031,CCCC(=N\OCC)/C1=C(O)CC(CC1=O)C2CCCSC2,-3.58
8032,CCCCOC(=O)OC1=CC=C(NC(C)=O)C=C1,-3.37
8033,CC(=O)OC1=CC2=C(C=CC=C2)C=C1,-3.44
8034,CCCCCCCCC(=O)OC1CCC2C3CCC4=CC(=O)CCC4C3CCC12C,-5.72
8035,CCN(CC)C(=O)C(C)OC(=O)C1=CC=CC=C1,-2.28
8036,CCC1(CCC(=O)N(CO)C1=O)C2=CC=CC=C2,-1.66
8037,CCCCCCCCCC(=O)NNC(=O)C1=CC=NC=C1,-4.17
8038,CC1=CC=C(OC2=CC=C(C)C=C2)C=C1,-4.85
8039,COCCOC(=O)OC1=CC=C(NC(C)=O)C=C1,-1.69
8040,OCN1C(=O)OC2=CC=C(Cl)C=C12,-2.7
8041,CC(=O)[N]1N=CC2=C1N=CNC2=O,-2.38
8042,ClC1=CC(=CC(=C1)C2(CO2)CC(Cl)(Cl)Cl)Cl,-5.25
8043,CC1=NC2=C(N=C1C)C(=O)NC=N2,-2.29
8044,CC12CCC(=O)C=C1C=CC3C2CCC4(C)C3CCC4(O)CCC(O)=O,-5.17
8045,CC(=O)OC1=CC2=C(NC(=O)C2)C=C1,-1.54
8046,CCC1=NC2=C(N=CN=C2)N=C1CC,-0.18
8047,NC(=N)NC(=O)C1=NC(=C(N)N=C1N)Cl,-2.87
8048,CCN(CC)CCOC(=O)C1=CC=C(NC(C)=O)C=C1,-1.65
8049,ClCC(=O)C1=CC=C(NN=C(C#N)C#N)C=C1,-3.19
8050,CCCCCOC(=O)C(N)CC1=CC(=C(O)C=C1)O,-0.99
8051,CCC(CC)(C(=O)NC(N)=O)C(=O)OCC1=CC=CC=C1,-3.66
8052,CCCCCCCC(=O)OC1=CC=C(NC(C)=O)C=C1,-4.44
8053,CN(C1CCCCC1)C(=O)COC(=O)C2=CC=CC=C2,-3.29
8054,NC1=NC(=O)C2=C(N1)N=CC(=O)N2,-3.86
8055,O=C1NC(=O)C2=C(N1)NC(=O)C=N2,-3.34
8056,CCC1CCCCN1C(=O)COC(=O)C2=CC=CC=C2,-2.72
8057,CCCCCCCC(=O)OCN1C(=O)NC=C(F)C1=O,-3.29
8058,O=C1NC=NC2=C1NC(=O)C(=O)N2,-3.69
8059,CC12CCC3C(=CCC4=C3C=CC(=C4)O)C1CCC2=O,-4.99
8060,CCC(C(=O)NC(N)=O)(C(=O)OC)C1=CC=CC=C1,-2.75
8061,COCC(C)OC(=O)OC1=CC=C(NC(C)=O)C=C1,-2.48
8062,CCCCCCOC(=O)OC1=CC=C(NC(C)=O)C=C1,-4.32
8063,OCN1C=NC2=C(C=N[N]2CO)C1=O,-1.72
8064,CCC(=O)[N]1N=CC2=C1N=CNC2=O,-2.81
8065,CC(C)CN(CC(C)C)C(=O)COC(=O)C1=CC=CC=C1,-3.56
8066,CCCCCCC(=O)OC1(CCC2C3CCC4=CC(=O)CCC4C3CCC12C)C#C,-6.89
8067,CC(=O)C1=CC=C(OC2OC(CO)C(O)C(O)C2O)C=C1,-1.17
8068,C[N]1C=NC2=C1C(=NC(=O)N2)NCCO,0.08
8069,CNC(=O)N(C)C1=NN=C(S1)C(C)(C)CCl,-2.47
8070,CC(O)CN(CC(C)O)C(=O)COC(=O)C1=CC=CC=C1,-1.18
8071,CCCCCCCCCC(=O)OC1=CC=C(NC(C)=O)C=C1,-4.53
8072,CCC1(C(=O)NC(=S)NC1=O)C2=CC=CC=C2,-3.58
8073,S=C=NC1=CC=C(C=C1)C2=CC=CC=C2,-4.85
8074,NC1=CC(=C(C=C1)C(O)=O)[S](O)(=O)=O,-1.86
8075,NC(CC1=CC(=C(O)C=C1)O)C(=O)OC2CCCCC2,-1.27
8076,C1CC2=CC=C3CCCC4=CC=C(C1)C2=C34,-5.96
8077,OC(=O)COC1=C(Cl)C(=C(Cl)C=C1Cl)Cl,-3.41
8078,CCCC(=O)[N]1N=CC2=C1N=CNC2=O,-3.27
8079,CCC1=NC2=C(N=C(N)N=C2)N=C1CC,-3.04
8080,OC(=O)CC1=CC=C(C=C1)C2=CC=CC=C2,-3.73
8081,CCC1=NC2=C(N=C1CC)C(=NC=N2)N,-2.93
8082,CCN(CC)[S](=O)(=O)C1=CC=C(N)C=C1,-2.63
8083,CC(=O)OC1=CC=C(C=C1)C2=CC=CC=C2,-4.4
8084,CC(C)(C)NC(=O)C1CCC2C3CC=C4C=C(CCC4(C)C3CCC12C)C(O)=O,-8.76
8085,CC1(C)SC2C(N=CN3CCCCCC3)C(=O)N2C1C(O)=O,-4.5
8086,OCC1OC(CC1O)N2C=C(C(=O)NC2=O)C(F)(F)F,-0.71
8087,CN1C(=O)N(C)C2=C([N](CO)C=N2)C1=O,-0.41
8088,CCC1(C(=O)NC(=O)N(CO)C1=O)C2=CC=CC=C2,-1.6
8089,CC(=O)OCSC1=NC=NC2=C1N=C[NH]2,-2.15
8090,O=C1NC(=O)C2=C(N1)NC(=O)C(=O)N2,-4.06
8091,CNC(/NCCSCC1=CC=C(CN(C)C)O1)=C/[N+]([O-])=O,-2.5
8092,CC12CC(=O)C3C(CCC4=CC(=O)C=CC34C)C1CCC2(O)C(=O)CO,-3.48
8093,OC1CCN2C(=O)C3=C(C=CC=C3)N=C12,-2.1
8094,CCC[N]1C=NC2=C1C(=O)N(C)C(=O)N2C,0.02
8095,CCC1=C(NC(=O)N1)C(=O)C2=CC=NC=C2,-1.99
8096,CC(=O)NC(CC1=CC=C(OC(C)=O)C=C1)C(N)=O,-1.9
8097,CC1=NC=C([N]1CCO[P](O)(O)=O)[N+]([O-])=O,-1.38
8098,CC#CC1=NC(=NC(=C1)C)NC2=CC=CC=C2,-4.6
8099,CCC(=O)OCSC1=NC=NC2=C1N=C[NH]2,-2.39
8100,CC1(C)SC2C(NC(=O)C3(N)CCCCC3)C(=O)N2C1C(O)=O,-1.04
8101,CC1=CC=CC(=C1)NC2=CC=CC=C2C(O)=O,-5.06
8102,CCC1=NC2=C(N=C1CC)C(=NC(=O)N2)N,-3.55
8103,CCC1=NC2=C(N=C1CC)C(=O)NC(=N2)N,-4.28
8104,CCC1=NC2=C(N=C1CC)C(=O)NC(=O)N2,-2.39
8105,CCCC(=O)OCSC1=NC=NC2=C1N=C[NH]2,-2.69
8106,COC1=C(OC2OC(CO)C(O)C(O)C2O)C=CC(=C1)\C=C\CO,-1.87
8107,NC1=CC=CC(=C1)NC2=CC=CC=C2C(O)=O,-4.09
8108,OC(=O)COC1=C(Cl)C(=C(Cl)C(=C1Cl)Cl)Cl,-3.75
8109,ClC1=CC2=C(C(=CC=C2Cl)Cl)C(=C1)Cl,-7.51
8110,CCCCCCC(C(C)O)[N]1C=NC2=C1N=CN=C2N,-2.25
8111,COCC1(C)OC(=O)N(C1=O)C2=CC(=CC(=C2)Cl)Cl,-4.66
8112,NC(=O)C1=C[N](CC2=C(F)C=CC=C2F)N=N1,-3.5
8113,OC(=O)C1=CC=CC=C1NC2=CC(=CC=C2)O,-3.54
8114,COC(=O)C1CCCN1C(=O)COC(=O)C2=CC=CC=C2,-2.08
8115,OC(=O)C1=C(Cl)C=CC2=C1N=CC(=C2)Cl,-3.57
8116,[NH]1C2=C(N=CN=C2)N=C1C3=CC=CC=C3,-3.06
8117,O=C(NNC(=O)C1=CC=NC=C1)C2=CC=CC=C2,-2.54
8118,OC1=C(C(=C(C=C1[N+]([O-])=O)[N+]([O-])=O)O)[N+]([O-])=O,-3.51
8119,BrC1=C(C=CC2=CC=CC=C12)N=C=S,-4.32
8120,CC(=O)NC1=CC=C(C=C1)[S](=O)(=O)NC(C)=O,-2.78
8121,FCCOC(=O)CC1=CC=C(C=C1)C2=CC=CC=C2,-5.01
8122,CC(COC1=CC=CC=C1)NC(C)C(O)C2=CC=C(O)C=C2,-1.53
8123,O=C(COC(=O)C1=CC=CC=C1)N(C2CCCCC2)C3CCCCC3,-5.06
8124,CN1C(=O)N(C)C2=C([N](C=N2)C(C)=O)C1=O,-1.4
8125,S=C(NNC1=CC=CC=C1)N=NC2=CC=CC=C2,-6.61
8126,CCCCC(=O)OCSC1=NC=NC2=C1N=C[NH]2,-3.1
8127,O=C(C1=CC=CC=C1)C2=CC=CC(=C2)N=C=S,-5.4
8128,OC(=O)C1=CC=CC=C1NC2=CC(=CC=C2)Cl,-5.3
8129,CC1=C(CC(O)=O)SC2=C1C=CC(=C2)Cl,-3.84
8130,O=C(CC1=CC=CC=C1)NNC(=O)C2=CC=NC=C2,-2.47
8131,NC1=CC2=C(C=C1)C=CC(=C2)[S](O)(=O)=O,-3.05
8132,CC1=NC(=C(S1)C(=O)NC2=CC=CC=C2)C,-1.73
8133,ClC1=CC=C(OC2=C(Cl)C=CC=C2Cl)C=C1,-5.91
8134,CCCCCC(=O)OCSC1=NC=NC2=C1N=C[NH]2,-3.63
8135,NC1=CC=CC2=C1C=CC(=C2)[S](O)(=O)=O,-2.24
8136,COC1=CC=CC(=C1)NC2=CC=CC=C2C(O)=O,-4.8
8137,ClC1=CC(=C(OC2=CC=CC=C2)C(=C1)Cl)Cl,-6.11
8138,COC1=CC=C2C3CC4=C5C(=C(OC)C=C4)OC1C25CCN3C,-2.66
8139,NC1=CC(=CC2=C1C=CC=C2)[S](O)(=O)=O,-2.34
8140,ClC1=CC=C(Cl)C(=C1Cl)OC2=CC=CC=C2,-5.95
8141,COC1=C(O)C2=C(CC3C4C=CC(=O)CC24CCN3C)C=C1,-1.87
8142,CC1=C(C=CC=C1)C(=O)NNC(=O)C2=CC=NC=C2,-2.73
8143,CCN1CCN2C(=O)C3=C(C=CC=C3)N=C2C1C,-2.5
8144,CCC(C)C1=C(OC(C)=O)C(=CC(=C1)[N+]([O-])=O)[N+]([O-])=O,-2.25
8145,CCC(=O)[N]1C=NC2=C1C(=O)N(C)C(=O)N2C,-1.1
8146,C1CN=C(CN(CC2=CC=CC=C2)C3=CC=CC=C3)N1,-2.6
8147,NC1=CC2=C(C=C1)C(=CC=C2)[S](O)(=O)=O,-2.75
8148,CC12CCC3=C(C=CC4=C3C=CC(=C4)O)C1CCC2O,-4.64
8149,CC(N(O)C(N)=O)C1=CC2=C(S1)C=CC=C2,-3.37
8150,NC1=CC=CC2=C1C=CC=C2[S](O)(=O)=O,-2.35
8151,NC1=CC=C(C2=C1C=CC=C2)[S](O)(=O)=O,-2.91
8152,O=C1COC2(CCN(CCC3=C[NH]C4=C3C=CC=C4)CC2)CN1,-2.99
8153,CCNC(=O)C1=CC(=C(C=C1[N+]([O-])=O)[N+]([O-])=O)N2CC2,-3.13
8154,CSC(=O)C1(OC(C)=O)C(C)CC2C3CCC4=CC(=O)C=CC4(C)C3(F)C(O)CC12C,-6.22
8155,CC(=O)OC1=CC=C(NC(=O)C2=CC=CC=C2)C=C1,-4.14
8156,CC1CN(C)C(C)C2=NC3=C(C=CC=C3)C(=O)N12,-2.09
8157,NC1=CC=CC2=C1C(=CC=C2)[S](O)(=O)=O,-3.07
8158,OC(=O)C1=CC(=O)C2=C(O1)C=C3CCCCC3=C2,-1.05
8159,O=C(OC1=CC=CC(=C1)N=C=S)C2=CC=CC=C2,-4.85
8160,COC(=O)[N]1C=NC2=C1C(=O)N(C)C(=O)N2C,-1.24
8161,CC(C)CC1=CC=C(C=C1)C(C)C(=O)OCC(=O)N(C)CC(N)=O,-3.41
8162,CN1C(=O)N(C)C2=C([N](COC(C)=O)C=N2)C1=O,-1.83
8163,CCN(CC1=CC=NC=C1)C(=O)C(CO)C2=CC=CC=C2,-1.7
8164,O=C(OC1=CC=CC(=C1)N=C=S)C2=CC=CN=C2,-4.3
8165,CCCCCCCC(=O)OCSC1=NC=NC2=C1N=C[NH]2,-4.62
8166,CCCN1CCN2C(=O)C3=C(C=CC=C3)N=C2C1C,-2.31
8167,CC(CN1CC(=O)NC(=O)C1)N2CC(=O)NC(=O)C2,-1.27
8168,CCCC(=O)[N]1C=NC2=C1C(=O)N(C)C(=O)N2C,-1.53
8169,CC(=O)OCC(=O)C1(O)CCC2C3CCC4=CC(=O)C=CC4(C)C3C(=O)CC12C,-4.24
8170,CCCNC(=O)C1=CC(=C(C=C1[N+]([O-])=O)[N+]([O-])=O)N2CC2,-3.89
8171,CC12CCC3=C(C=CC4=C3C=CC(=C4)O)C1CCC2=O,-4.96
8172,CC1=C(N2C(SC1)C(NC(=O)C(N)C3=CCC=CC3)C2=O)C(O)=O,-1.22
8173,CCOC(=O)OC[N]1C=NC2=C1C(=O)N(C)C(=O)N2C,-1.86
8174,CC(C)NC(=O)C1=CC(=C(C=C1[N+]([O-])=O)[N+]([O-])=O)N2CC2,-3.5
8175,ClC1=CC(=C(Cl)C(=C1)Cl)C2=CC=CC=C2Cl,-6.23
8176,CCOC(=O)[N]1C=NC2=C1C(=O)N(C)C(=O)N2C,-1.65
8177,CCN1CC(C)N2C(=O)C3=C(C=CC=C3)N=C2C1C,-2.46
8178,CC(=O)OC1=CC=C(NC(=O)NC2=CC=CC=C2)C=C1,-4.44
8179,CCC(=O)OC[N]1C=NC2=C1C(=O)N(C)C(=O)N2C,-2.3
8180,OCN1C(=O)CN(/N=C/C2=CC=C(O2)[N+]([O-])=O)C1=O,-2.91
8181,CC(=O)C1=CC=CC(=C1)NC2=CC=CC=C2C(O)=O,-4.86
8182,ClC1=CC=CC(=C1Cl)C2=C(Cl)C=CC=C2Cl,-6.3
8183,OCCN1C=CC(=O)C(=C1C(O)C2=CC=CC=C2)O,-2.82
8184,ClC1=C(Cl)C=C(OC2=CC=C(Cl)C(=C2)Cl)C=C1,-6.98
8185,CCC1=CC=CC2=C1[NH]C3=C2CCOC3(CC)CC(O)=O,-3.31
8186,C[S](=O)(=O)NC1=NN=C(S1)[S](N)(=O)=O,-1.68
8187,CNC1CCC(C2=CC(=C(Cl)C=C2)Cl)C3=C1C=CC=C3,-5.23
8188,N#CC(=NNC1=CC=C(C=C1)N=NC2=CC=CC=C2)C#N,-4.92
8189,ClC1=CC=C(OC2=CC(=C(Cl)C(=C2)Cl)Cl)C=C1,-7.35
8190,ClC1=CC(=CC(=C1)OC2=CC=C(Cl)C(=C2)Cl)Cl,-7.32
8191,CCCCC(=O)[N]1C=NC2=C1C(=O)N(C)C(=O)N2C,-2.12
8192,NC(CC1=CC(=C(O)C=C1)O)C(=O)OCC2=CC=CC=C2,-1.81
8193,ClC1=CC=C(OC2=CC(=C(Cl)C=C2)Cl)C(=C1)Cl,-7.0
8194,ClC1=CC=C(OC2=CC(=C(Cl)C=C2Cl)Cl)C=C1,-7.04
8195,[O-][N+](=O)C1=C(Cl)C2=C(C=CC=C2)C(=C1)[N+]([O-])=O,-5.4
8196,CC(C)CNC(=O)C1=CC(=C(C=C1[N+]([O-])=O)[N+]([O-])=O)N2CC2,-3.85
8197,ClC1=CC=C(OC2=CC(=CC(=C2)Cl)Cl)C(=C1)Cl,-7.14
8198,ClC1=CC=C(Cl)C(=C1)OC2=CC=C(Cl)C(=C2)Cl,-7.07
8199,ClC1=CC=C(OC2=CC=C(Cl)C(=C2Cl)Cl)C=C1,-7.01
8200,CCC(=O)OCC1OC(CC1O)N2C=C(I)C(=O)NC2=O,-2.46
8201,ClC1=CC=C(OC2=CC(=CC(=C2Cl)Cl)Cl)C=C1,-7.14
8202,ClC1=C(Cl)C=C(OC2=CC=CC(=C2Cl)Cl)C=C1,-6.9
8203,CN1C(=O)N(C)C2=C([N](COC(=O)C(C)(C)C)C=N2)C1=O,-2.17
8204,ClC1=CC=CC(=C1)OC2=CC(=C(Cl)C=C2Cl)Cl,-7.27
8205,ClC1=CC=C(OC2=C(Cl)C=C(Cl)C=C2Cl)C=C1,-6.83
8206,OC(=O)C1=CC=CC=C1NC2=CC(=CC=C2)[N+]([O-])=O,-6.43
8207,ClC1=CC=CC(=C1)OC2=CC=C(Cl)C(=C2Cl)Cl,-7.09
8208,ClC1=CC=C(OC2=C(Cl)C=CC(=C2)Cl)C(=C1)Cl,-6.77
8209,CCCOC(=O)[N]1C=NC2=C1C(=O)N(C)C(=O)N2C,-1.45
8210,ClC1=C(Cl)C=C(OC2=C(Cl)C=CC=C2Cl)C=C1,-6.56
8211,ClC1=CC(=C(OC2=CC=CC(=C2Cl)Cl)C=C1)Cl,-6.65
8212,CCCN1CC(C)N2C(=O)C3=C(C=CC=C3)N=C2C1C,-2.24
8213,ClC1=CC=C(OC2=C(Cl)C=CC(=C2Cl)Cl)C=C1,-6.64
8214,CC(C)(C)NC(=O)C1=CC(=C(C=C1[N+]([O-])=O)[N+]([O-])=O)N2CC2,-3.17
8215,CCCC(=O)OC[N]1C=NC2=C1C(=O)N(C)C(=O)N2C,-1.86
8216,ClC1=C(OC2=CC(=C(Cl)C=C2Cl)Cl)C=CC=C1,-7.0
8217,NC(CC1=CC(=C(O)C(=C1)I)I)C(O)=O,-2.86
8218,ClC1=CC=C(OC2=C(Cl)C=CC=C2)C(=C1Cl)Cl,-6.74
8219,CC1CN(CCO1)[S](=O)(=O)NC(=O)NCC2CC3CC2C=C3,-2.26
8220,ClC1=C(Cl)C(=C(Cl)C(=C1)OC2=CC=CC=C2)Cl,-7.52
8221,CCN(CC)C(=O)C1=CC(=C(C=C1[N+]([O-])=O)[N+]([O-])=O)N2CC2,-2.59
8222,OC1C(O)C(O)C2C(NC(=O)C3=C(O)C4=C(OCO4)C=C23)C1O,-3.8
8223,ClC1=C(Cl)C(=C(OC2=CC=CC=C2)C(=C1)Cl)Cl,-7.06
8224,CC1CCC2=CC(=CC3=C2N1C=C(C(O)=O)C3=O)F,-3.74
8225,ClC1=C(Cl)C(=C(Cl)C(=C1)Cl)OC2=CC=CC=C2,-7.02
8226,CCCCOC(=O)[N]1C=NC2=C1C(=O)N(C)C(=O)N2C,-1.93
8227,CCCCC(=O)OC[N]1C=NC2=C1C(=O)N(C)C(=O)N2C,-2.37
8228,CN(CC(=O)NC1=NN=C(S1)[S](N)(=O)=O)C(N)=N,-1.14
8229,OC(=O)CCC(=O)OCN1C(=O)OC2=CC=C(Cl)C=C12,-3.41
8230,C=CC1CN2CCC1CC2C(=O)C3=CC=NC4=C3C=CC=C4,-3.19
8231,[O-][N+](=O)C1=C(C=C(C(=O)N2CCCCC2)C(=C1)[N+]([O-])=O)N3CC3,-3.17
8232,CC1=C2C=CC3=C(C=CC=C3)C2=CC4=C1CCCC4,-6.75
8233,CCCCCC(=O)OC[N]1C=NC2=C1C(=O)N(C)C(=O)N2C,-2.64
8234,CC(=O)OCSC1=NC=NC2=C1N=C[N]2COC(C)=O,-2.54
8235,[O-][N+](=O)C1=C(C=C(C(=O)N2CCOCC2)C(=C1)[N+]([O-])=O)N3CC3,-2.89
8236,CN1N=C(SC1=N[S](C)(=O)=O)[S](N)(=O)=O,-2.05
8237,ClC1=CC(=C(Cl)C(=C1)C2=C(Cl)C(=CC=C2)Cl)Cl,-6.96
8238,CCCN1C(=O)N(CCC)C2=C([NH]C(=N2)C3CCCC3)C1=O,-4.96
8239,CC1=CC=C(C=C1)C(=O)C2=CC(=C(O)C(=C2)O)[N+]([O-])=O,-4.17
8240,CC1=C(C)C(=NO1)N[S](=O)(=O)C2=CC=C(N)C=C2,-2.19
8241,CCCC1=C2CCCCC2=CC3=C1OC(=CC3=O)C(O)=O,-1.9
8242,OCN1C(=O)NC(C1=O)(C2=CC=CC=C2)C3=CC=CC=C3,-3.3
8243,CCCCCCOC(=O)[N]1C=NC2=C1C(=O)N(C)C(=O)N2C,-3.0
8244,ClC1=CC=C(OC2=CC(=C(Cl)C(=C2)Cl)Cl)C=C1Cl,-8.25
8245,CC12CCC3C(CCC4=CC(=O)CCC34)C1CCC2(OC(=O)C5=CC=CC=C5)C#C,-7.75
8246,ClC1=CC=C(OC2=C(Cl)C=C(Cl)C(=C2)Cl)C=C1Cl,-7.83
8247,CC1CC2C3CCC(O)(C(=O)COC(=O)CCC(O)=O)C3(C)CC(O)C2C4(C)C=CC(=O)C=C14,-4.2
8248,ClC1=CC=C(OC2=CC(=C(Cl)C(=C2)Cl)Cl)C(=C1)Cl,-7.89
8249,O=C1NC=NC2=C1C=N[N]2C(=O)C3=CC=CC=C3,-4.23
8250,ClC1=CC=C(C=C1)C(C2=C(Cl)C=CC=C2)C(Cl)(Cl)Cl,-7.13
8251,ClC1=CC(=CC(=C1)Cl)OC2=C(Cl)C=C(Cl)C(=C2)Cl,-8.06
8252,ClC1=CC(=C(Cl)C(=C1)Cl)OC2=CC=C(Cl)C(=C2)Cl,-7.83
8253,ClC1=CC=C(OC2=C(Cl)C=C(Cl)C(=C2)Cl)C(=C1)Cl,-7.61
8254,ClC1=CC(=CC(=C1)Cl)OC2=C(Cl)C(=C(Cl)C=C2)Cl,-7.86
8255,ClC1=CC=C(OC2=C(Cl)C(=C(Cl)C(=C2)Cl)Cl)C=C1,-8.06
8256,ClC1=CC(=C(OC2=CC=C(Cl)C(=C2)Cl)C(=C1)Cl)Cl,-7.62
8257,NC1=CC=C(C=C1)[S](=O)(=O)NC2=NC(=O)NC=C2,-3.55
8258,ClC1=CC=C(OC2=C(Cl)C(=C(Cl)C=C2)Cl)C(=C1)Cl,-7.44
8259,ClC1=CC=C(Cl)C(=C1)OC2=C(Cl)C=C(Cl)C(=C2)Cl,-7.56
8260,ClC1=CC=C(OC2=C(Cl)C(=CC(=C2)Cl)Cl)C(=C1)Cl,-7.64
8261,ClC1=CC=C(OC2=C(Cl)C(=CC=C2Cl)Cl)C=C1Cl,-7.35
8262,ClC1=CC=C(OC2=C(Cl)C(=C(Cl)C=C2Cl)Cl)C=C1,-7.77
8263,CCCCCCCC(=O)OC[N]1C=NC2=C1C(=O)N(C)C(=O)N2C,-3.45
8264,ClC1=CC=C(OC2=C(Cl)C=C(Cl)C=C2Cl)C(=C1)Cl,-7.33
8265,ClC1=C(Cl)C(=CC=C1)OC2=C(Cl)C=C(Cl)C(=C2)Cl,-7.48
8266,ClC1=CC=C(Cl)C(=C1)OC2=C(Cl)C(=C(Cl)C=C2)Cl,-7.7
8267,NC(=N)C1=CC(=CC=C1)NC(=O)NC2=CC(=CC=C2)C(N)=N,-1.77
8268,ClC1=C(Cl)C(=CC=C1)OC2=C(Cl)C(=C(Cl)C=C2)Cl,-7.38
8269,ClC1=CC=C(OC2=C(Cl)C(=CC(=C2Cl)Cl)Cl)C=C1,-7.76
8270,ClC1=CC=C(C=C1)N2N=NC3C4CC(C5N=NC45)C23,-4.87
8271,ClC1=CC=C(OC2=C(Cl)C(=CC=C2Cl)Cl)C(=C1)Cl,-7.24
8272,ClC1=CC=CC(=C1OC2=C(Cl)C=C(Cl)C(=C2)Cl)Cl,-7.12
8273,ClC1=C(Cl)C(=C(OC2=C(Cl)C=CC=C2Cl)C=C1)Cl,-7.23
8274,COC1=CC=C2C=C(C=CC2=C1)C(C)C(=O)OCCOC(=O)CN,-1.98
8275,CN(C)[S](=O)(=O)NC1=NN=C(S1)[S](N)(=O)=O,-2.68
8276,ClC1=C(Cl)C(=C(OC2=CC=CC=C2)C(=C1Cl)Cl)Cl,-7.94
8277,CCC(=O)OCSC1=NC=NC2=C1N=C[N]2COC(=O)CC,-2.78
8278,CC(OC1=CC=C(OC2=C(Cl)C=C(Cl)C=C2)C=C1)C(O)=O,-5.04
8279,CC(C(O)=O)C1=CC2=C(C=C1)C3=C([NH]2)C=CC(=C3)Cl,-4.7
8280,COC1=CC=C2C=C(C=CC2=C1)C(C)C(=O)OC(C)OC(=O)CN,-2.44
8281,OC1=CC=CC2=C1C(=O)C3=C(C=CC=C3O)C2=O,-5.19
8282,CN1C=CC(=NC1=O)N[S](=O)(=O)C2=CC=C(N)C=C2,-2.36
8283,CC(=O)NC1=CC=C(C=C1)C(=O)NC2=CC=C(OC(C)=O)C=C2,-4.41
8284,CN1C(=O)N(C)C2=C([NH]C(=N2)C3=CC=CC=C3)C1=O,-5.0
8285,CCCN1C(=O)N(CCC)C2=C([NH]C(=N2)C(C3CC3)C4CC4)C1=O,-4.59
8286,CCCC1=C2OC(=CC(=O)C2=C(O)C3=C1CCCC3)C(O)=O,-2.68
8287,CC1(C)SC2C(NC(=O)C(N)C3=CC=CC=C3)C(=O)N2C1C(O)=O,-1.99
8288,CC(C)C1(O)CCN2CC3C4=C(CCC5=C3C(=CC=C5)C2C1)C=CC=C4,-3.81
8289,CC1C\C=C\C=C\C=C\C=C\C(CC2OC(O)(CC(O)CC3OC3/C=C/C(=O)O1)CC(O)C2C([O-])=O)OC4OC(C)C(O)C([NH3+])C4O,-2.21
8290,CCN1C=C(C(O)=O)C(=O)C2=C1C=C(N3CCNCC3)C(=C2)F,-2.76
8291,CCCC(=O)OCSC1=NC=NC2=C1N=C[N]2COC(=O)CCC,-3.71
8292,CC1=C(N2C(SC1)C(NC(=O)C(N)C3=CC=CC=C3)C2=O)C(O)=O,-1.58
8293,CC(=O)NC1=CC=C(C=C1)[S](=O)(=O)NC2=NC=CC=N2,-3.59
8294,CCCN1C(=O)N(CCC)C2=C([NH]C(=N2)C3CCC(=O)C3)C1=O,-3.16
8295,ClC1=C(Cl)C(=C(OC2=CC(=C(Cl)C(=C2)Cl)Cl)C=C1)Cl,-8.49
8296,CC(C)C1(C)N=C(NC1=O)C2=NC3=C(C=CC=C3)C=C2C(O)=O,-3.72
8297,CC(=O)OCN1C=C(F)C(=O)N(C1=O)C(=O)C2=CC=CC=C2,-3.34
8298,CC1=NC=C([N]1CCOC(=O)C2=CC=C(CN3CCOCC3)C=C2)[N+]([O-])=O,-2.89
8299,NC1=CC=C(C=C1)[S](=O)(=O)NC2=CC=C(Cl)C(=C2)Cl,-4.94
8300,COC1=C(N[S](=O)(=O)C2=CC=C(N)C=C2)C=C(N)C=C1,-5.08
8301,CCN1C=C(C(O)=O)C(=O)C2=C1N=C(N3CCNCC3)C(=C2)F,-2.92
8302,CN(C)[S](=O)(=O)N=C1SC(=NN1C)[S](N)(=O)=O,-2.7
8303,ClC1=CC(=C(Cl)C(=C1)Cl)OC2=CC(=C(Cl)C=C2Cl)Cl,-8.41
8304,ClC1=CC(=C(Cl)C(=C1)OC2=C(Cl)C(=C(Cl)C=C2)Cl)Cl,-8.55
8305,ClC1=CC=C(OC2=C(Cl)C(=CC(=C2Cl)Cl)Cl)C=C1Cl,-8.3
8306,ClC1=CC(=C(OC2=C(Cl)C(=C(Cl)C=C2Cl)Cl)C=C1)Cl,-8.47
8307,CCOC(=O)C1=CN=C(N[S](=O)(=O)C2=CC=CC=C2)C=C1,-4.24
8308,CC(=O)OC1=CC=C(CC(NC(=O)C2=CC=CC=C2)C(N)=O)C=C1,-3.89
8309,ClC1=CC=C(Cl)C(=C1Cl)OC2=C(Cl)C=C(Cl)C(=C2)Cl,-7.88
8310,CN(CC(=O)NCCC(=O)NC1=NN=C(S1)[S](N)(=O)=O)C(N)=N,-1.13
8311,CN1C(=O)N(C)C2=C([NH]C(=N2)\C=C\C3=CC=CC=C3)C1=O,-6.66
8312,ClC1=CC(=C(OC2=C(Cl)C(=CC(=C2Cl)Cl)Cl)C=C1)Cl,-8.42
8313,ClC1=C(Cl)C(=C(OC2=C(Cl)C=CC(=C2Cl)Cl)C=C1)Cl,-7.96
8314,CCC(CC1=C(I)C(=C(I)C=C1I)N)C(O)=O,-4.58
8315,CN1N=C(SC1=N[S](=O)(=O)C(F)(F)F)[S](N)(=O)=O,-1.16
8316,CN1C(=O)N(C)C2=C([N](C)C(=N2)C3=CC=CC=C3)C1=O,-3.31
8317,CN(CC1=CC=C(OCCN2CCOCC2)C=C1)C(=O)C3=CC=C(O3)[N+]([O-])=O,-2.29
8318,NC1=CC=C(C=C1)[S](=O)(=O)NC2=NC(=O)N(CC=C)C=C2,-3.11
8319,CC(=O)NC1=CC=C(C=C1)[S](=O)(=O)NC2=NC=CS2,-3.43
8320,CC(C)N1C=CC(=NC1=O)N[S](=O)(=O)C2=CC=C(N)C=C2,-3.17
8321,CCNC(=O)OC1=C(O)C(=CC(=C1)\C=C(C#N)/C(=O)N(CC)CC)[N+]([O-])=O,-3.18
8322,CCCCC(=O)OCSC1=NC=NC2=C1N=C[N]2COC(=O)CCCC,-4.33
8323,COC1=CC=C(N[S](=O)(=O)C2=CC=C(C=C2)[N+]([O-])=O)C=C1,-4.64
8324,CC1(C)SC2C(NC(=O)C(N)C3=CC=C(O)C=C3)C(=O)N2C1C(O)=O,-2.17
8325,CCCN1C(=O)N(CCC)C2=C([NH]C(=N2)[C]34CC5[CH2]C(C[CH]3C5)C4)C1=O,-5.85
8326,CN1C=C(C(N)=O)C(=C(F)C1=O)NC2=C(F)C=C(Br)C=C2,-4.14
8327,COC1=CC=C2C=C(C=CC2=C1)C(C)C(=O)OCCOC(=O)C(N)CC(C)C,-3.82
8328,CCCCN1C=CC(=NC1=O)N[S](=O)(=O)C2=CC=C(N)C=C2,-3.09
8329,CCC(C)C(N)C(=O)OCCOC(=O)C(C)C1=CC2=CC=C(OC)C=C2C=C1,-3.82
8330,FC1=C(C2SCC3=NC4=C(C=CC=C4)[N]23)C(=CC=C1)F,-3.76
8331,CCN(CC)C(=O)CCC(=O)OC[N]1C=NC2=C1C(=O)N(C)C(=O)N2C,-1.14
8332,CC(C)CN1C=CC(=NC1=O)N[S](=O)(=O)C2=CC=C(N)C=C2,-3.11
8333,CCCC(=O)OCN1C=C(F)C(=O)N(C1=O)C(=O)C2=CC=CC=C2,-3.73
8334,CNN1C=C(C(O)=O)C(=O)C2=C1C=C(N3CCN(C)CC3)C(=C2)F,-3.73
8335,CC(C)(C)C(=O)OC1=CC2=C(C=C1)N=C(S2)[S](N)(=O)=O,-3.73
8336,CCC(C)N1C=CC(=NC1=O)N[S](=O)(=O)C2=CC=C(N)C=C2,-2.76
8337,COC1=CC2=CC=C(C=C2C=C1)C(C)C(=O)OCCOC(=O)CN3CCOCC3,-4.3
8338,ClC1=CC=C(C=C1Cl)C2=C(Cl)C(=C(Cl)C(=C2Cl)Cl)Cl,-8.9
8339,ClC1=CC(=C(Cl)C(=C1Cl)C2=CC(=C(Cl)C(=C2)Cl)Cl)Cl,-9.1
8340,CCCOC(=O)N1C2CN3C4=C(C(COC(N)=O)C3(OC)C12)C(=O)C(=C(C)C4=O)N,-3.48
8341,CN1C(=O)N(C)C2=C([N](C)C(=N2)\C=C\C3=CC=CC=C3)C1=O,-5.55
8342,CCC(C)C(N)C(=O)OCCCCOC(=O)C(C)C1=CC2=CC=C(OC)C=C2C=C1,-4.52
8343,COC1=CC2=C(C=C1OC)C34CCN5CC6=CCOC7CC(=O)N2C3C7C6CC45,-2.79
8344,ClC1=CC(=CC(=C1Cl)Cl)OC2=C(Cl)C(=C(Cl)C(=C2)Cl)Cl,-9.54
8345,C1CC2=CC3=CC4=C(C=CC=C4)C=C3C5=C2C1=CC=C5,-2.97
8346,CC(C)OC1=CC=C(C=C1)C(=O)N[S](=O)(=O)C2=CC=C(N)C=C2,-4.3
8347,CSC1=CC=C2OC3=C(C=C(C=C3)C(O)=O)C(=O)C2=C1,-5.32
8348,CCN1C=C(C(O)=O)C(=O)C2=C1C(=C(N3CCNC(C)C3)C(=C2)F)F,-2.33
8349,CCN1CCN(CC1)C2=CC3=C(C=C2F)C(=O)C(=CN3C4CC4)C(O)=O,-3.18
8350,OC(=O)CCC1=NC(=C(O1)C2=CC=CC=C2)C3=CC=CC=C3,-2.24
8351,CC(=O)NC1=C(I)C=C(I)C(=C1I)C(O)=O,-2.64
8352,ClC1=CC=C(OC2=C(Cl)C(=C(Cl)C(=C2Cl)Cl)Cl)C(=C1)Cl,-9.64
8353,CCN(CC)C(=O)NC1CN(C)C2CC3=C(Br)[NH]C4=C3C(=CC=C4)C2=C1,-4.38
8354,O=C1OC(C2=CC=CC=C2)(C3=CC=CC=C3)C4=C1C=CC=C4,-3.85
8355,CN1CC2CC1CN2C3=CC4=C(C=C3F)C(=O)C(=CN4C5CC5)C(O)=O,-2.9
8356,OC1=CC2=C(C(=C1)O)C(=O)C=C(O2)C3=CC(=C(O)C=C3)O,-3.61
8357,CCCC1=C(O)N2N(C1=O)C3=CC(=CC=C3N=C2N(C)C)C,-3.63
8358,CCCCC1=CC2=C(C=C1)C=C3C=CC4=C(C=CC=C4)C3=C2,-7.52
8359,COC1=C(N2C(SC1)C(NC(=O)C(N)C3=CCC=CC3)C2=O)C(O)=O,-1.89
8360,CNCC(=O)NC1=C(C=C(C(=C1)Cl)[S](N)(=O)=O)[S](N)(=O)=O,-1.27
8361,CC1=C2C=CC3=C(C=CC=C3)C2=CC4=CC=C(Cl)C=C14,-7.44
8362,CC(C)OC(=O)CC(C(=O)OC(C)C)[S](=O)(=O)C1=CC=C(C=C1)[N+]([O-])=O,-4.29
8363,CN1CCN(CC1)C2=C(F)C3=C(C=C2F)C(=O)C(=CN3CCF)C(O)=O,-2.73
8364,CC1CCC2=C(N3CCC(O)CC3)C(=CC4=C2N1C=C(C(O)=O)C4=O)F,-3.78
8365,CCN1C=CC(=NC1=O)N[S](=O)(=O)C2=CC=C(NC(C)=O)C=C2,-2.71
8366,CCC1=NN=C(N[S](=O)(=O)C2=CC=C(NC(C)=O)C=C2)S1,-3.4
8367,CONC(=O)C1=CN(C)C(=O)C(=C1NC2=CC=C(Br)C=C2F)C,-3.28
8368,CCO[P](=O)(OCC)OC1=CC2=C(C=C1)C(=C(Cl)C(=O)O2)C,-3.18
8369,CN(C)CC1=CC=C(C=C1)C(=O)OCCOC[N]2C=NC3=C2N=C(N)NC3=O,-2.47
8370,OCC(CO)C(=O)OCN1C(=O)NC(C1=O)(C2=CC=CC=C2)C3=CC=CC=C3,-2.21
8371,CC(C(=O)OCC(=O)N(C)CC(N)=O)C1=CC(=CC=C1)C(=O)C2=CC=CC=C2,-2.42
8372,CCCCCC1=C2C=CC3=C(C=CC=C3)C2=CC4=C1C=CC=C4,-8.57
8373,ClC1=CC(=C(Cl)C(=C1Cl)Cl)OC2=CC(=C(Cl)C(=C2Cl)Cl)Cl,-10.1
8374,CCONC(=O)C1=CN(C)C(=O)C(=C1NC2=C(F)C=C(Br)C=C2)C,-3.82
8375,CCCCCCCC(=O)OCN1C(=O)NC(C1=O)(C2=CC=CC=C2)C3=CC=CC=C3,-6.52
8376,NC1=CC=C(C=C1)[S](=O)(=O)NC2=CC=C(C=C2Br)[N+]([O-])=O,-4.78
8377,C[S](=O)C1=CC=C2OC3=C(C=C(C=C3)C(O)=O)C(=O)C2=C1,-5.02
8378,CSC1=CC=C(C=C1)C(=O)C2=CC(=CC3=C2OC=C3)CC(O)=O,-5.51
8379,COC1=NC(=NC(=N1)NC(=O)N[S](=O)(=O)C2=CC=CC=C2Cl)C,-1.71
8380,N[S](=O)(=O)C1=NN=C(N[S](=O)(=O)C2=CC=CC=C2)S1,-2.9
8381,CCONC(=O)C1=CN(C)C(=O)C(=C1NC2=CC=C(Br)C=C2F)F,-4.19
8382,ClC1=CC2=C(C(=C1Cl)Cl)C3=C(O2)C(=C(Cl)C(=C3)Cl)Cl,-10.3
8383,OC1=CC2=C(C(=C1)O)C(=O)C(=C(O2)C3=CC=C(O)C(=C3)O)O,-1.99
8384,ClC1=CC(=C(COC(C[N]2C=CN=C2)C3=CC=C(Cl)C=C3Cl)C=C1)Cl,-5.08
8385,CN1C(=O)N(C)C2=C(N=C3C(=O)N(C)C(=O)N(C)C3=N2)C1=O,-3.31
8386,N[S](=O)(=O)C1=NN=C(N[S](=O)(=O)CC2=CC=CC=C2)S1,-2.7
8387,COC(=O)\C(=C\C1=CC=CC=C1)[S](=O)(=O)C2=CC=C(C=C2)[N+]([O-])=O,-4.57
8388,CC1(O)CC(C2=CC=C(Cl)C=C2)C3=C(O1)C4=C(OC3=O)C=CC=C4,-5.84
8389,CC1=C(C2=CC=C(C=C2)[S](N)(=O)=O)C(=NO1)C3=CC=CC=C3,-4.52
8390,CN1C=C(C(=O)NOCCO)C(=C(C)C1=O)NC2=C(F)C=C(Br)C=C2,-2.96
8391,NCC(=O)NCC(=O)OCCOC1=CC2=C(C=C1)N=C(S2)[S](N)(=O)=O,-1.3
8392,CC1=CC=C(C=C1)[S](=O)(=O)NC2=NN=C(S2)[S](N)(=O)=O,-1.22
8393,CCCCNC1=C(OC2=CC=CC=C2)C(=CC(=C1)C(O)=O)[S](N)(=O)=O,-3.56
8394,CC1CN(CC(C)N1)C2=C(F)C3=C(C(=C2F)N)C(=O)C(=CN3C4CC4)C(O)=O,-3.37
8395,OCC(O)COC(=O)C1=C(NC2=C3C=CC(=CC3=NC=C2)Cl)C=CC=C1,-4.54
8396,NC1=CC=C(C=C1)[S](=O)(=O)NC2=NN=C(S2)[S](N)(=O)=O,-1.5
8397,CCC(/C1=CC=CC=C1)=C(\C2=CC=CC=C2)C3=CC=C(OCCN(C)C)C=C3,-8.49
8398,NC1=CC=CC(=C1)[S](=O)(=O)NC2=NN=C(S2)[S](N)(=O)=O,-1.54
8399,CC1=NC=C2CN=C(C3=C(F)C=CC=C3)C4=C(C=CC(=C4)Cl)[N]12,-4.13
8400,CCCN(CCC)C1=C(C=C(C=C1[N+]([O-])=O)[S](=O)(=O)N=[S](C)C)[N+]([O-])=O,-4.86
8401,CC1(C)SC2C(NC(=O)C(N)C3=CC=C(N)C=C3)C(=O)N2C1C4=NN=N[NH]4,-1.57
8402,N[S](=O)(=O)C1=NN=C(NC(=O)C2=C(F)C(=C(F)C(=C2F)F)F)S1,-1.37
8403,CCCN(CCC)CC1=CC=CC(=C1)C(=O)OCCOC[N]2C=NC3=C2N=C(N)NC3=O,-0.35
8404,N[S](=O)(=O)C1=NN=C(N[S](=O)(=O)C2=CC=C(Cl)C=C2)S1,-2.01
8405,N[S](=O)(=O)C1=CC=C(CNC(=S)NC(C(O)C2=CC=CC=C2)C(O)=O)C=C1,-1.29
8406,CN1N=C(SC1=N[S](=O)(=O)CC2=CC=CC=C2)[S](N)(=O)=O,-2.48
8407,COC1=CC=C(C=C1)[S](=O)(=O)NC2=NN=C(S2)[S](N)(=O)=O,-2.25
8408,COC1=CC2=C(C=C1OC)C(=NC(=N2)N3CCN(CC3)C(=O)C4=CC=CO4)N,-5.09
8409,CN1N=C(SC1=N[S](=O)(=O)C2=CC=C(C)C=C2)[S](N)(=O)=O,-2.84
8410,COC1=CC=C2C=C(C=CC2=C1)C(C)C(=O)OCCOC(=O)C(N)CC3=CC=CC=C3,-3.75
8411,OCC1OC2OC3C(O)C(O)C(OC3CO)OC4C(O)C(O)C(OC4CO)OC5C(O)C(O)C(OC5CO)OC6C(O)C(O)C(OC6CO)OC7C(O)C(O)C(OC7CO)OC1C(O)C2O,-0.91
8412,NC1=CC=C(C=C1)[S](=O)(=O)NC2=NC(=O)N(CC3=CC=CC=C3)C=C2,-4.8
8413,CN1N=C(SC1=N[S](=O)(=O)C2=CC=C(F)C=C2)[S](N)(=O)=O,-2.03
8414,CCN(C1CC(C)[S](=O)(=O)C2=C1C=C(S2)[S](N)(=O)=O)C(=O)CNC,-1.21
8415,CN1N=C(SC1=N[S](=O)(=O)C2=CC=C(N)C=C2)[S](N)(=O)=O,-2.5
8416,CC12CCC3C(CCC4=CC(=O)CCC34)C1CCC2(OC(=O)C5=CC=C(C=C5)C6=CC=CC=C6)C#C,-8.11
8417,CN1N=C(SC1=N[S](=O)(=O)C2=CC=CC(=C2)N)[S](N)(=O)=O,-2.45
8418,CC1=CC(=C(C(=C1)C)[S](=O)(=O)NC2=NN=C(S2)[S](N)(=O)=O)C,-2.7
8419,CC1CC2=C(C=CC=C2)N1NC(=O)C3=CC(=C(Cl)C=C3)[S](N)(=O)=O,-3.79
8420,CC1C(NC(=O)C(=N\OC(C)(C)C(O)=O)/C2=CSC(=N2)N)C(=O)N1[S](O)(=O)=O,-1.64
8421,COC1=CC=C2C=C(C=CC2=C1)C(C)C(=O)OC(C)OC(=O)C(N)CC3=CC=CC=C3,-3.5
8422,N[S](=O)(=O)C1=NN=C(N[S](=O)(=O)C2=CC=C(Br)C=C2)S1,-2.13
8423,CN1N=C(SC1=N[S](=O)(=O)C2=CC=C(Cl)C=C2)[S](N)(=O)=O,-2.44
8424,CC(=O)N1CCN(CC1)C(=O)/C=C/C2=CC(=C(SC3=CC4=C(OCCO4)C=C3)C=C2)Cl,-2.05
8425,COC1=CC2=C(C=C1OC)C(=NC=N2)N3CCN(CC3)C(=S)NCC4=CC=CO4,-5.63
8426,COC1=CC2=C(C=C1OC)C(=NC=N2)N3CCN(CC3)C(=O)NC4=CSC=C4,-5.3
8427,N[S](=O)(=O)C1=CC=C(NC2=NC(=NC=C2)NC(=O)C3=CC=CN=C3)C=C1,-1.27
8428,CC(=O)NC1=C(I)C(=C(I)C(=C1I)C(O)=O)NC(C)=O,-2.01
8429,CC12CCC3C(CCC4=CC(=O)CCC34)C1CCC2(OC(=O)C5=CC=C(OC6=CC=CC=C6)C=C5)C#C,-6.84
8430,COC1=CC=C(C=C1)[S](=O)(=O)N=C2SC(=NN2C)[S](N)(=O)=O,-2.76
8431,N[S](=O)(=O)C1=NN=C(N[S](=O)(=O)C2=CC=C(C=C2)[N+]([O-])=O)S1,-1.33
8432,NCC(=O)NCC(=O)NC1=C(Cl)C(=C(C=C1[S](N)(=O)=O)[S](N)(=O)=O)Cl,-1.23
8433,CN(C)C1C2CC3CC4=C(C=CC(=C4C(=O)C3=C(O)C2(O)C(=O)C(=C1O)C(N)=O)O)N(C)C,-0.94
8434,N[S](=O)(=O)C1=NN=C(N[S](=O)(=O)C2=CC(=CC=C2)[N+]([O-])=O)S1,-1.46
8435,CC(C)C1=C(SC2=C(C=C(\C=C\C(=O)N3CCN(CC3)C(C)=O)C=C2)[N+]([O-])=O)C=CC=C1,-2.7
8436,N[S](=O)(=O)C1=NN=C(N[S](=O)(=O)C2=C(C=CC=C2)C(O)=O)S1,-2.32
8437,CC(=O)NC1=CC=C(C=C1)[S](=O)(=O)NC2=NN=C(S2)[S](N)(=O)=O,-1.62
8438,N[S](=O)(=O)C1=NN=C(N[S](=O)(=O)C2=C(C=CC=C2)[N+]([O-])=O)S1,-1.82
8439,CC(=O)N1CCN(CC1)C(=O)/C=C/C2=CC(=C(SC3=CC4=C([NH]C=C4)C=C3)C=C2)Cl,-2.74
8440,CN1N=C(SC1=N[S](=O)(=O)C2=C(C)C=C(C)C=C2C)[S](N)(=O)=O,-3.0
8441,COC1=NC(=NC(=C1)OC)NC(=O)N[S](=O)(=O)C2=NC=CC=C2C(=O)N(C)C,-3.97
8442,N[S](=O)(=O)C1=NN=C(N[S](=O)(=O)C2=CC=C(I)C=C2)S1,-2.2
8443,COC1=CC=C(C=C1)C2SC3=CC=CC=C3N(CCN(C)C)C(=O)C2OC(C)=O,-2.95
8444,CN1N=C(SC1=N[S](=O)(=O)C2=CC=C(Br)C=C2)[S](N)(=O)=O,-2.51
8445,COC(=O)C1=C(C=CS1)[S](=O)(=O)NC(=O)NC2=NC(=NC(=N2)OC)OC,-3.19
8446,CN1CCC(C(O)C1)C2=C(O)C=C(O)C3=C2OC(=CC3=O)C4=C(Cl)C=CC=C4,-4.26
8447,FC1=CC=C(C=C1)C([N]2C=CN=C2)(C3=CC=CC=C3)C4=C(F)C=CC=C4,-8.4
8448,CN1C(=C(O)C2=C(C=CS2)[S]1(=O)=O)C(=O)NC3=NC=CC=C3,-3.88
8449,NCC(=O)NC1=CC=C(C=C1)[S](=O)(=O)NC2=NN=C(S2)[S](N)(=O)=O,-1.19
8450,CN1N=C(SC1=N[S](=O)(=O)C2=CC=C(C=C2)[N+]([O-])=O)[S](N)(=O)=O,-2.7
8451,CN1N=C(SC1=N[S](=O)(=O)C2=CC=CC(=C2)[N+]([O-])=O)[S](N)(=O)=O,-2.67
8452,CN1CCN(CC1)C2=CC3=C(C=C2F)C(=O)C(=CN3C4=CC=C(F)C=C4)C(O)=O,-3.82
8453,CCNC1CN(CCCOC)[S](=O)(=O)C2=C1C=C(S2)[S](N)(=O)=O,-2.95
8454,CN1N=C(SC1=N[S](=O)(=O)C2=CC=C(NC(C)=O)C=C2)[S](N)(=O)=O,-1.69
8455,CN1N=C(SC1=N[S](=O)(=O)C2=C(C=CC=C2)C(O)=O)[S](N)(=O)=O,-2.51
8456,OC(=O)C1=C(O)C=CC(=C1)N=NC2=CC=C(C=C2)[S](=O)(=O)NC3=CC=CC=N3,-6.14
8457,CCCCC(=O)N(CC1=CC=C(C=C1)C2=C(C=CC=C2)C3=NN=N[NH]3)C(C(C)C)C(O)=O,-4.2
8458,CN1N=C(SC1=N[S](=O)(=O)C2=CC=CC=C2[N+]([O-])=O)[S](N)(=O)=O,-2.79
8459,N[S](=O)(=O)C1=NN=C(N[S](=O)(=O)C2=CC(=C(Cl)C=C2)[N+]([O-])=O)S1,-1.99
8460,COC1=CC2=C(C=C1OC)C(=NC=N2)N3CCN(CC3)C(=O)NC4=CC=C(C=C4)[N+]([O-])=O,-6.95
8461,OC(=O)C1=CC=CC=C1C2=C3C=CC(=O)C=C3OC4=C2C=CC(=C4)O,-3.82
8462,COC1=C(N=CN=C1)N2CCN(CC2)CCC3=C[NH]C4=C3C=C(C[S](=O)(=O)N(C)C)C=C4,-3.76
8463,CN1N=C(SC1=N[S](=O)(=O)C2=CC=C(I)C=C2)[S](N)(=O)=O,-2.77
8464,CC1=NN=C(SCC2=C(N3C(SC2)C(NC(=O)C[N]4C=NN=N4)C3=O)C(O)=O)S1,-2.62
8465,CC(C)(C)NC(=O)C1N(CSC1(C)C)C(=O)C(O)C(CC2=CC=CC=C2)NC(=O)C3=CC=CC=C3,-3.62
8466,N[S](=O)(=O)C1=NN=C(N[S](=O)(=O)C2=C(F)C(=C(F)C(=C2F)F)F)S1,-1.21
8467,C[N]1N=NN=C1SCC2=C(N3C(SC2)C(NC(=O)C(O)C4=CC=CC=C4)C3=O)C(O)=O,-0.14
8468,CC1=C(C(O)=O)C2=CC(=CC=C2N=C1C3=CC=C(C=C3)C4=C(F)C=CC=C4)F,-6.39
8469,FC(F)(F)N=C1SC(=NC2=CC=CC=C2)N(C3=CC=CC=C3)C1=NC(F)(F)F,-5.42
8470,CC(C)(C)NC(=O)C1N(CSC1(C)C)C(=O)C(O)C(CC2=CC=CC=C2)NC(=O)CC3=CC=CC=C3,-3.72
8471,CC1CN(CCN1)C2=CC3=C(C=C2F)C(=O)C(=CN3C4=C(F)C=C(F)C=C4)C(O)=O,-3.8
8472,CC1=CC=C(C=C1)C(=O)NC(CC2=CC=CC=C2)C(O)C(=O)N3CSC(C)(C)C3C(=O)NC(C)(C)C,-4.11
8473,NC1=NC(=O)C2=C(N1)N=CC(=N2)CNC3=CC=C(C=C3)C(=O)NC(CCC(O)=O)C(O)=O,-5.44
8474,NC1C2CN(CC12)C3=NC4=C(C=C3F)C(=O)C(=CN4C5=CC=C(F)C=C5F)C(O)=O,-4.53
8475,CN1N=C(SC1=N[S](=O)(=O)C2=CC(=C(Cl)C=C2)[N+]([O-])=O)[S](N)(=O)=O,-2.47
8476,N[S](=O)(=O)C1=CC=C(NC2=NC(=NC=C2)N[S](=O)(=O)C3=CC=CC=C3)C=C1,-2.55
8477,OCC1OC2OC3C(O)C(O)C(OC3CO)OC4C(O)C(O)C(OC4CO)OC5C(O)C(O)C(OC5CO)OC6C(O)C(O)C(OC6CO)OC7C(O)C(O)C(OC7CO)OC8C(O)C(O)C(OC8CO)OC1C(O)C2O,-1.84
8478,CC(C)(C)NC(=O)C1N(CSC1(C)C)C(=O)C(O)C(CC2=CC=CC=C2)NC(=O)COC3=CC=CC=C3,-3.83
8479,N[S](=O)(=O)C1=CC=C(NC2=CC=NC(=N2)N[S](=O)(=O)CC3=CC=CC=C3)C=C1,-2.7
8480,CC(C)(C)NC(=O)C1N(CSC1(C)C)C(=O)C(O)C(CC2=CC=CC=C2)NC(=O)C3=CC=C(Cl)C=C3,-4.28
8481,N[S](=O)(=O)C1=NN=C(N[S](=O)(=O)C2=C(C=C(C=C2)[N+]([O-])=O)[N+]([O-])=O)S1,-2.91
8482,COC1=CC=C(C=C1)C(=O)NC(CC2=CC=CC=C2)C(O)C(=O)N3CSC(C)(C)C3C(=O)NC(C)(C)C,-4.11
8483,NCC(=O)NCC(=O)NC1=CC=C(C=C1)[S](=O)(=O)NC2=NN=C(S2)[S](N)(=O)=O,-1.29
8484,COC(=O)C1=C(C(=CC=C1)C)[S](=O)(=O)NC(=O)NC2=NC(=NC(=N2)OCC(F)(F)F)N(C)C,-5.69
8485,CC1=C(OCC(=O)NC(CC2=CC=CC=C2)C(O)C(=O)N3CSC(C)(C)C3C(=O)NC(C)(C)C)C(=CC=C1)C,-5.01
8486,CN1N=C(SC1=N[S](=O)(=O)C2=C(C=C(C=C2)[N+]([O-])=O)[N+]([O-])=O)[S](N)(=O)=O,-2.74
8487,CC(C)(C)NC(=O)C1N(CSC1(C)C)C(=O)C(O)C(CC2=CC=CC=C2)NC(=O)C3=CC=C(C=C3)[N+]([O-])=O,-3.98
8488,NC1=CC=C(C=C1)[S](=O)(=O)NC2=NC(=CS2)C3=CC=C(C=C3)C4=CC=CC=C4,-5.61
8489,N[S](=O)(=O)C1=CC=C(NC2=NC(=NC=C2)N[S](=O)(=O)C3=CC=C(Br)C=C3)C=C1,-2.62
8490,CC1=CC=C(C=C1)[S](=O)(=O)NC(=O)NC2=NC(=CC=N2)NC3=CC=C(C=C3)[S](N)(=O)=O,-4.3
8491,FC1=CC=CC(=C1C(=O)NC(=O)NC2=CC(=C(OC3=C(Cl)C=C(C=N3)C(F)(F)F)C(=C2)Cl)Cl)F,-8.65
8492,COC1=C(F)C=C(C=C1)C2=C(Cl)N=C[N]2C3=CC=C(C=C3)[S](=O)(=O)N[P](O)(O)=O,-2.55
8493,N[S](=O)(=O)C1=CC=C(NC2=CC=NC(=N2)N[S](=O)(=O)C3=CC(=CC=C3)C(F)(F)F)C=C1,-1.82
8494,N[S](=O)(=O)C1=CC=C(NC2=CC=NC(=N2)NC(=O)N[S](=O)(=O)C3=CC=C(Cl)C=C3)C=C1,-4.0
8495,OCC1OC2OC3C(O)C(O)C(OC3CO)OC4C(O)C(O)C(OC4CO)OC5C(O)C(O)C(OC5CO)OC6C(O)C(O)C(OC6CO)OC7C(O)C(O)C(OC7CO)OC8C(O)C(O)C(OC8CO)OC9C(O)C(O)C(OC9CO)OC1C(O)C2O,-0.75
8496,COCCNC(=O)C(NC(=O)C(CC(O)C(CC1=CC=CC=C1)NC(=O)OC(C)(C)C)CC2=CC(=C(OC)C(=C2)OC)OC)C(C)C,-4.0
8497,N[S](=O)(=O)C1=CC=C(NC2=NC(=NC=C2)N[S](=O)(=O)C3=C(F)C(=C(F)C(=C3F)F)F)C=C1,-1.57
8498,CCCOC1=CC=C2C(C(C(C3=CC=C(OC)C=C3OCC(O)=O)C2=C1)C(O)=O)C4=CC5=C(OCO5)C=C4,-6.77
8499,CC(C)C1(NC(=O)C2CC3C(CC4=C[NH]C5=C4C3=CC=C5)N(C)C2)OC6(O)C7CCCN7C(=O)C(CC8=CC=CC=C8)N6C1=O,-5.27
8500,COC1C(CC2CN3CCC4=C([NH]C5=C4C=CC(=C5)OC)C3CC2C1C(=O)OC)OC(=O)C6=CC(=C(OC)C(=C6)OC)OC,-5.97
8501,OC(CC(C1=CC=CC=C1)C2=C(O)C3=C(OC2=O)C=CC=C3)C4=CC=C(C=C4)C5=CC=C(Br)C=C5,-4.45
8502,CC(C)CCCC(C)C1CCC2C3CCC4CC(C)(CCC=C(C5=CC(=C(O)C(=C5)C(O)=O)Cl)C6=CC(=C(O)C(=C6)C(O)=O)Cl)CCC4(C)C3CCC12C,-8.46
8503,CC(C)CC(NC(=O)C(CC1=C[NH]C=N1)NC(=O)C(CC2=CC=CC=C2)NC(=O)OC(C)(C)C)C(O)CC(=O)NC(CC(C)C)C(=O)NCCCN(CCO)CCO,-2.37
8504,CC(C)CC(NC(=O)C(CC1=C[NH]C=N1)NC(=O)C(CC2=CC=CC=C2)NC(=O)OC(C)(C)C)C(O)CC(=O)NC(CC(C)C)C(=O)NCCC(N)C(O)=O,-2.22
8505,CSCC(NC(=O)COC1=CC=CC2=C1C=CN=C2)C(=O)NC(CC3=CC=CC=C3)C(O)C(=O)N4CSCC4C(=O)NC(C)(C)C,-3.95
8506,CC(C)C1=C(Br)C(=C(C)C=C1C2(O[S](=O)(=O)C3=C2C=CC=C3)C4=CC(=C(O)C(=C4C(C)C)Br)C)O,-5.18
8507,CC(C)CC(NC(=O)C(CC1=C[NH]C=N1)NC(=O)C(CC2=CC=CC=C2)NC(=O)OC(C)(C)C)C(O)CC(=O)NC(CC(C)C)C(=O)NCC3=CC=NC=C3,-3.36
8508,CC(C)CC(NC(=O)C(CC1=C[NH]C=N1)NC(=O)C(CC2=CC=CC=C2)NC(=O)OC(C)(C)C)C(O)CC(=O)NC(CC(C)C)C(=O)NCC3=CC=CC=N3,-3.42
8509,CC(C)CC(NC(=O)C(CC1=C[NH]C=N1)NC(=O)C(CC2=CC=CC=C2)NC(=O)OC(C)(C)C)C(O)CC(=O)NC(CC(C)C)C(=O)NCC3=CC=[N+]([O-])C=C3,-2.38
8510,CC(C)CC(NC(=O)C(CC1=C[NH]C=N1)NC(=O)C(CC2=CC=CC=C2)NC(=O)OC(C)(C)C)C(O)CC(=O)NC(CC(C)C)C(=O)NCC3=CC=CC(=C3)CN,-2.85
8511,CC(C)CC(NC(=O)C(CC1=C[NH]C=N1)NC(=O)C(CC2=CC=CC=C2)NC(=O)OC(C)(C)C)C(O)CC(=O)NC(CC(C)C)C(=O)NCC(N)C3=CC=CC=N3,-3.4
8512,OC(=O)C1=C(I)C(=C(I)C=C1I)NC(=O)CCCCC(=O)NC2=C(I)C=C(I)C(=C2I)C(O)=O,-3.39
8513,CC(C)CC(NC(=O)CC(O)C(CC1CCCCC1)NC(=O)C(CC2=C[NH]C=N2)NC(=O)C(CC3=CC=CC=C3)NC(=O)OC(C)(C)C)C(=O)NCC4=CC=CC(=C4)CN,-4.7
8514,CC(C)CC(NC(=O)C(CC1=C[NH]C=N1)NC(=O)C(CC2=CC=CC=C2)NC(=O)OC(C)(C)C)C(O)CC(=O)NC(CC(C)C)C(=O)NC(C(O)=O)C3=CC=CC=C3,-3.13
8515,CCC(C)C1NC(=O)C(CC2=CC=CC=C2)NC(=O)C3CCCN3C(=O)C(CC4=CC=CC=C4)N(C)C(=O)C5CCCCN5C(=O)C6CCCCN6C1=O,-5.57
8516,CC(C)CC(NC(=O)C(CC1=C[NH]C=N1)NC(=O)C(CC2=CC=CC=C2)NC(=O)OC(C)(C)C)C(O)CC(=O)NC(CC(C)C)C(=O)NC(CC3=CC(=CC=C3)CN)C(O)=O,-2.82
8517,CCC(C)C1NC(=O)C(CC2=C[NH]C3=C2C=CC=C3)NC(=O)C4CCCN4C(=O)C(CC5=C[NH]C=N5)NC(=O)C6CCCCN6C(=O)C7CCCCN7C1=O,-2.58
8518,CCC(C)C1NC(=O)C(CC2=CC=CC=C2)NC(=O)C3CCCN3C(=O)C(CC4=CC=CC=C4)N(C)C(=O)C(CCCN)NC(=O)C5CCC=NN5C1=O,-2.7
8519,CCC(C)C1NC(=O)C(CC2=CC3=C(C=CC=C3)C=C2)NC(=O)C4CCCN4C(=O)C(CC5=C[NH]C=N5)NC(=O)C6CCCCN6C(=O)C7CCCCN7C1=O,-3.98
8520,CCC(C)C1NC(=O)C(CC2=C[NH]C3=C2C=CC=C3)NC(=O)C4CCCN4C(=O)C(CC5=CC=CC=C5)N(C)C(=O)C6CNCCN6C(=O)C7CCCCN7C1=O,-2.75
8521,CCC(C)C1NC(=O)C(CC2=C[NH]C3=C2C=CC=C3)NC(=O)C4CCCN4C(=O)C(CC5=C[NH]C=N5)NC(=O)C6CCCCN6C(=O)C7CCC=NN7C1=O,-2.6
8522,CCC(C)C1NC(=O)C(CC2=CC=CC=C2)NC(=O)C3CCCN3C(=O)C(CC4=CC=CC=C4)N(C)C(=O)C5CCC=NN5C(=O)C6CCC=NN6C1=O,-4.04
8523,CCCCCCCCCCCC,-6.41
8524,CCCCCCCCCCCCCC,-7.456
8525,BrC=C,-1.275
8526,CCOC=C,-0.858
8527,CO[P](=O)(OC)OC=C(Cl)Cl,-1.344
8528,[Cl-].C[N+](C)(C)CCCl,0.799
8529,CCO[P](=S)(OCC)O\N=C(C#N)\c1ccccc1,-4.63
8530,CSC1=NN=C(C(=O)N1N)C(C)(C)C,-2.245
8531,CCN(CC)c1nc(C)cc(O[P](=S)(OC)OC)n1,-4.133
8532,CCO[P](=O)(OCC)SCN1N=Nc2ccccc2C1=O,-1.993
8533,COC(=O)C(C)Oc1ccc(Oc2ccc(Cl)cc2Cl)cc1,-3.834
8534,CC1(C)[C@@H](C=C(Cl)Cl)[C@H]1C(=O)OCc2cccc(Oc3ccccc3)c2,-6.99
8535,COC(=O)c1ccccc1[S](=O)(=O)NC(=O)Nc2nc(C)nc(OC)n2,-1.604
8536,FC(F)(F)c1ccccc1,-2.511
8537,CNC,1.558
8538,Oc1ccc(cc1[N+]([O-])=O)C(F)(F)F,-2.503
8539,OC(=O)C(Cl)(Cl)Cl,0.519
8540,CCC(=O)c1ccc(O)cc1,-2.639
8541,CCCCCCCCCCCCN1CCCC1=O,-4.67
8542,CCCCCCCCCCCCN1CC(CC1=O)C(O)=O,-3.2230000000000003
8543,CN1CC(CC1=O)C(O)=O,-0.954
8544,COC(=O)C1CN(C)C(=O)C1,0.804
8545,CCCCCCN1CC(CC1=O)C(=O)OC,-1.246
8546,CCc1ccccn1,0.501
8547,Cc1cccc(C)n1,0.447
8548,[O-][N+](=O)c1nccn1CC(=O)NCc2ccccc2,-2.813
8549,CNc1cccc2C(=O)c3ccccc3C(=O)c12,-6.3
8550,Nc1ccc(N)c2C(=O)c3ccccc3C(=O)c12,-5.859
8551,COc1cc(N)c2C(=O)c3ccccc3C(=O)c2c1N,-5.746
8552,CCN(CCO)c1ccc(cc1)N=Nc2ccc(cc2)[N+]([O-])=O,-6.292999999999999
8553,Cc1cc(ccc1N=Nc2ccc(cc2Cl)[N+]([O-])=O)N(CCO)CCO,-6.57
8554,[O-][N+](=O)c1cc(ccc1Nc2ccccc2)[S](=O)(=O)Nc3ccccc3,-6.269
8555,OCCN(CCC#N)c1ccc(cc1)N=Nc2ccc(cc2Cl)[N+]([O-])=O,-6.13
8556,Oc1ccc2cc(O)ccc2c1,-2.205
8557,CC1=C(O)C(=O)C=CO1,-1.063
8558,OCC(O)C1OC(=C(O)C1=O)O,0.2769999999999999
8559,CN1[C@@H]2CC(C[C@H]1C3OC23)OC(=O)[C@H](CO)c4ccccc4,-0.504
8560,C[C@]12CC[C@@H](O)C[C@@H]1CC[C@@H]3[C@@H]2CC[C@@]4(C)[C@H]3CCC4=O,-4.402
8561,C[C@]12CC[C@H]3[C@@H](CC=C4C[C@@H](O)CC[C@]34C)[C@@H]1CCC2=O,-4.122
8562,NC(Cc1c[nH]c2ccc(O)cc12)C(O)=O,-1.3430000000000002
8563,OCC(O)C=O,-0.489
8564,OC(=O)CCCCC1SCC2NC(=O)NC12,-3.0460000000000003
8565,CCO[S](C)(=O)=O,0.402
8566,OC(=O)CC(S)C(O)=O,0.522
8567,CCC(=O)c1ccc(N)cc1,-2.627
8568,ClC=C,-1.36
8569,FC=C,-0.276
8570,FC(F)(F)C(F)(F)Cl,-3.411
8571,FC(F)(F)C(F)(F)C(F)(F)F,-4.518
8572,OC1CC(O)(CC(O)C1O)C(O)=O,0.179
8573,CC(C)CBr,-2.432
8574,CCC(C)C,-3.1630000000000003
8575,CC(C)[N+]([O-])=O,-0.615
8576,Nc1ccc(cc1)[S](=O)(=O)c2ccc(NCCO)cc2,-2.597
8577,CC(C)(O)C1CCC(C)(O)CC1,-1.634
8578,CCC(C(CC)c1ccc(O)cc1)c2ccc(O)cc2,-4.353
8579,C/C=C(c1ccc(O)cc1)/C(=C/C)c2ccc(O)cc2,-4.948
8580,OC(=O)c1cccc(c1O)[N+]([O-])=O,-2.149
8581,Nc1ccc2ccccc2c1N=Nc3ccccc3,-5.916
8582,CN1C2CCC1CC(C2)OC(=O)C(O)c3ccccc3,-1.44
8583,OC1C(O)C(O)C(O)C(O)C1O,-0.1
8584,[O-][N+](=O)c1cc(c(Cl)c(c1)[N+]([O-])=O)[N+]([O-])=O,-2.669
8585,OC(=O)c1cc(C(O)=O)c(cc1C(O)=O)C(O)=O,-1.259
8586,O=C(/C=C/C=C/c1ccc2OCOc2c1)N3CCCCC3,-3.853
8587,ClCC(Br)CBr,-2.374
8588,OC(CCl)CCl,-0.115
8589,ClC(Cl)(Cl)c1ccccc1,-3.567
8590,OC(=O)CC(CC(O)=O)C(O)=O,0.275
8591,C(OCc1ccccc1)c2ccccc2,-3.695
8592,OC(=O)/C=C/c1[nH]cnc1,-1.964
8593,CCCOC(=O)CCC,-1.905
8594,CCCC(C)C,-3.74
8595,CC(C)CC(O)CC(C)C,-2.1590000000000003
8596,NC(=S)NCC=C,-0.294
8597,C=COC=C,-1.261
8598,NCCNCCNCCN,0.835
8599,NCCNCCNCCNCCN,0.723
8600,CC[S](=O)(=O)C(C)(C)[S](=O)(=O)CC,-1.927
8601,FC1(F)C(F)(F)C(F)(F)C1(F)F,-3.638
8602,COC1=CC=C2[C@H]3Cc4ccc(OC)c5O[C@@H]1[C@]2(CCN3C)c45,-2.661
8603,COc1ccc(cc1[N+]([O-])=O)[N+]([O-])=O,-3.107
8604,FC(Br)C(F)(F)F,-1.901
8605,CC(=O)C1C(=O)C=C2Oc3c(C(C)=O)c(O)c(C)c(O)c3C2(C)C1=O,-3.537
8606,OCC(CO)(CO)[N+]([O-])=O,0.821
8607,COc1ccc(C(=O)Cc2c(CCN(C)C)cc3OCOc3c2OC)c(C(O)=O)c1OC,-2.535
8608,CC(=O)[C@H]1CC[C@H]2[C@@H]3CC=C4C[C@@H](O)CC[C@]4(C)[C@H]3CC[C@]12C,-4.652
8609,Fc1ccccc1F,-2.0
8610,FC(F)(F)COC=C,-1.4780000000000002
8611,CC1OC(O[C@H]2CC[C@]3(C)[C@H]4CC[C@]5(C)[C@H](CC[C@]5(O)[C@@H]4CCC3=C2)C6=COC(=O)C=C6)C(O)C(O)C1O,-3.955
8612,O=C1C=CC=C2[C@@H]3CNC[C@H](C3)CN12,0.363
8613,C\C(=C/C(O)=O)C(O)=O,-0.6940000000000001
8614,O[S](=O)(=O)C[S](O)(=O)=O,0.754
8615,CC(C)(C)Cl,-1.507
8616,CCOC(=O)C(O)(c1ccc(Cl)cc1)c2ccc(Cl)cc2,-4.512
8617,CC(C)CCl,-2.0
8618,Oc1cc(O)c(c(O)c1)C(=O)c2ccc(O)c(O)c2,-1.72
8619,CC(=O)C1C(=O)OC(=CC1=O)C,-1.226
8620,COC1=C(C#N)C(=O)N(C)C=C1,-1.784
8621,OC[C@H](O)[C@@H](O)C(O)[C@H](O)[C@H](O)CO,-0.517
8622,CC(=O)c1ccc(O[C@@H]2O[C@H](CO)[C@@H](O)[C@H](O)[C@H]2O)cc1,-1.1740000000000002
8623,CC(C)(C)c1sc(N[S](=O)(=O)c2ccc(N)cc2)nn1,-3.74
8624,CCc1cccnc1,0.5379999999999999
8625,CN1C2CCC1CC(C2)OC(=O)c3ccccc3,-2.369
8626,CCOC(=O)NCC(C)C,-0.768
8627,CCCCCOC(=O)CCC,-2.467
8628,CC(=O)NCC(O)=O,-0.649
8629,COC(=O)C1=CO[C@@H](O[C@@H]2O[C@H](CO)[C@@H](O)[C@H](O)[C@H]2O)[C@@H]3[C@@H](C)CC(=O)[C@H]13,-0.265
8630,OC(=O)c1cccc(C(O)=O)c1C(O)=O,-0.8370000000000001
8631,CCCOC(=O)CN1C=C(I)C(=O)C(=C1)I,-3.504
8632,Brc1ccc(I)cc1,-4.452
8633,CC1=CCC(=O)O1,-0.293
8634,CC(C)C(C)(C)O,-0.411
8635,CC(C)(C)C(C)(C)O,-0.723
8636,CC(=O)O[C@@]1(CC[C@H]2[C@@H]3C=C(C)C4=CC(=O)CC[C@]4(C)[C@H]3CC[C@]12C)C(C)=O,-5.284
8637,CC(C)(C(O)=O)C(O)=O,-0.1669999999999999
8638,CC(C)(CC(O)=O)C(O)=O,-0.32
8639,CCCC(C)(O)CC,-1.001
8640,COc1c(cc(cc1[N+]([O-])=O)[N+]([O-])=O)[N+]([O-])=O,-3.085
8641,O=C1C=CNc2ccccc12,-1.481
8642,O=C(NC(=O)c1ccccc1)c2ccccc2,-2.273
8643,Ic1ccccc1I,-4.217
8644,CC[NH+](C)CC,0.713
8645,CCCCC(O)CCCC,-2.49
8646,CCCC(C)Cl,-2.63
8647,Ic1cccc(I)c1,-4.518
8648,CCCCCCCC(C)O,-2.744
8649,OC(=O)c1ccnc(C(O)=O)c1C(O)=O,-1.245
8650,Clc1ccccc1Br,-3.2030000000000003
8651,OC(=O)CC(Br)C(O)=O,-0.215
8652,[O-][N+](=O)c1ccc(Nc2ccccc2)c(c1)[N+]([O-])=O,-3.834
8653,CCOc1ccc(N[S](=O)(=O)c2ccc(N)cc2)nn1,-2.427
8654,CC(C)c1ccc2ccccc2c1,-5.297999999999999
8655,CC12CCC3C(CCC4CC5SC5CC34C)C1CCC2O,-5.407
8656,C#CCCCC#C,-1.747
8657,CC(C)CCCCCCO,-2.487
8658,OC(=O)C1(O)c2ccccc2c3ccc(Cl)cc13,-4.1610000000000005
8659,CC(=C)[C@@H]1[C@H]2OC(=O)[C@@H]1[C@]3(O)[C@H]4O[C@H]4[C@]5(CO5)[C@]3(C)[C@@H]2O,-1.19
8660,CC(=O)Nc1ccc(N\N=C\2C=C(C)C=CC2=O)cc1,-5.358
8661,CCCCCCCC#C,-4.093999999999999
8662,CC(=C)C1(O)[C@H]2OC(=O)[C@@H]1[C@]3(O)[C@H]4O[C@H]4[C@]5(CO5)[C@]3(C)[C@@H]2O,-1.42
8663,CCCCCC(O)CCC,-2.591
8664,C\C(Cl)=C/C(O)=O,-0.605
8665,CC(C)=C[C@@H]1[C@@H](C(=O)OCN2C(=O)C3=C(CCCC3)C2=O)C1(C)C,-4.8580000000000005
8666,C[C@H]([C@H](C)C([O-])=O)C([O-])=O,-0.688
8667,COC(=O)Nc1cccc(OC(=O)Nc2cccc(C)c2)c1,-4.779
8668,CCCC(CC)(CC)CO,-2.419
8669,CN1CC[C@]23[C@H]4Oc5c(OCc6ccccc6)ccc(C[C@@H]1[C@@H]2C=C[C@@H]4O)c35,-2.9730000000000003
8670,OCC(O)[C@H]1OC2O[C@@H](O[C@@H]2[C@H]1O)C(Cl)(Cl)Cl,-1.843
8671,CC(C)OC(=O)C(O)(c1ccc(Br)cc1)c2ccc(Br)cc2,-4.933
8672,CCCCOCN(C(=O)CCl)c1c(CC)cccc1CC,-4.1930000000000005
8673,CCCCC1=C(C)NC(=NC1=O)NCC,-3.02
8674,CCNc1nc(NC(C)CC)nc(OC)n1,-2.575
8675,CC(Cl)=CCl,-1.614
8676,OC(=O)c1cccc(Cl)c1C(O)=O,-0.976
8677,CNC(=O)N(C)c1sc(nn1)C(C)(C)C,-1.997
8678,CCO[P](=S)(NC(C)CC)Oc1cc(C)ccc1[N+]([O-])=O,-4.814
8679,CC\1=C(CC(O)=O)c2cc(F)ccc2C1=C\c3ccc(cc3)[S](C)=O,-4.552
8680,COC(=O)[C@@H]1C2CC(C=C2)[C@@H]1C(=O)OC,-1.202
8681,CCOC(=O)\C=C(C)\C=C\CC(C)CCCC(C)C,-5.693
8682,CC(C)OC(=O)[C@H](C)N(C(=O)c1ccccc1)c2ccc(F)c(Cl)c2,-4.561
8683,CCN(Cc1c(F)cccc1Cl)c2c(cc(cc2[N+]([O-])=O)C(F)(F)F)[N+]([O-])=O,-6.625
8684,Nc1nc(N)nc(NC2CC2)n1,-1.179
8685,CCOC(=O)C(C)Oc1cccc(Oc2sc3cc(Cl)ccc3n2)c1,-5.674
8686,C1CCCC1,-2.64
8687,CCC(C)(C)C,-3.55
8688,C1CCCCC1,-3.1
8689,CCC=CC,-2.54
8690,CCCCC=CC,-3.82
8691,CCCCC#C,-2.36
8692,c1cc(C)cc(C)c1C,-3.31
8693,c1cc(CC)ccc1CC,-3.75
8694,c1cc(C)ccc1C(C)C,-3.77
8695,c1ccccc1Cc2ccccc2,-4.17
8696,c(c(c(c1ccc2)c2)ccc3)(c3)C1,-4.91
8697,c1ccc2c(C)cccc2c1C,-4.74
8698,Cc1c(C)cc2ccccc2c1,-4.72
8699,c1ccc2cccc3c2c1CC3,-4.63
8700,c(c(c(c(c1ccc2)c2)C)ccc3)(c3)c1,-5.89
8701,ClCCl,-0.63
8702,ClC(Br)Cl,-1.54
8703,ClC(Br)Br,-1.9
8704,BrCCBr,-1.68
8705,CCCI,-2.29
8706,CCCCCl,-2.03
8707,CC(C)(Cl)C(Cl)C,-2.69
8708,ClC=CCl,-1.3
8709,IC=CI,-3.22
8710,ClC=C(Cl)Cl,-1.96
8711,ClC(=C(C=C(Cl)Cl)Cl)Cl,-4.23
8712,c1ccccc1c2cc(Cl)ccc2,-4.88
8713,c1ccccc1c2c(Cl)cccc2Cl,-5.21
8714,c1ccccc1c2c(Cl)cc(Cl)c(Cl)c2,-6.27
8715,c1c(Cl)c(Cl)cc(Cl)c1c2c(Cl)cc(Cl)c(Cl)c2,-8.56
8716,Clc1c(Cl)cc(Cl)cc1c2c(Cl)cc(Cl)cc2Cl,-8.71
8717,OCC(C)C,0.04
8718,OCC(CCC)C,-1.11
8719,CCC(C)(C)CO,-1.04
8720,OCC(CC)CC,-1.17
8721,CC(O)(C)C(C)CC,-0.89
8722,OC(CC)(CC)CC,-0.85
8723,CCC=O,0.58
8724,CCCCC=O,-0.85
8725,O=CCCCCC,-1.3
8726,O=CC=CC,0.32
8727,O=C(CC)C,0.52
8728,O=C(CCC)C,-0.19
8729,O=C(CCCC)C,-0.8
8730,O=C(C=C)CCC,-0.83
8731,O=C(O)CCCCCCC,-2.3
8732,O=C(O)C=CC=CC,-1.77
8733,O=C(O)Cc(cccc1)c1,-0.89
8734,O=C(OC(C1C(C2(CC(O)(C3=C)CC4)C3)C(=O)O)(C24)C=CC5O)C15C,-1.84
8735,O=COCCC,-0.49
8736,O=C(OCCC)C,-0.72
8737,O=C(OCC)CC(=O)OCC,-0.82
8738,O=C(OC)C=C,-0.22
8739,O=C(OCC)C=C,-0.74
8740,O=C(OC)C(=C)C,-0.8
8741,O=C(OCC)c(c(ccc1)C(=O)OCC)c1,-2.35
8742,O=C(OCc(cccc1)c1)c(c(ccc2)C(=O)OCCCC)c2,-5.64
8743,CCOCCOCC,-0.77
8744,c1ccccc1Oc2ccccc2,-3.96
8745,Cc1cccc(c1)Oc2cccc(c2)C,-4.85
8746,O(CCC1)C1,0.56
8747,O1C=CC=C1,-0.82
8748,O1CC(O)C(O)C(O)C1(O)CO,0.64
8749,O=C(OC(C(C(C(C(C(C(=CC(=O)C1)C2)(C1)C)C3)C2SC(=O)C)C4)(C3)C)(C4)C5)C5,-4.28
8750,CC(=O)C3(O)CCC4C2CCC1=CC(=O)CCC1(C)C2CCC34C,-4.71
8751,C1=CC(=O)C=C2CCC3C4CC(C)C(O)(C(=O)CO)C4(C)CC(O)C3(F)C12C,-3.77
8752,O=C(O)c(ccc(O)c1)c1,-1.41
8753,O=C(O)c(c(ccc1)Cl)c1,-1.89
8754,ClCCOCCCl,-1.12
8755,CCCCCCCN,-1.85
8756,c1ccccc1CN,-1.53
8757,Nc(ccc(c(ccc(N)c1)c1)c2)c2,-2.7
8758,N(N)c(cccc1)c1,0.07
8759,c1ccccn1,0.76
8760,n(cccc1C(N(CC2)C)C2)c1,0.79
8761,COC(=O)C1C(CC2CCC1N2C)OC(=O)c3ccccc3,-2.23
8762,Oc(ccc(C(=C(c(ccc(O)c1)c1)CC)CC)c2)c2,-4.35
8763,O=C(N(c(c(C1(C(N(C2)CC(C3C4C5OC6)=C6)C3)C2)ccc7)c7)C14)C5,-3.32
8764,c1ccccc1C2(CC=C)C(=O)NC(=O)NC2=O,-2.18
8765,OC(c(cccc1)c1)C(NC)C,-0.42
8766,o1c(N(=O)(=O))ccc1C=NO,-2.19
8767,C1=CC(=O)NC(=O)N1,-1.48
8768,N(CCC1)C1,1.15
8769,N(CCCC1)(C1)C,0.23
8770,Oc(ccc(N)c1)c1,-0.8
8771,O=C(Nc(cccc1)c1)C,-1.33
8772,COc1ccc2CC5C3C=CC(O)C4Oc1c2C34CCN5C,-1.52
8773,CCCN(=O)=O,-0.8
8774,O=N(=O)c(cccc1)c1,-1.8
8775,NC(=N)NCC(=O)O,-1.51
8776,O=P(Oc1ccc(O)cc1C)(Oc2cc(O)ccc2C)Oc3c(O)cccc3C,-6.7
8777,COP(=S)(OC)SCN2C(=O)c1ccccc1C2=O,-4.1
8778,O=P(SCCCC)(SCCCC)SCCCC,-5.14
8779,O=C(O)CCC(C(C(C(C(C(C(C(C1)CC(O)C2)(C2)C)C3)C1)C4)(C3O)C)C4)C,-3.95
8780,s1c(N)ncc1,-0.36
8781,N#CCCCl,-0.29
8782,N#CCC=CC,-0.96
8783,O=C(Nc(ccc(N)c1)c1)C,-0.98
8784,O=C(Nc(ccc(c1)Br)c1)C,-3.08
8785,O=C(Nc(ccc(c1)F)c1)C,-1.78
8786,O=C(Nc(ccc(c1)I)c1)C,-3.25
8787,O=C(Nc(ccc(c1)OC)c1)C,-1.3
8788,CCCCOc2cc(C(=O)NCCN(CC)CC)c1ccccc1n2,-3.7
8789,CN(C)CCC=C2c1ccccc1COc3ccccc23,-3.4
8790,O=C(NC1C2C3CCCC3C(C1)C2)N(C)C,-3.01
8791,CC(=O)OC3(CCC4C2CCC1=CC(=O)CCC1C2CCC34C)C#C,-4.79
8792,Oc1c(I)cc(C#N)cc1I,-3.61
8793,CN(C)C2C1CC4C(=C(O)C1(O)C(=O)C(=C2O)C(N)=O)C(=O)c3c(O)cccc3C4(C)O,-3.12
8794,CN(C)C(=O)C(c1ccccc1)c2ccccc2,-2.98
8795,O=C(OCC)C=Cc(cccc1)c1,-3.0
8796,CCCCCCOC(=O)c1ccc(N)cc1,-3.95
8797,c1cc(N)ccc1C(=O)OCCNCCCCC,-3.27
8798,c1c(N(=O)(=O))cc2C(c3ccccc3)=NCC(=O)N(C)c2c1,-3.8
8799,c1cc(OCCCC)ccc1C(=O)OCCN(CC)CC,-3.84
8800,n(c(N(Cc(cccc1)c1)CCN(C)C)ccc2)c2,-2.64
8801,C1C(=O)C=C2C(C)=CC3C4CCC(C(=O)C)(OC(=O)C)C4(C)CCC3C2(C)C1,-5.35
8802,c1c(Cl)c(Cl)cc(O)c1OC,-2.53
8803,O=C(NC(=O)C1=O)N1,-0.4
8804,O=C(NC(=O)C)N,-0.9
8805,O=C(NC(=O)C(=O)C1=O)N1,-1.25
8806,ClCCS(=O)(=O)CCl,-1.5
8807,C1(=O)NC(=O)NC(C(=O)O)=C1,-1.93
8808,CCC1NC(=O)NC1(=O),-0.06
8809,c1c(Cl)c(Cl)c2nsnc2c1Cl,-4.98
8810,c1c(Cl)nc2cncnc2n1,-0.87
8811,c1c(S)nc2cncnc2n1,-2.71
8812,O=C(O)C=CC(N=CN1)=C1,-1.96
8813,C=CCS(=O)SCC=C,-0.83
8814,NC(=O)OCCCCC,-1.47
8815,NC(=O)OCC(C)(C)C,-0.8
8816,OCC(O)C(O)C(O)C(O)CO,1.09
8817,c1c(C)nc2cncnc2n1,0.06
8818,c1cnc2c(SC)ncnc2n1,-1.76
8819,O=Cc(c(O)ccc1)c1,-0.86
8820,O=C(N)c(c(O)ccc1)c1,-1.76
8821,c1ccccc1NC(=O)NN,-2.33
8822,C1CCCC(C)C1=O,-0.94
8823,NC(=O)OCCCCCC,-1.92
8824,C1CCCCC1OC(=O)C,-1.67
8825,c1ccc(N)cc1C(=O)C,-1.28
8826,O(C(OC(C1O)C(O)CO)C1O2)C2C(Cl)(Cl)Cl,-1.84
8827,CCN(CC)C(=S)SCC(Cl)=C,-3.39
8828,CCCCC(=O)CC(=O)C,-1.56
8829,CC(=O)C(CCC)C(=O)C,-0.88
8830,CC(C)(C)C(=O)CC(=O)C,-1.63
8831,NC(=O)OCCCCCCC,-2.62
8832,CN2C(=O)ON(c1ccc(Cl)c(Cl)c1)C2=O,-2.82
8833,OC(=O)CC(C)(C(=O)O)C(C)(C)C(=O)O,-0.29
8834,C1C(N2C)CC(O)C(C(=O)O)C2C1,-0.02
8835,O=C(ON=C(C(C)(C)C)CSC)NC,-1.62
8836,CCCCCCCCOC(=O)N,-3.3
8837,ClC1=C(Cl)C(Cl)(C2(Cl)Cl)C3CC=CC3C12Cl,-5.64
8838,OC1C=CC2C1C3(Cl)C(=C(Cl)C2(Cl)C3(Cl)Cl)Cl,-5.46
8839,c1cc(N)ccc1S(=O)(=O)Nc2cnccn2,-3.7
8840,CNC(=O)ON=C1C(C2)C(C#N)CC2C1Cl,-2.08
8841,O(c(ccc(c1)C=CC)c1)C,-3.13
8842,O=C(N(C(=O)C(N(C=N1)CC(O)CO)=C12)C)N2C,-0.17
8843,O=CC=C(CCC=C(C)C)C,-2.06
8844,O=C1C(C)CCC(C(C)=C)C1,-2.18
8845,O=C(O)C(C(C(C(=O)O)C1)(C)C)(C1)C,-1.42
8846,c1ccc2C(O)N3CCC(O)C3=Nc2c1,-2.07
8847,O=S(=O)(Nc(nccc1)c1)c(ccc(N)c2)c2,-2.7
8848,O=S(=O)(Nc(onc1C)c1C)c(ccc(N)c2)c2,-2.91
8849,C1=CC(=O)N2CC(C3)CNCC3C2=C1,0.36
8850,CNC(=O)Oc1cccc(N=CN(C)C)c1,-2.34
8851,CCOP(=S)(OCC)Oc1ccc(cc1)S(C)=O,-2.3
8852,CCNC(=O)C(C)OC(=O)Nc1ccccc1,-1.83
8853,c1cc(N)ccc1S(=O)(=O)N(C(=O)C)c2onc(C)c2C,-3.59
8854,CC(=O)Oc1c(N(=O)(=O))c(C)c(N(=O)(=O))cc1C(C)(C)C,-4.47
8855,O=C(OC)CCCCCCCCCCC,-4.69
8856,c1ccc2C(=O)N=C(c3ccccc3)Oc2c1,-4.61
8857,Oc1ccc2Oc3cc(OC)cc(O)c3C(=O)c2c1,-2.93
8858,N(c(c(S1)cc(c2)C)c2)=C1c(ccc(N)c3)c3,-3.68
8859,OC(c(cccc1)c1)Cc(cccc2)c2,-2.52
8860,COc2ccc(CC1NCC(O)C1OC(C)=O)cc2,-1.61
8861,NC(Cc2cc(I)c(Oc1ccc(O)c(I)c1)c(I)c2)C(O)=O,-5.22
8862,O=C(OC(C(C(C=CC1=O)(CC2)C)=C1C)C23)C3C,-3.09
8863,O=C(NC(CCCC1)C1)NS(=O)(=O)c(ccc(c2)C(=O)C)c2,-2.06
8864,C1CCN2CC(C3)C4CCCCN4CC3C2C1,-1.89
8865,CN(C)CCCN2c1ccccc1Sc3ccc(C(F)(F)F)cc23,-5.3
8866,O=C(N(CCCC1)C1)C=CC=Cc(ccc(OCO2)c23)c3,-3.46
8867,C1CCC(CC1)[Sn](C2CCCCC2)C3CCCCC3.O,-5.59
8868,OC(c(c(c(nc1)ccc2)c2)c1)C(N(CCC3C4C=C)C4)C3,-3.07
8869,c1ccc2Sc3ccccc3N(CC4CN(C)CCC4)c2c1,-4.74
8870,O=C1C2(C(C3CCC4C(C3CC2)(C)CCCC4)CC1)C,-6.7
8871,C1C(O)CC2CCC3C4CCC(=O)C4(C)CCC3C2(C)C1,-4.4
8872,COC(C)(C)CCCC(C)CC=CC(C)=CC(=O)OC(C)C,-5.19
8873,c1ccc2N(C)C3C4CC5C(CC)C(O)N4C(C56)CC3(C6O)c2c1,-2.82
8874,c1c(OC)cc2c(CC(=O)O)c(C)n(C(=O)C=Cc3ccccc3)c2c1,-5.54
8875,CC1(C)C(C=C(Cl)Cl)C1C(=O)OCc3cccc(Oc2ccccc2)c3,-6.29
8876,c1cc(O)c2C(=O)C3=C(O)C4(O)C(=O)C(C(=O)N)=C(O)C(N(C)C)C4CC3C(O)c2c1Cl,-2.52
8877,c1ccc2Sc3ccc(C(#N))cc3N(CCCN4CCC(O)CC4)c2c1,-3.98
8878,C1C(=O)C=C2CCC3C4CCC(C(=O)CO)C4(C5O)CC(O5)C3C2(C)C1,-3.85
8879,C1C(O)CC2=CCC3C4CCC(C(=O)C)C4(C)CCC3C2(C)C1,-4.65
8880,O=C(N)C(=C(O)C(N(C)C)C(C1(O)C(O)=C(C2C(O)(c(c3c(O)cc4)c4Cl)C)C3=O)C2)C1=O,-2.88
8881,COc2ccc1C(OC(=O)c1c2OC)C4N(C)CCc5cc3OCOc3c(OC)c45,-3.14
8882,CC3C2C(O)C1C(N(C)C)C(=C(C(N)=O)C(=O)C1(O)C(=C2C(=O)c4c(O)cccc34)O)O,-2.87
8883,CC(C)=CC3C(C(=O)OCc2cccc(Oc1ccccc1)c2)C3(C)C,-5.24
8884,CC(=O)OCCN4CCN(CCCN2c1ccccc1Sc3ccc(Cl)cc23)CC4,-4.7
8885,O=C(NCC(=O)O)CCC(C(C(C(C(C(C(C(C1)CC(O)C2)(C2)C)C3)C1O)C4)(C3O)C)C4)C,-5.15
8886,c12C(=O)C3=C(O)C4(O)C(=O)C=C(O)C(N(C)C)C4CC3C(O)(C)c1cccc2,-1.42
8887,O1C(C)C(O)C(N)C(O)C1OC2C=CC=CC=CC=CCC(C)OC(=O)C=CC(O3)C3CC(O)CC4(O)OC(C(C(=O)O)C(O)C4)C2,-3.21
8888,c1ccccc1CC,-2.77
8889,c(c(cc(c1ccc2)c2)cc(c3ccc4)c4)(c1)c3,-8.6
8890,c1ccc2ccc3nccnc3c2c1,-2.68
8891,ClC(Cl)(Cl)Cl,-2.31
8892,BrC=CBr,-1.32
8893,c1c(Cl)c(Cl)c(Cl)c(Cl)c1Cl,-5.65
8894,c1ccccc1c2ccc(Cl)cc2,-5.2
8895,c1cccc(Cl)c1c2c(Cl)ccc(Cl)c2,-6.02
8896,c1c(Cl)ccc(Cl)c1c2c(Cl)cccc2Cl,-6.8
8897,CC(C)C(C)CO,-0.39
8898,O=C(O)C=Cc(cccc1)c1,-2.48
8899,O=C(OCC)CC,-0.66
8900,c1ccccc1OC,-1.85
8901,CCCCOCCO,-0.42
8902,C1C(=O)C=C2CCC3C4CCC(C(=O)CO)C4(C)CCC3C2(C)C1,-3.75
8903,CC12CC(O)C3(F)C(CCC4=CC(=O)CCC43C)C2CCC1(O)C(=O)CO,-3.43
8904,O=C(O)c(c(O)ccc1)c1,-1.82
8905,O=C(O)c(ccc(c1)Cl)c1,-3.31
8906,CCCCCCN,-1.1
8907,CCCCCCCCN,-2.75
8908,CC1CC(C)C(=O)C(C1)C(O)CC2CC(=O)NC(=O)C2,-1.13
8909,O=C(O)c(ccc(N(=O)=O)c1)c1,-2.8
8910,COP(=S)(OC)Oc1ccc(N(=O)=O)c(C)c1,-4.04
8911,O=C(Nc(ccc(c1)Cl)c1)C,-2.84
8912,O=C(Nc(ccc(c1)N(=O)=O)c1)C,-2.69
8913,CC(C)N(C(C)C)C(=O)SCC(Cl)=CCl,-4.08
8914,N(C(CCC1)CC)C1,-1.5
8915,Clc1c(Cl)c(Cl)c(Cl)c(O)c1OC,-4.02
8916,O=C(O)C(N)CC(=O)N,-0.74
8917,c1c(SC)nc2cncnc2n1,-1.55
8918,CC(C)CC(=O)CC(=O)C,-1.6
8919,O=C(C(CC1C2)(C2)C)C1(C)C,-1.85
8920,O=C(C(CCC1C)C(C)C)C1,-2.49
8921,C1=CC(C2)C(C(=O)OC)C(C(=O)OC)C12,-1.2
8922,c1ccccc1S(=O)(=O)NC(=O)NCCCC,-3.05
8923,O=C1C=CC(c2cc(ccc2O)O)(C=C1)O,-1.73
8924,CCCCN(CC)c1c(cc(cc1N(=O)=O)C(F)(F)F)N(=O)=O,-5.53
8925,c1ccccc1C(=O)Oc2ccccc2,-2.85
8926,c1cc(O)ccc1C(C=C)C(C=C)c2ccc(O)cc2,-4.95
8927,c12ccccc1nccc2C(O)C3N(C4)CCC(C4CC)C3,-2.63
8928,C1C(=O)C=C2CCC3C4CCC(O)(C#C)C4(C)CCC3C2(C)C1,-5.66
8929,c1ccc2OC(=O)C(C(C(=O)OCC)C3=C(O)c4ccccc4OC3=O)=C(O)c2c1,-3.66
8930,NCCC(O)C(=O)NC2CC(N)C(OC1OC(CN)C(O)C(O)C1O)C(O)C2OC3OC(CO)C(O)C(N)C3O,-0.5
8931,O=C(OCC)c(ccc(N)c1)c1,-2.32
8932,O=C(Oc(c(ccc1)C(=O)O)c1)C,-1.72
8933,O=C1NC(=O)C(N1)(c2ccccc2)c3ccccc3,-3.99
8934,CCCCCC(O)C=CC1C(O)CC(=O)C1CC=CCCCC(=O)O,-2.47
8935,NC(=O)C1=CN=C2N1CCC1=C(C=CC=C1)C21CCNCC1,-2.43
8936,CC1=C2C=CC=CC2=C(CN2CCOCC2)C2=C1C=CC=C2,-4.4
8937,C1C[N+]2(CC3=CCOC4CC(=O)N5C6C4C3CC2C61C7=CC=CC=C75)O,-1.28
8938,C1=CC=C(C2=NC3N=CN=CC3=N2)C=C1,-3.07
8939,C1=CC2=C(C=C1Cl)NC(=N2)C3=CC=C(O3)[N+](=O)[O-],-4.82
8940,CCOC1=NO[N+](=C1S(=O)(=O)C2=CC=CC=C2)[O-],-4.24
8941,O=C1CC(=O)CC(C2=CC=CC=C2)C1,-2.51
8942,CC1=CC=C(S(=O)(=O)N(Cl)Cl)C=C1,-3.51
8943,O=C(O)COC1=C(Cl)C=C(Cl)C=C1Cl,-3.23
8944,CCC1OC(=O)C2=C1C=CC(C#N)=C2,-2.31
8945,CC1=NC2=C(C=CC=C2)N=C(C)C1,-1.37
8946,CC1=CC2=C(C=C1)S(=O)(=O)C=C2,-2.65
8947,CCCCOC(=O)C1=CC=C(N)C=C1,-3.06
8948,CC1=CC(=O)OC2=C3CCCN4CCCC(=C34)C=C12,-3.89
8949,CC1=CS(=O)(=O)C2=C1C=CC=C2,-2.67
8950,CC1(C)SCC(COC(N)=O)S1,-2.22
8951,NC(=O)OCC1COC2(CCCCC2)O1,-1.89
8952,NC(=O)OCC1CSC2(CCCCC2)S1,-3.52
8953,CC1=CC2=CC3=C(C=C2O1)OC(=O)C=C3C,-5.23
8954,CC1=CC2=CC=CC(O)=C2N=C1C,-3.32
8955,C1=CC2=C(C=C1)C1=C(C=NC=C1)N2,-3.73
8956,O=S(=O)(C1=CC=CC=C1)N(Br)Br,-3.28
8957,NC(=O)OCC1CSC2(CCCCC2)O1,-2.82
8958,CC(C)C1OCC2(CO1)COC(C(C)C)OC2,-3.11
8959,COC1=CC(OC)=CC(OC)=C1,-2.68
8960,O=C(O)CCN1C=CC=CC1=O,-0.6
8961,CC1(C)N=C(C2=CC=CC=C2)NC1=O,-0.85
8962,C1OC2=C(O1)C=C(C(=C2)CO)[N+](=O)[O-],-3.06
8963,C1=CC=C(CNC23OC4C5C6CC(C7C6C4C72)C53)C=C1,-3.4
8964,CC1(C)OC(=O)C2=C1C=CC(C#N)=C2,-2.91
8965,C=CCC1=CC=C2C=NC=NC2=C1O,-3.62
8966,C1=CC2=C(C=C1)SC1=C(C=CC=C1)N2,-5.59
8967,CC1=NC=CC2=C1NC1=C2C=CC=C1,-3.79
8968,CCC1(CC)CCC(=O)NC1=O,-4.53
8969,CCOC(=O)C1=CNC(=S)N=C1,-1.74
8970,O=S1(=O)C2=C(C=CC=C2)C2=C1C=CC=C2,-4.57
8971,CCC1(C)NC(=O)C(C)(CC)NC1=O,-1.92
8972,O=C1C=CC2=NC3=C(C=CC=C3)SC2=C1,-3.72
8973,CC1=CC=C(C2=NC3=C(C=CC=C3)S2)C=C1,-4.35
8974,O=C1C=CC2=C(C=C3OC=CC3=C2)O1,-3.74
8975,CC1=C(O)C(=O)C=CN1C1=CC=CC=C1,-2.03
8976,CC1=CC=C(N2C=CC(=O)C(O)=C2C)C=C1,-3.22
8977,CCCCCCCNC(=O)C1=CN=CC=C1,-3.2
8978,CC1=NC(=O)C(C(N)=O)C(=O)N1,-2.41
8979,O=C1NC(=O)C2=C(N1)NC(=O)N2,-3.62
8980,O=C1NC(=S)C2=C(N1)NC(=O)N2,-4.04
8981,O=C1CNC(=O)C2=C(C=CC=C2)N1,-2.85
8982,CC(=O)NC1=CC2=C(C=C1)COC2=O,-2.6
8983,CN1C2=C(C=CC=C2)C(=O)C2=C1C=CC=C2,-4.46
8984,NC1=NC(=O)NN1C1=CC=CC=C1,-1.7
8985,CC=CCC1(CC=CC)C(=O)NC(=O)NC1=O,-2.2
8986,NC1=NC(=O)N(C2=CC=CC=C2)N1,-2.47
8987,CCC1(CC)C(=O)NC(=S)NC1=O,-2.32
8988,CC1=CC(OC2=CC=CC=N2)=NN1C,-0.98
8989,NC1=NN=C(C2=CC=C(O)C=C2)O1,-0.77
8990,COC(=O)C1=CC2=CC3=C(OC(=O)C=C3C)C(C)=C2O1,-5.16
8991,CC12CC(C)(NC(=O)N1)NC(=O)N2,-2.09
8992,CCC1(CC)NC(=O)C(CC)(CC)NC1=O,-2.31
8993,CC1=C(CC(=O)O)C(=O)NC(=O)N1,-2.31
8994,CCN(CC)S(=O)N(CC)CC,-1.28
8995,CC(C)C(NCCC#N)C(=O)O,-1.12
8996,CCC(C)C(NCCC#N)C(=O)O,-0.98
8997,CC(C(=O)O)N(CCC#N)CCC#N,-0.17
8998,C(CCO[N+](=O)O)CO[N+](=O)O,-1.68
8999,CCCCOP(=O)(OCCCC)OCCCC,-2.85
9000,CC(CCO[N+](=O)O)O[N+](=O)O,-1.66
9001,NCC(=O)NCC(=O)NCC(=O)O,-0.53
9002,CC(CC(C)O[N+](=O)O)O[N+](=O)O,-2.22
9003,C(CCO[N+](=O)O)CCO[N+](=O)O,-2.19
9004,CC(C)CC(C(=O)O)N(CCC#N)CCC#N,-1.14
9005,CC(CCC(C)O[N+](=O)O)O[N+](=O)O,-2.68
9006,CC(O)C(O)C(O)C(O)C=NNC(N)=O,-0.7
9007,NC(CSCCSCC(N)C(=O)O)C(=O)O,-2.85
9008,NC(CSCCCSCC(N)C(=O)O)C(=O)O,-2.49
9009,NC(CSCCCCSCC(N)C(=O)O)C(=O)O,-3.62
9010,NC(CSCCCCCSCC(N)C(=O)O)C(=O)O,-2.91
9011,NC(CSCCCCCCSCC(N)C(=O)O)C(=O)O,-2.77
9012,NC1=C2NC(=O)N=C2NC(=O)N1,-3.46
9013,CC(C)CC(NC(=O)C(C)NC(=O)CN)C(=O)NC(C(=O)O)C(C)C,-2.13
9014,CCCCCCOC(=O)C(C)O,-1.14
9015,CCC(C)C(NC(C)=O)C(=O)O,-0.69
9016,CC(C(C)O[N+](=O)O)O[N+](=O)O,-1.89
9017,CCCCC(NC(N)=O)C(=O)O,-2.16
9018,CSCCC(NC(C)=O)C(=O)O,0.03
9019,O=S(CCCl)CCS(=O)CCCl,-2.04
9020,CC(SSC(C)C(=O)O)C(=O)O,-0.62
9021,CC(C)CC(NC(=O)CN)C(=O)O,-0.43
9022,CCC(SC(CC)C(=O)O)C(=O)O,-0.71
9023,CC(SCSC(C)C(=O)O)C(=O)O,-1.82
9024,CSC(CCC(SC)C(=O)O)C(=O)O,-2.89
9025,CC(C)C(N)C(=O)NC(C(=O)O)C(C)C,-0.4
9026,NC(CSCC(N)C(=O)O)C(=O)O,-2.56
9027,CC(C)CC(N)C(=O)NC(C(=O)O)C(C)C,-0.17
9028,CC(=O)NC(CCC(=O)O)C(=O)O,-0.71
9029,NC(=O)NN=CC(O)C(O)C(O)CO,0.02
9030,CCSC(=S)OC(CC(=O)O)C(=O)O,-1.29
9031,CCOC(=S)SC(CC(N)=O)C(=O)O,-1.7
9032,CCOC(=S)SC(CC(=O)O)C(=O)O,-1.19
9033,CCSC(CCC(SCC)C(=O)O)C(=O)O,-1.36
9034,CC(C)CC(N)C(=O)NC(CC(C)C)C(=O)O,-0.69
9035,NC(CCSSCCC(N)C(=O)O)C(=O)O,-3.12
9036,C=CCSC(CCC(SCC=C)C(=O)O)C(=O)O,-2.2
9037,CC(C)CC(N)C(=O)NCC(=O)NCC(=O)O,0.31
9038,CC(C)CC(Br)C(=O)NC(C)C(=O)NC(C)C(=O)O,-1.43
9039,CC(C)CC(NC(=O)CNC(=O)CN)C(=O)O,-0.11
9040,COC(OC(C)=O)C(OC(C)=O)C(OC(C)=O)C(COC(C)=O)OC(C)=O,-1.82
9041,C1=C(SC(=C1)[N+](=O)[O-])C(=O)NN,-1.97
9042,NS(=O)(=O)C1=NC2=C(C=CC=C2)S1,-2.63
9043,OC(=S)CCCCCCC(O)=S,-2.24
9044,CCCC(=O)NNC(=O)CCC,-1.0
9045,CCN(CC)S(=O)(=O)N(CC)CC,-1.14
9046,CCCCCCCCCCOC(=O)C(C)O,-3.06
9047,NC(=O)NCCCCCC(=O)O,-2.16
9048,OC(=S)CCCCCCCC(O)=S,-2.39
9049,OC(=S)CCCCCCCCC(O)=S,-3.07
9050,COC(=O)C(C#N)C(=O)CC(C)C,-2.73
9051,CCCCC(=O)NNC(=O)CCCC,-2.16
9052,CCOC(=O)CNC(C)=CC(C)=O,-0.59
9053,CC1(C)NC(=O)N(CC2=CC=CC=C2)C1=O,-1.8
9054,CCC(CO[N+](=O)O)O[N+](=O)O,-1.89
9055,CCCCCCCCOC(=O)C(C)OC(C)=O,-3.39
9056,COC1=CC2=C(C=C1)C1=C(N2)C(C)=NC=C1,-4.48
9057,CCCC(C)(COC(N)=O)COC(N)=O,-1.74
9058,CC(C=NNC(N)=O)=NNC(N)=O,-1.95
9059,CCCCS(=O)(=O)NS(=O)(=O)CCCC,-0.76
9060,CC(O)C(=O)NCCCCCCNC(=O)C(C)O,-0.7
9061,C1C2(COP(=O)(O1)OC2)[N+](=O)[O-],-0.81
9062,CCCCCCS(=O)(=O)NS(=O)(=O)CCCCCC,-2.2
9063,CC(=O)OC(OC(C)=O)C(OC(C)=O)OC(C)=O,-2.1
9064,O=C(NCCCCCCNC(=O)OCCO)OCCO,-0.92
9065,CCCCCCOC(=O)CCCCCCCCC(=O)OCCCCCC,-4.57
9066,CCCS(=O)(=O)C(S(=O)(=O)CCC)S(=O)(=O)CCC,-1.95
9067,O=C(NCCCCCCNC(=O)OCCCCO)OCCCCO,-1.93
9068,CCCCS(=O)(=O)C(S(=O)(=O)CCCC)S(=O)(=O)CCCC,-2.97
9069,NC1=NC2=C(N=CC(=O)N2)C(=O)N1,-4.55
9070,CC1=NC2=C(N=CNC2=O)NC1=O,-2.15
9071,O=C(O)C1=CC(N=NC2=CC=C(O)C=C2)=C(Cl)C=C1,-4.08
9072,CC(=NNC(=O)C1=NC=CS1)C(=O)O,-1.93
9073,O=C1C=NC2=C(N1)C(=O)NC(=O)N2,-3.13
9074,O=C(O)C1=CC=CC(N=NC2=CC=C(O)C=C2)=C1,-3.85
9075,O=C(O)C1=C(N=NC2=CC=C(O)C=C2)C=CC=C1,-3.33
9076,CCCCCCCCN(C)N=NC1=CC=C(C(=O)O)C=C1,-3.77
9077,O=C(O)C1=C(N=NC2=CC=C(O)C=C2)C=CC(Cl)=C1,-3.86
9078,CC(=NNC(=O)C1=CC=NC=C1)C(=O)O,-3.31
9079,CN1C(=O)NC2=C1NC(=O)NC2=O,-3.94
9080,COC1=C(OC)C2=C(COC2=O)C(N)=C1,-2.08
9081,O=C(C1=CC=CC=C1)C(F)(F)F,-1.16
9082,C1=CC=C2C(=C1)C=CC=C2[N+](=O)[O-],-3.71
9083,CC1=C(C(=O)CCl)C=C(C(C)C)C(O)=C1,-2.58
9084,OC1=C(Cl)C(Cl)=C(Cl)C(Cl)=C1O,-3.55
9085,COC1=CC=C(C2=CC=CC=C21)[N+](=O)[O-],-4.36
9086,C(CCCO[N+](=O)O)CCCO[N+](=O)O,-3.4
9087,C1C2=CC=CC=C2C3=C1C=C(C=C3)[N+](=O)[O-],-4.72
9088,C(CCCCO[N+](=O)O)CCCO[N+](=O)O,-4.14
9089,COP(=O)(OC)OC(=CCl)C1=C(Cl)C=C(Cl)C(Cl)=C1,-4.52
9090,CCOC(=O)N1CC(C)N(C(N)=O)CC1C,-0.55
9091,C1=CC=C(C=C1)OP(=O)(OC2=CC=CC=C2)OC3=CC=C(C=C3)[N+](=O)[O-],-4.96
9092,O=C1C=CC2=C(O1)C(O)=C1OC=CC1=C2,-3.22
9093,O=C1OC(C2=CC=C(Br)C=C2)C(Br)C1=O,-3.05
9094,O=C1NC(=S)SC1=CC1=CC(O)=C(O)C=C1,-3.34
9095,COC(=O)C1=CC=C(C(=O)O)C=C1,-2.97
9096,C(CCCO[N+](=O)O)CCO[N+](=O)O,-2.77
9097,COC(=O)C1=CC=C(C=C1)[N+](=O)[O-],-3.04
9098,CC12CCC3C4=C(C=C(O)C=C4)CCC3C1CCC2=O,-5.11
9099,NNC(=O)C1=CC2=C(C=C1)OCO2,-0.6
9100,CCN(CC)C1=CC2=C(C=C1)C(C)=CC(=O)O2,-4.0
9101,NC1=C2C=CC=NC2=C(S(=O)(=O)O)C=C1,-2.71
9102,NC1=C(S(=O)(=O)O)C=CC2=C1C=CC=N2,-2.5
9103,COC1=CC=C(Cl)C(OC)=C1O,-1.56
9104,CC1=C(C2=CC=CC=C2C=C1)[N+](=O)[O-],-4.27
9105,CCC1(CCO)C(=O)NC(=S)NC1=O,-1.47
9106,COC1=C2C=COC2=CC2=C1C=CC(=O)O2,-3.6
9107,NC1=CC=C(S(=O)(=O)N=C2CC=CN2)C=C1,-1.69
9108,COC1=C2OC=CC2=CC2=C1OC(=O)C=C2,-3.52
9109,CC1=CC(=O)N(O)C2=C1C1=C(C=CC=C1)C=C2,-4.0
9110,O=C(O)CSC(=S)OCC1=CC=CC=C1,-2.68
9111,CCCCCCCCC(CO[N+](=O)O)O[N+](=O)O,-5.72
9112,CCCC1(CCC)C(=O)NC(=O)NC1=O,-2.53
9113,CC1=NC(=O)C2=C(N1)C=CC(=C2)[N+](=O)[O-],-2.22
9114,CCCCCOC(=O)C1=C(C(=O)OCCCCC)C=CC=C1,-3.49
9115,NC(=O)CNC(=O)CNC(=O)OCC1=CC=CC=C1,-2.35
9116,CCC(=O)C(CCCCCCOC1=C(Cl)C=C(OC)C=C1)C(=O)CC,-5.27
9117,CCCCC1(CC)C(=O)NC(=O)NC1=O,-1.67
9118,CC(=O)C1=C(C(=O)O)C(C(=O)O)=CN=C1C,-1.35
9119,CC(CCC(=O)O)=NNC(=O)C1=NC=CS1,-1.73
9120,CC1=C(C(C)C)C(=O)N(C2=CC=CC=C2)N1C,-1.91
9121,C1=CC=C2C=C(C=CC2=C1)[N+](=O)[O-],-3.82
9122,CC(=NO)C(=NO)C1=CC=CC=C1,-2.3
9123,COC1=C(OCC(O)CO)C=CC=C1,-0.73
9124,OCCOC1=CC=CC(OCCO)=C1,-1.02
9125,CC(=O)CC(C)=NCCN=C(C)CC(C)=O,-2.83
9126,C1=CC(=CC=C1C(=O)NO)[N+](=O)[O-],-1.94
9127,CN(C(=O)C1=CC=C(C=C1)[N+](=O)[O-])O,-2.87
9128,COC1=CC=C(C=CC(=O)C2=C(O)C=CC=C2)C=C1,-5.7
9129,CONC(=O)C1=CC=C(C=C1)[N+](=O)[O-],-2.28
9130,CC1=CC(C)=NC(OC2=NN(C)C(C)=C2)=N1,-1.52
9131,NC(=O)CNC(=O)OCC1=CC=CC=C1,-1.88
9132,COC1=CC2=C(C=C1)NC=C2CCNC(C)=O,-5.09
9133,CC12CCC3(O)C(CCC4=CC(=O)CCC43C)C1CCC2=O,-2.68
9134,CC(CCC(=O)O)=NNC(=O)C1=CC=NC=C1,-1.59
9135,CCC=C(C)C1(CC)C(=O)NC(=O)NC1=O,-2.31
9136,CC(C)CC1(CCO)C(=O)NC(=S)NC1=O,-2.62
9137,O=S(=O)(C1CCCCC1)C1CCCCC1,-2.06
9138,CCCC1(CCO)C(=O)NC(=S)NC1=O,-1.61
9139,COC1=CC=C2C=C(CCC(C)=O)C=CC2=C1,-1.46
9140,CC(C)(NC(=O)C1=CC=CC=C1)C(=O)O,-0.76
9141,COC1=C(OC)C2=C(COC2=O)C(C#N)=C1,-3.48
9142,O=C(O)C1=C(C(=O)C2=CC=C(O)C=C2)C=CC=C1,-2.73
9143,NC(=O)NS(=O)(=O)C1=CC=C(N)C=C1,-1.97
9144,CCOC(=O)C(C)(C)NC(=O)C1=CC=CC=C1,-1.19
9145,CCOC(=O)OC1=CC=C(NC(C)=O)C=C1,-2.67
9146,CC1(C(=O)O)NCCC2=C1C=C(O)C(O)=C2,-0.75
9147,CCC(C)(C(=O)O)N1C(=O)C2=C(C=CC=C2)C1=O,-1.91
9148,COC1=CC=C(C(O)C(O)C2=CC=CC=C2)C=C1,-1.39
9149,CC(=O)NC(COC(=O)C1=CC=CC=C1)C(=O)O,-3.22
9150,NC(CC1=CC=C(O)C=C1)C(=O)NCC(=O)O,-1.1
9151,COC1=CC=C(CC2NC(=O)N(C)C2=O)C=C1,-0.89
9152,O=C(O)C(OC1=C(Cl)C=CC=C1)OC1=C(Cl)C=CC=C1,-2.83
9153,COC1=C(C=CC(=C1)OC2=C(C=C(C=C2)Cl)Cl)[N+](=O)[O-],-5.91
9154,CCNC(=S)N1CCN(C(=O)OCC)CC1,-1.79
9155,O=C(NC(=O)C1=C(F)C=CC=C1F)NC1=CC=C(Cl)C=C1,-6.54
9156,CNC(=S)NC1C(=O)NC(=O)NC1=O,-0.46
9157,CC(C)CC(NC(=O)OCC1C2=C(C=CC=C2)C2=C1C=CC=C2)C(=O)O,-3.74
9158,CC(=O)NS(=O)(=O)C1=CC=C(NC(=O)C2=C(C(=O)O)C=CC=C2)C=C1,-2.52
9159,CCC1(C2=C(C=C(C=C2)[N+](=O)[O-])C(=O)O1)CC,-3.66
9160,CCCCC(CCCC)(CCCC)C(=O)NO,-4.16
9161,COC(=O)C1=CC=C(N(C)C)C=C1,-3.05
9162,COC1=CC=CC(C(=O)O)=C1OC,-2.14
9163,NS(=O)(=O)C1=CC=C(NO)C=C1,-0.84
9164,O=S(=O)(O)C1=CC2=C(C=C1)OC1=C2C=CC=C1,-0.47
9165,O=C(C1=CC=CC=C1)N(O)C1=CC=CC=C1,-2.73
9166,CC(=O)NC(CC1=CC=CC=C1)C(=O)O,-1.41
9167,CC(C)C1=CC=C(NC(=O)N(C)C)C=C1,-3.5
9168,CCOC(=O)C(CC1=CC=CC=C1)NC(C)=O,-1.86
9169,CCN(CC)CC(=O)NC1=C(C)C=CC=C1C,-1.78
9170,CC(C(=O)O)C1=CC=CC(C(=O)C2=CC=CC=C2)=C1,-3.47
9171,CC1=CC2=CC3=C(OC(=O)C=C3C)C(C)=C2O1,-5.28
9172,CCOC(=O)C(CC1=CC=C(O)C=C1)NC(=O)C1=CC=CC=C1,-3.33
9173,CC1=CC=C(S(=O)(=O)NC(CCC(=O)O)C(=O)O)C=C1,-0.93
9174,CCN(CC)C(=O)CN1C=C(Br)C(=O)C(Br)=C1,-2.31
9175,CCN(CC)C(=O)CN1C=C(I)C(=O)C(I)=C1,-3.18
9176,O=S(=O)(O)C1=C2C=CC=NC2=C(O)C(I)=C1,-2.2
9177,C=CCC1(C(C)CCC)C(=O)NC(=O)NC1=O,-2.36
9178,CCCCC(CC)CC(CC)(CC)C(=O)NO,-3.35
9179,CCCCCCCCC(CC)(CC)C(=O)NO,-5.22
9180,CC(C)CC(CC(C)C)(CC(C)C)C(=O)NO,-4.0
9181,CCCCCCC(CCC)(CCC)C(=O)NO,-2.82
9182,CCCCCCCCCCC(C)(C)C(=O)NO,-4.8
9183,COC1=C(O)C=CC(C(=O)CO)=C1,-1.78
9184,CCCCC1(CCO)C(=O)NC(=S)NC1=O,-2.17
9185,O=C(O)CC1(O)CC(=O)N(C2=CC=CC=C2)C1=O,-0.68
9186,CCC(CC)(CC1=CC=C(C)C=C1)C(=O)NO,-3.35
9187,O=C(NC(CO)C(=O)O)C1=CC=CC=C1,-0.91
9188,O=C1NC=C(NS(=O)(=O)O)C(=O)N1,-1.77
9189,CCCC(CCC)(C(=O)NO)C1=CC=CC=C1,-2.89
9190,CC1=CC(C)=C(CC(C)(C)C(=O)NO)C(C)=C1,-3.52
9191,CN(CC(=O)O)C(=S)SCC1=CC=CC=C1,-3.23
9192,CCC1(CC)C(=O)N(C)N(C2=CC=CC=C2)C1=O,-2.69
9193,CCCOC(=O)C1=C(C(=O)OCCC)C=CC=C1,-3.82
9194,CCCCCCCOC(=O)C1=C(C(=O)OCCCCCCC)C=CC=C1,-8.56
9195,CCCCCCCCNCC(O)CO,-2.22
9196,CCCCCCCCCNCC(O)CO,-2.64
9197,CCCCCCCCCCNCC(O)CO,-3.11
9198,CNCC(O)C1=CC(O)=C(O)C=C1,-0.96
9199,CC(C)CCC1(CCO)C(=O)NC(=S)NC1=O,-2.56
9200,CCCCCC1(CCO)C(=O)NC(=S)NC1=O,-2.38
9201,O=C(O)CN1C(=O)NC(=O)C1CC1=CC=CC=C1,-1.79
9202,CS(=O)(=O)NC1=C(C=C(C=C1)[N+](=O)[O-])OC2=CC=CC=C2,-4.49
9203,NC(=O)NC1(O)NC(=O)NC1(O)C(=O)O,-0.37
9204,CCCC(C)CC1(CCO)C(=O)NC(=S)NC1=O,-3.09
9205,CCC(CC)CC1(CCO)C(=O)NC(=S)NC1=O,-3.14
9206,NC1=CC=C(S(=O)(=O)NC2=CN=C(I)C=C2)C=C1,-1.81
9207,CC1=C(NC(N)=O)C(=O)N(C2=CC=CC=C2)N1C,-1.52
9208,CC12CCC3C4=C(C=C(O)C=C4)CCC3C1CC(O)C2O,-4.0
9209,COC1=CC(Cl)=C(Cl)C(Cl)=C1O,-3.66
9210,CN1C(=O)NC(=O)C(C)(C2=CCCCC2)C1=O,-2.91
9211,CC(=O)C(OC1=C(Cl)C=CC=C1)C(=O)O,-2.1
9212,O=C1C=CC2=C(C=CC=C2)C1=NO,-2.94
9213,CC(=O)NC1=CC2=C(C=C1)N=C(S(N)(=O)=O)S2,-3.16
9214,O=C(O)CSC(CC(=O)O)C1=CC=CC=C1,-1.55
9215,COC1=CC(C(=O)C=CC2=CC=CC=C2)=C(O)C=C1,-6.0
9216,COC(=O)C1=CC(Br)=C(O)C=C1,-3.17
9217,CCC1=NN=C(NS(=O)(=O)C2=CC=C(N)C=C2)S1,-3.12
9218,O=C(O)C1=C(C(=O)OCCOC(=O)C2=C(C(=O)O)C=CC=C2)C=CC=C1,-2.83
9219,COc1cc(c2COC(=O)c2c1OC)[N+]([O-])=O,-3.21
9220,CC(=O)CC(C)=NC1=CC=C(O)C=C1,-3.59
9221,CCC1(CC)C(=O)N(C2=CC=CC=C2)N=C1OC(C)=O,-3.54
9222,COC(=O)C1=CC(O)=C(OC)C(O)=C1,-1.6
9223,NC1=CC=C2C(O)=CC=CC2=C1S(=O)(=O)O,-2.06
9224,NC1=CC2=C(S(=O)(=O)O)C=CC=C2C=C1,-2.54
9225,CC(=O)NC(CC1=CC=C(O)C=C1)C(=O)O,0.01
9226,NCC(=O)NC(CC1=CC=C(O)C=C1)C(=O)O,-0.73
9227,CC(=O)CC(C)=NC1=C(O)C=CC=C1,-3.55
9228,NC1=C(C=NC2=C(O)C=CC=C2)C=CC=C1,-3.64
9229,COS(=O)(=O)C1=CC=C(C(=O)O)C=C1,-3.05
9230,NC1=C(C(=O)OCC=CC2=CC=CC=C2)C=CC=C1,-6.04
9231,NC(C(=O)NCC(=O)O)C1=CC=CC=C1,-1.41
9232,CC(=O)CC(C)=NC1=CC=C(N=C(C)CC(C)=O)C=C1,-1.89
9233,O=C(O)CN(C(=S)SCC1=CC=CC=C1)C1=CC=CC=C1,-3.92
9234,COC(=O)C(CC1=CC=CC=C1)NC(=O)C(CC(=O)O)NC(=O)C(F)(F)F,-2.66
9235,NC1=CC(=O)C(=O)C2=C1C=CC=C2,-3.84
9236,CC(=O)NC1=CC2=C(C=C1)C1=C(C=CC=C1)C2,-4.24
9237,CC(=O)NC1=C(C=CC(=C1)Cl)[N+](=O)[O-],-0.99
9238,N#CCCNC(CC1=CC=CC=C1)C(=O)O,-1.49
9239,CCCN(CCC)S(=O)(=O)C1=CC=C(C(=O)O)C=C1,-4.02
9240,CCNC(=O)NC1=C(C)N(C)N(C2=CC=CC=C2)C1=O,-1.83
9241,CC1=CC=C(C(=O)N(O)C2=CC=C(Cl)C=C2)C=C1,-4.42
9242,O=C(O)C1=CC=C(P(=O)(C2=CC=CC=C2)C2=CC=C(C(=O)O)C=C2)C=C1,-6.01
9243,NS(=O)(=O)C1=C(C2=NC3=C(C=CC=C3)C(=O)N2)C=CC=C1,-3.08
9244,CC(C)=NNC(=O)NC1C2=C(C=CC=C2)OC2=C1C=CC=C2,-4.17
9245,NC1C(O)C(O)C(O)C(O)C1O,-1.41
9246,O=C(O)C=CC(=O)NC1=CC=CC=C1,-2.72
9247,O=C(O)C1=CC=C(P(=O)(O)C2=CC=CC=C2)C=C1,-4.07
9248,CC(=O)NC1=CC=C(S(=O)(=O)NC2=NC(C)=CS2)C=C1,-4.15
9249,NC1=CC=C(S(=O)(=O)NC2=NC3=C(C=N2)CCCC3)C=C1,-3.65
9250,CN1C(=O)C(CC2=CC=C(O)C=C2)N(CC(=O)O)C1=O,-0.05
9251,CC(C)CC(N)C(=O)NC(CC1=CC=C(O)C=C1)C(=O)O,-1.58
9252,CN(C)CCNC(=O)NC1CCCCC1,-0.66
9253,CCN(CC)CC(C)OC(=O)C1=CC=C(N)C=C1,-2.35
9254,CCN(CC)C(C)COC(=O)C1=CC=C(N)C=C1,-2.38
9255,CC(C)CC(NC(=O)C(N)CC1=CC=C(O)C=C1)C(=O)O,-2.07
9256,CCCCNC(=O)NC1=C(C)N(C)N(C2=CC=CC=C2)C1=O,-1.63
9257,C1=COC(=C1)C(=O)C2=NO[N+](=C2C(=O)C3=CC=CO3)[O-],-3.85
9258,CC1C(=O)CCC2C(O)CCC(O)C12,-0.3
9259,CC(C)(C)CC(C)(C)C1CC/C(=N/O)/C(=N\O)/C1,-6.41
9260,CNC(CC1=CC(O)=C(O)C=C1)C(=O)O,-1.02
9261,CC(=O)NC(CSC1=CC(Cl)=C(Cl)C=C1)C(=O)O,-2.89
9262,C1=CC(=CC=C1NC(=O)NCCC(=O)O)[N+](=O)[O-],-2.7
9263,CC(=O)NC(CSC1=C(Cl)C=CC=C1Cl)C(=O)O,-2.31
9264,N#CCCN(CCC#N)C(CC1=CC=C(O)C=C1)C(=O)O,-1.68
9265,CC12CCC(=O)C=C1CCC1C2CCC2(C)C(OC(=O)CCC(=O)O)CCC12,-5.08
9266,O=C(O)CN1C(=O)N(C2=CC=CC=C2)C(=O)C1CC1=CC=CC=C1,-2.91
9267,CC1(C)C(=O)C(=O)C2CCC1C2,-1.52
9268,CCOC(=O)C(O)C1=CC=CC=C1,-1.26
9269,CC12CCC(CC1=O)C2(C)C(=O)O,-1.78
9270,CC12CCC(C(=NO)C1=NO)C2(C)C,-2.52
9271,CC(C(=O)O)S(=O)(=O)C1=CC=CC=C1,-0.89
9272,CC(O)C(NC(=O)C1=CC=CC=C1)C(=O)O,-1.23
9273,O=C(O)CSC(C(=O)O)C1=CC=CC=C1,-1.23
9274,CC(CC(=O)NC1=CC=CC=C1)C(=O)O,0.39
9275,CC(C(=O)N(C)C)S(=O)(=O)C1=CC=CC=C1,-0.87
9276,COC(C)C(NC(=O)C1=CC=CC=C1)C(=O)O,-1.74
9277,O=C(O)CNC(CC1=CC=CC=C1)C(=O)O,-2.16
9278,CC(OC1=C(Cl)C=C(Cl)C(Cl)=C1)C(=O)O,-3.55
9279,CC(C(=O)O)NC(=O)C1=CC(=CC=C1)[N+](=O)[O-],-1.8
9280,O=C(O)CNC(CC1=CC=C(O)C=C1)C(=O)O,-2.59
9281,CC(=O)C=C(C)NC1CCCCC1NC(C)=CC(C)=O,-2.11
9282,OCC(O)C(O)C(O)C=NN(C1=CC=CC=C1)C1=CC=CC=C1,-3.1
9283,CC(O)C1(O)CCC2C3CCC4=CC(=O)CCC4(C)C3CCC21C,-4.16
9284,CC1=CC=C(C2(O)CCN(CCCC(=O)C3=CC=C(F)C=C3)CC2)C=C1,-4.35
9285,CC(CCC(=O)O)C1CCC2C3CC(O)C4CC(O)CCC4(C)C3CCC12C,-4.82
9286,O=C(O)C(SCCSC(C(=O)O)C1=CC=CC=C1)C1=CC=CC=C1,-3.41
9287,NC(CC1=CC=C(O)C=C1)C(=O)NCC(=O)NCC(=O)O,-1.47
9288,CC1=C(NC(=O)NC2=CC=CC=C2)C(=O)N(C2=CC=CC=C2)N1C,-2.3
9289,CC1=C(O)C=CC(C(=O)CC(C)C)=C1,-1.98
9290,CC1CCC(C)C(=NO)C1=NO,-1.32
9291,CCC1CCC(=NO)C(=NO)C1,-1.83
9292,COC1=CC(O)=C(CC=C(C)C)C2=C1C(=O)CC(C1=CC=C(O)C=C1)O2,-5.44
9293,CCOC(=O)C1=CC(Br)=C(O)C=C1,-3.39
9294,NC(=O)CC1=CC=C(C2=CC=CC=C2)C=C1,-3.33
9295,CCCOC(=O)C1=CC(Cl)=C(O)C=C1,-3.38
9296,CCCOC(=O)C1=CC(Br)=C(O)C=C1,-3.51
9297,O=S1(=O)OC(C2=CC=C(O)C=C2)(C2=CC=C(O)C=C2)C2=C1C=CC=C2,-3.07
9298,C=CCOC1=C(C=C(C=C1)[N+](=O)[O-])N,-2.8
9299,COC1=CC=C(N(C)C(N)=O)C=C1,-1.16
9300,NC(=O)NN=CCOC1CCCCC1,-1.74
9301,CCOC1=CC=C(N(C)C(N)=O)C=C1,-1.66
9302,CCCCOC1=C(C=C(C=C1)[N+](=O)[O-])N,-3.82
9303,COC1=C(S(N)(=O)=O)C=C(C)C=C1,-1.53
9304,CCCCOC(=O)C1=CC(Cl)=C(O)C=C1,-3.51
9305,CCCCOC(=O)C1=CC(Br)=C(O)C=C1,-3.67
9306,CC1=C(OCC(O)=S)C=CC(Cl)=C1,-3.16
9307,CCCCCOC(=O)C1=CC(Cl)=C(O)C=C1,-3.95
9308,CCCCCOC(=O)C1=CC(Br)=C(O)C=C1,-4.1
9309,CCCCCOC(=O)C1=CC(I)=C(O)C=C1,-4.22
9310,CC(C)OC1=C(C=C(C=C1)[N+](=O)[O-])N,-2.66
9311,C1=CC=C(C=C1)C2=C(C=CC(=C2)O)[N+](=O)[O-],-3.63
9312,CC(C(N)=O)S(=O)(=O)C1=CC=CC=C1,-1.64
9313,C1=CC=C(C=C1)C2=C(C(=CC=C2)O)[N+](=O)[O-],-3.95
9314,CCOC1=CC=C(N(CC)C(N)=O)C=C1,-1.85
9315,OC(=S)COC1=C(Cl)C=C(Cl)C=C1,-2.69
9316,CCCCCCOC(=O)C1=CC(Cl)=C(O)C=C1,-4.09
9317,CCCCCCOC(=O)C1=CC(Br)=C(O)C=C1,-4.22
9318,CCCCCCOC(=O)C1=CC(I)=C(O)C=C1,-4.43
9319,COC1=CC=CC(OCC(O)CO)=C1OC,-3.0
9320,COC1=C(O)C(OC)=C(Cl)C(Cl)=C1Cl,-3.41
9321,CN(C)C1=C(C(=O)O)C=C(C(=O)O)C=C1,-2.02
9322,CCCCCCCOC(=O)C1=CC(Cl)=C(O)C=C1,-4.23
9323,CCCCCCCOC(=O)C1=CC(Br)=C(O)C=C1,-4.42
9324,CCCCCCCOC(=O)C1=CC(I)=C(O)C=C1,-4.56
9325,COC1=CC(C(=O)O)=C(C(=O)O)C=C1O,-1.21
9326,O=S(=O)(C1=CC(O)=CC=C1)C1=C(O)C=CC=C1,-2.29
9327,O=S(=O)(C1=CC(O)=CC=C1)C1=CC(O)=CC=C1,-2.33
9328,CS(=O)(=O)NS(=O)(=O)C1CCCCC1,-0.33
9329,CCCCCCCCOC(=O)C1=CC(Cl)=C(O)C=C1,-4.38
9330,CCCCCCCCOC(=O)C1=CC(Br)=C(O)C=C1,-4.52
9331,CCCCCCCCOC(=O)C1=CC(I)=C(O)C=C1,-4.67
9332,CCN(CC)C(C)C(C)OC(=O)C1=CC=C(N)C=C1,-3.42
9333,OC(=S)COC1=C(Cl)C=C(Cl)C(Cl)=C1,-2.96
9334,CC(=O)OC1C(C2COC(C)(C)O2)OC2OC(C)(C)OC21,-1.52
9335,O=C(NC1=CC=CC=C1)C(O)COC1=CC=CC=C1,-2.41
9336,CCOC1=C(C(=O)N(O)C2=CC=CC=C2)C=CC=C1,-3.37
9337,NCCNC1=CC=C(S(=O)(=O)C2=CC=C(N)C=C2)C=C1,-2.35
9338,NC1=CC=C(S(=O)(=O)NC(CO)(CO)CO)C=C1,-1.4
9339,CNC(=N)NS(=O)(=O)C1=CC2=C(C=CC=C2)C=C1,-3.1
9340,CC(C)(NC(=O)C1=CC=CC=C1)C(=O)NCC(=O)O,-0.56
9341,O=C(O)C1=C(N=NC2=CC=C(O)C=C2)C=CC=C1Cl,-3.0
9342,CCOC(=O)CC1=C(C)N=C(NS(=O)(=O)C2=CC=C(N)C=C2)S1,-2.88
9343,CC1=C(NS(=O)(=O)C2=CC=C(N)C=C2)C2=C(C=CC=C2)C=C1,-4.5
9344,CC1=CC=C(NC(=O)C(O)(O)C(=O)NC2=CC=C(C)C=C2)C=C1,-3.1
9345,O=C(O)C(NCCCCCNC(C(=O)O)C1=CC=CC=C1)C1=CC=CC=C1,-2.02
9346,NC1=NC2=C(N=CN2C2C=CC(CO)C2)C(O)=N1,-2.3
9347,NS(=O)(=O)C1=CC(S(=O)(=O)C2=CC=C(O)C=C2)=CO1,-2.4
9348,NS(=O)(=O)C1=CC(S(=O)(=O)C2=CC=C(O)C=C2)=CS1,-3.03
9349,COC1=CC=C(S(=O)(=O)C2=COC(S(N)(=O)=O)=C2)C=C1,-3.02
9350,COC1=CC=C(S(=O)(=O)C2=CSC(S(N)(=O)=O)=C2)C=C1,-4.22
9351,NS(=O)(=O)C1=CC(S(=O)(=O)C2=CC(O)=CC=C2)=CS1,-2.72
9352,NC(CCCCNC(=O)OCC1C2=C(C=CC=C2)C2=C1C=CC=C2)C(=O)O,-3.0
9353,CN1CCC(=C2C3=C(C=CC=C3)C=CC3=C2C=CC=C3)CC1,-3.09
9354,CC(C)CNCC1=CC=C(S(=O)(=O)C2=CSC(S(N)(=O)=O)=C2)C=C1,-1.16
9355,CC1=CC=C(S(=O)(=O)NCl)C=C1,-0.36
9356,COC1=C(Cl)C=C(Cl)C(OC)=C1O,-2.96
9357,CC1=CC2OC3CC(O)C(C)(C2(CO)CC1)C31CO1,-2.61
9358,CC(C)(C)N1C=C(C(=O)O)C(=O)C2=C1C=C(N1CCNCC1)C(F)=C2,-3.43
9359,CN1CC2C3=C(C=CC=C3)OC3=C(C=C(Cl)C=C3)C2C1,-2.13
9360,C1=CC2=C(C=C1F)NC(=N2)C3=CC=C(O3)[N+](=O)[O-],-4.0
9361,C#CC1CN2CCC1CC2C(O)C1=CC=NC2=C1C=C(OC)C=C2,-2.12
9362,CCCCCCCCCCSC(=N)N,-2.71
9363,CCOC(=O)N1CCN(C)CC1,1.13
9364,CCOC(=O)N1CC(C)NCC1C,0.65
9365,CC1=CC2=C(N)C3=C(C=CC=C3)N=C2C=C1,-2.39
9366,CS(=O)(=O)C1=CC=C(C(=N)N)C=C1,-1.38
9367,CC1CN(C(=N)N)C(C)CN1C(=N)N,0.02
9368,NC1=C2C=C(F)C=CC2=NC2=C1C=CC=C2,-2.4
9369,NC1=C2C=CC(F)=CC2=NC2=C1C=CC=C2,-2.12
9370,NC1=C2C=CC=C(F)C2=NC2=C1C=CC=C2,-1.66
9371,NC1=C2C(F)=CC=CC2=NC2=C1C=CC=C2,-0.95
9372,NC1=C2C(Cl)=CC=CC2=NC2=C1C=CC=C2,-1.58
9373,CCCCCCCCCCN1CCCCC1,-1.53
9374,NC1=C2C=C(Cl)C=CC2=NC2=C1C=CC=C2,-2.42
9375,NC1=C2C=CC(Cl)=CC2=NC2=C1C=CC=C2,-1.73
9376,CCN(CC)NC(=O)NC1=C(C)C=CC=C1C,-1.09
9377,OC(C1=CC=CC=C1)(C1=CC=CC=C1)C1CCNCC1,-1.39
9378,C1=CC=C2C(=C1)C(=C3C(=N2)C=CC=C3[N+](=O)[O-])N,-1.84
9379,C1CCC(NCCNC2CCCCC2)CC1,-0.98
9380,NC1=C2C=CC=CC2=NC2=CC=CC(C(F)(F)F)=C21,-2.48
9381,CC(CCNCCNCCC(C)CC(C)(C)C)CC(C)(C)C,-2.24
9382,OC(CN1CCCCC1)C1=C2C=CC=CC2=C(Cl)C=C1,-1.55
9383,NC1=C2C=CC(C(F)(F)F)=CC2=NC2=C1C=CC=C2,-2.17
9384,CCN(CC)CCC(C)(O)C1=C2C=CC=CC2=C(OC)C=C1,-1.68
9385,N=C(N)C1=CC=C(CCC2=CC=C(C(=N)N)O2)O1,-1.02
9386,CCOC1=CC=C(C(=O)OCCNC(C)C2=CC=CC=C2)C=C1,-1.49
9387,CC1=C(NC(=O)C(=O)C(=O)NC2=C(C)C=CC=C2)C=CC=C1,-2.2
9388,C1=CC=C2C(=C1)/C(=N/O)/C(C2=O)[N+](=O)[O-],-2.68
9389,O=C(CCCN1CCC(O)(C2=CC=CC=C2)CC1)C1=CC=CC=C1,-2.68
9390,CC1=CC=C(C2(O)CCN(CCCC(=O)C3=CC=CC=C3)CC2)C=C1,-1.62
9391,CN(C)CC1CC2C3CC=C4CC(O)CCC4(C)C3CCC2(C)C1=O,-1.49
9392,O=C(CCCN1CCC(O)(C2=CC=C(F)C=C2)CC1)C1=CC=CC=C1,-2.97
9393,O=C(CCCN1CCC(O)(C2=CC=C(Cl)C=C2)CC1)C1=CC=CC=C1,-3.35
9394,NC1=CC(S(=O)(=O)O)=CC(C(=O)O)=C1,-0.94
9395,OC1=C(S(=O)(=O)O)C(=O)C2=C1C=CC=C2,-2.23
9396,OC(C1=CC=CC=C1)(C1=CC=CC=C1)C1CCCCN1,-1.9
9397,CC1=CC=CC(CN2CCN(C(C3=CC=CC=C3)C3=CC=C(Cl)C=C3)CC2)=C1,-4.63
9398,O=C(CCCN1CCC(O)(C2=CC=C(F)C=C2)CC1)C1=CC=C(F)C=C1,-2.83
9399,CN1CCC23C4=C5C=CC(OCC6=CC=CC=C6)=C4OC2CCCC3C1C5,-4.22
9400,CC(SC1=CC=CC=C1)S(=O)(=O)O,-0.49
9401,O=S(=O)(O)CCSC1=CC=CC=C1,-1.53
9402,NC1=CC=C(S(=O)(=O)NC2=C(C(=O)O)C=CC=C2)C=C1,-0.8
9403,CN1CCC23C=CC=CC2C1CC1=C3C(O)=C(O)C=C1,-1.72
9404,COCOC1=C2OC3C(O)CCC4C5CC(=C2C43CCN5C)C=C1,-1.96
9405,CN(C)CC(O)C1=C2C=CC=CC2=C(Cl)C=C1,-1.22
9406,NC1=CC=C(S(=O)(=O)NC2=NC=CC=N2)C=C1,-2.16
9407,CCN(CC)CC(C1=CC=CC=C1)OC(=O)C2=CC=C(C=C2)[N+](=O)[O-],-2.84
9408,COC1=C2OC3C(OC(C)=O)C=CC4C5CC(=C2C43CCN5C)C=C1,-1.3
9409,O=C(OCC1=CC=CC=C1)C(OS(=O)(=O)O)C1=CC=CC=C1,-1.5
9410,N=C(N)NN=C1C=CC(=NNC(=N)N)C2=C1C=CC=C2,-3.29
9411,C1=CC2=C(C=C1S(=O)(=O)O)C(=C(C=C2[N+](=O)[O-])[N+](=O)[O-])O,-2.54
9412,CN(C)C(=O)C1=CC=C(Cl)C=C1,-1.0
9413,COC1=CC=C(C(=O)NN)C=C1,-1.15
9414,COC1=CC=C(CN(CCN(C)C)C2=NC=CC=N2)C=C1,-2.99
9415,CCC1(C(=O)NC(=NC1=O)[O-])CC,-0.07
9416,COC1=C2OC3C(OC(C)=O)CCC4C5CC(=C2C43CCN5C)C=C1,-1.75
9417,CC(C)CCOC(=O)C1CN2CCC1CC2C(O)C1=CC=NC2=C1C=CC=C2,-1.41
9418,CC1=C(S(=O)(=O)O)C=CC(O)=C1,-0.29
9419,CN(C)C(=O)C1=CC=C(C=C1)[N+](=O)[O-],-1.27
9420,C=CCC1=C(OCC(O)CNC(C)C)C=CC=C1,-2.88
9421,CN(C)CCCOC1(CC2=CC=CC=C2)CCCCCC1,-1.62
9422,COC(=O)C(CO)NC(=O)C(Cl)Cl,-0.06
9423,O=C(C1=CC=CC=C1)C1=CC=C2C(C(=O)O)CCN12,-3.26
9424,CCN(CC)C(C)CN1C2=C(C=CC=C2)SC2=C1C=CC=C2,-2.15
9425,CCOP(=O)(CC1=CC=C(C2=NC3=C(C=CC=C3)S2)C=C1)N1CCCC1=O,-3.73
9426,CCOC(=O)CC1=CC=C(C2=NC3=C(C=CC=C3)S2)C=C1,-4.36
9427,CC(C)CC(NC(=O)C(N)CC1=CNC2=C1C=CC=C2)C(=O)O,-1.76
9428,CC(C)(CF)N1C=C(C(=O)O)C(=O)C2=C1C=C(N1CCNCC1)C(F)=C2,-2.6
9429,O=C(O)C1=CN(C2CC2)C2=C(C=C(F)C(N3CC4CC3CN4)=C2)C1=O,-3.65
9430,C#CCC(NC(=O)OC(C)(C)C)C(=O)NCC(=O)OC,-1.45
9431,CCOC(=O)C1=C(C)NC(C)=C(C(=O)OC)C1C1=C(Cl)C(Cl)=CC=C1,-5.68
9432,O=C(O)C1OC(C2=CC=CC=C2)OC1C1COC(C2=CC=CC=C2)O1,-2.45
9433,CC1=CC=C(C2=C(CC(=O)N(C)C)N3C=C(C)C=CC3=N2)C=C1,-1.3
9434,COC(=O)C(C)C1=CC2=CC=C(OC)C=C2C=C1,-4.78
9435,CCCC1=CC(=O)N(CCC(=O)O)C=C1,-2.11
9436,O=C(O)CCCCCN1C=CC=CC1=O,-0.64
9437,CCOC1=C(CN(C1=O)C(C)C)[N+](=O)[O-],-4.33
9438,CCCCCCCC1=CC(=O)N(CCC(=O)O)C=C1,-4.4
9439,CCCCOC(=O)C1=C(C(=O)OCC(CC)CCCC)C=CC=C1,-7.22
9440,CC1CCC(C(C)C)C2=C1C=NC(NS(=O)(=O)C1=CC=C(N)C=C1)=N2,-4.18
9441,COC1=C2OC=CC2=C(CN)C2=C1OC(=O)C=C2,-0.9
9442,CC(NC(=O)CC1=CC=CC=C1)C1=CC=CC=C1,-3.19
9443,CCOC1=CC(=O)C2(OC3=C(C2=O)C(OC)=CC(OC)=C3Cl)C(C)C1,-4.6
9444,CCN(CC)CCCC(C)NC1=C2C=C(OC)C=CC2=NC2=C1C=CC(Cl)=C2,-2.64
9445,CCCOC1=CC(=O)C2(OC3=C(C2=O)C(OC)=CC(OC)=C3Cl)C(C)C1,-5.22
9446,CCCN1C=C(C(=O)O)C(=O)C2=C1C=C(N1CCNCC1)C(F)=C2,-3.57
9447,CC1=NC=C(CO)C(C=NC(C(=O)O)C(C)C)=C1O,-1.6
9448,CC1(C)SC2C(NC(=O)CC3=CC=CC=C3)C(=O)N2C1C(=O)O,-1.63
9449,NC(=S)NS(=O)(=O)C1=CC=C(N)C=C1,-2.24
9450,CN(C)CCOC(C)(C1=CC=CC=C1)C1=CC=CC=N1,-2.82
9451,CC1=CC=NC(NS(=O)(=O)C2=CC=C(N)C=C2)=N1,-2.63
9452,NS(=O)(=O)C1=CC=C(NC(=O)CCC(=O)O)C=C1,-2.03
9453,CCC1=C2C=CC=CC2=NC(CN)=C1C,-1.48
9454,CCCCCCCCSC(=N)N,0.16
9455,COC1=CC2=C(C=C1)N(C(=O)C1=CC=C(Cl)C=C1)C(C)=C2CC(=O)O,-4.77
9456,O=S(=O)(N1CCCC1)N1CCCC1,-0.44
9457,O=C(O)CC(O)CCC1=CCCC1=O,-0.4
9458,CCCCCCC(CO[N+](=O)O)O[N+](=O)O,-4.33
9459,O=C1NC(=O)N(CC2=CC=C(Cl)C=C2)C=C1F,-3.49
9460,COC1=CC=C(CN2C=C(F)C(=O)NC2=O)C=C1,-2.75
9461,CC1=CC(=O)OC2=C1C=C(C)C1=C2C2=C(CCCC2)O1,-5.09
9462,CC12CCC(C3=C1N=C(NS(=O)(=O)C1=CC=C(N)C=C1)N=C3)C2(C)C,-4.08
9463,OCCOC1=CC=C(OCCO)C=C1,-1.23
9464,O=C(O)CN1CCCCS1(=O)=O,-0.59
9465,CC1=CC=C2CN(C(N)=NO)CC3CCCC1=C23,-1.2
9466,COC1=C2CCCC3CN(C(=N)N)CC(=C23)C=C1,-1.22
9467,NC(=NO)N1CC2=CC=CC3=C2C(CCC3)C1,-1.35
9468,CN(C)NC(=N)N1CC2=CC=CC3=CC=CC(=C32)C1,-1.07
9469,CC(C)=NNC(=N)N1CC2=CC=CC3=CC=CC(=C32)C1,-2.48
9470,NC(=NO)N1CC2=CC=CC3=C(Cl)C=CC(=C23)C1,-2.0
9471,COC1=C2CCCC3CN(C(N)=NO)CC(=C23)C=C1,-1.78
9472,COC1=CC2=C3C(=C1)C=CC=C3CN(C(N)=NO)C2,-1.21
9473,CCCCOC1=CC(=O)C2(OC3=C(C2=O)C(OC)=CC(OC)=C3Cl)C(C)C1,-5.4
9474,NC1=CC=C(N=C(N)N2CC3=CC=CC4=CC=CC(=C43)C2)C=C1,-1.83
9475,CN(C)CC1=C(O)C=CC(C(=O)C2=CSC(S(N)(=O)=O)=C2)=C1,-1.54
9476,CC(C)CNCC1=CC=C(C(=O)C2=CSC(S(N)(=O)=O)=C2)C=C1,-2.05
9477,C1=CC(=CC=C1C(=O)NN)[N+](=O)[O-],-2.16
9478,NS(=O)(=O)C1=CC(C(=O)C2=CC=C(CNCC3=CC=CC=C3)C=C2)=CS1,-3.37
9479,CN=C(NC)N1CC2=CC=CC3=CC=CC(=C32)C1,-1.15
9480,O=C1NC(=O)N(C2CCCO2)C=C1F,-1.01
9481,CCOC1=CC(=O)CC(C)C12OC1=C(C2=O)C(OC)=CC(OC)=C1Cl,-5.0
9482,O=C1NCCCC1N1C(=O)C2=C(C=CC=C2)S1(=O)=O,-2.64
9483,O=C(O)C=CC1=CC2=C(C=C1)OCO2,-3.19
9484,CCCCCCOC1=CC(O)=C(C(C)=NO)C=C1,-4.15
9485,C1=CC=C2C(=C1)NC(=N2)C3=CC=C(O3)[N+](=O)[O-],-3.89
9486,CCCCCCCCCCOC1=CC(O)=C(C(C)=NO)C=C1,-4.89
9487,CCCCCCCCCCOC1=CC(O)=C(C(CC)=NO)C=C1,-4.06
9488,CCCCCCOC1=CC(O)=C(C(=NO)C2=CC=CC=C2)C=C1,-3.47
9489,CCOC1=CC(=O)CC(C)C12OC1=C(C2=O)C(OC)=CC(OCC)=C1Cl,-4.7
9490,CCCOC1=CC(=O)CC(C)C12OC1=C(C2=O)C(OC)=CC(OC)=C1Cl,-4.52
9491,O=C1NC(NC2=CC=CC=C2)=NC2=C1N=CN2,-4.12
9492,CC1=CC=C(OCC(=O)NC2C(=O)N3C2SC(C)(C)C3C(=O)O)C=C1,-3.15
9493,CNC1=NC2=C(C=C(C=C2)Cl)C(=[N+](C1)O)C3=CC=CC=C3,-3.39
9494,CCC(C)CN(C)N=NC1=CC=C(C(=O)O)C=C1,-1.79
9495,NS(=O)(=O)C1=NC2=C(C=C(O)C=C2)S1,-2.5
9496,O=C(C1=CC(F)=CC=C1)N(O)C1=CC=CC=C1,-2.6
9497,O=C(NO)C1=C(N=CC2=CC=CC=N2)C=CC=C1,-3.21
9498,CC1=C(N(O)C(=O)C2=CC(F)=CC=C2)C=CC=C1,-2.53
9499,CC1=CC=CC(N(O)C(=O)CCC2=CC=CC=C2)=C1,-3.41
9500,CC1=C(N(O)C(=O)CCC2=CC=CC=C2)C=CC=C1,-2.79
9501,CCCCOC1=CC(=O)CC(C)C12OC1=C(C2=O)C(OC)=CC(OC)=C1Cl,-4.7
9502,CCCCCCCC(=O)OC1C(O)C(O)OC(CO)C1O,-2.63
9503,O=S1(=O)OC2(C3=C(C=CC(O)=C3)OC3=C2C=C(O)C=C3)C2=C1C=CC=C2,-3.5
9504,COC1=CC(OC)=CC(C(=O)N(O)C2=CC=CC=C2)=C1,-3.1
9505,CC1=CC=CC(N(O)C(=O)C2=C(Cl)C=C(Cl)C=C2)=C1,-4.47
9506,CC1=C(N(O)C(=O)C2=C(Cl)C=C(Cl)C=C2)C=CC=C1,-4.17
9507,COC1=CC(OC)=CC(C(=O)N(O)C2=C(C)C=CC=C2)=C1,-3.65
9508,COC1=CC(OC)=CC(C(=O)N(O)C2=CC(C)=CC=C2)=C1,-3.61
9509,N=C(N)NN=CC1=C2C=CC=CC2=CC=C1O,-2.46
9510,CC(=O)NC1=CC=C(OP(O)(=O)O)C=C1,0.13
9511,CN(O)C(=O)C1CCCCCC1,-1.45
9512,O=C(C1CC1)N(O)C1CCCCC1,-2.04
9513,O=C(C1CCC1)N(O)C1CCCCC1,-2.7
9514,O=C(C1CCCC1)N(O)C1CCCCC1,-3.16
9515,CCN(C)N=NC1=CC=C(C(=O)O)C=C1,-0.42
9516,CCCN(C)N=NC1=CC=C(C(=O)O)C=C1,-1.43
9517,CCCCN(C)N=NC1=CC=C(C(=O)O)C=C1,-1.81
9518,CCCCCN(C)N=NC1=CC=C(C(=O)O)C=C1,-2.37
9519,CCCCCCN(C)N=NC1=CC=C(C(=O)O)C=C1,-2.52
9520,CCCCCCCN(C)N=NC1=CC=C(C(=O)O)C=C1,-3.39
9521,O=C(C1=CC2=C(C=CC=C2)C=C1)N(O)C1=CC=C(Cl)C=C1,-5.47
9522,CC(C)CNCC1=CC=CC(C(=O)C2=CSC(S(N)(=O)=O)=C2)=C1,-2.05
9523,CCCCNCC1=CC=C(C(=O)C2=CSC(S(N)(=O)=O)=C2)C=C1,-2.21
9524,CC(C)CCNCC1=CC=CC(C(=O)C2=CSC(S(N)(=O)=O)=C2)=C1,-1.5
9525,CC(C)CN(C)CC1=C(O)C=CC(C(=O)C2=CSC(S(N)(=O)=O)=C2)=C1,-1.42
9526,CC(C)(C)NCC1=CC=C(S(=O)(=O)C2=CSC(S(N)(=O)=O)=C2)C=C1,-1.98
9527,CCCCNCC1=CC=C(S(=O)(=O)C2=CSC(S(N)(=O)=O)=C2)C=C1,-1.68
9528,NS(=O)(=O)C1=CC(C(=O)C2=CC=C(CN3CCOCC3)C=C2)=CS1,-1.52
9529,CC(C)NCC1=CC=CC(S(=O)(=O)C2=CSC(S(N)(=O)=O)=C2)=C1,-1.56
9530,CCC(C)NCC1=CC=CC(S(=O)(=O)C2=CSC(S(N)(=O)=O)=C2)=C1,-1.33
9531,NS(=O)(=O)C1=CC(C(=O)C2=CC(CN3CCOCC3)=CC=C2)=CS1,-1.92
9532,CNC(=O)C1=CC=CC(NCC(=O)NCCC2=CC(OC)=C(OC)C=C2)=C1,-1.85
9533,CCNCC1=CC2=C(OC(S(N)(=O)=O)=C2)S1,-1.04
9534,CC(C)CNCC1=CC2=C(OC(S(N)(=O)=O)=C2)S1,-1.33
9535,CCOCCNCC1=CC2=C(OC(S(N)(=O)=O)=C2)S1,-0.92
9536,COC1=C(OC)C=C(CCNC(=O)CNC2=CC(C(N)=O)=CC=C2)C=C1,-2.69
9537,OP(=O)(O)OCN1C(=O)NC(C2=CC=CC=C2)(C2=CC=CC=C2)C1=O,-0.43
9538,NS(=O)(=O)C1=CC2=C(O1)SC(CNCC1=CC=CC=N1)=C2,-1.33
9539,CN(CCO)C(=O)COC(=O)C1=CC=CC=C1,-1.09
9540,CC1=CC=C(CN2C=C(F)C(=O)NC2=O)C=C1,-2.92
9541,O=C1NC(=O)N(CC2=C(Cl)C=C(Cl)C=C2)C=C1F,-3.94
9542,CNC1=C(NC2=C3C=CC=CC3=NC3=C2C=CC=C3)C=CC(NS(C)(=O)=O)=C1,-2.94
9543,CN(C(=O)CNC(=O)CN)C1=C(C(=O)C2=C(Cl)C=CC=C2)C=C(Cl)C=C1,-2.33
9544,NC(C(=O)O)C1=CC=C(O)C=C1,-0.53
9545,NS(=O)(=O)C1=CC2=C(S1)S(=O)(=O)CCC2O,-1.65
9546,O=C(C(=O)C1=CC=CC=C1)C1=CC=CC=C1,-2.8
9547,CC(=O)NC(CC(C)C)C(=O)O,-1.13
9548,NC(CSSCC(N)C(=O)O)C(=O)O,-3.31
9549,COC1=C(CC(C)NC(C)CC2=C(OC)C=CC=C2)C=CC=C1,-2.0
9550,CN1CCC23C4=C5C=CC(OCC6=CC=CC=C6)=C4OC2C(O)C=CC3C1C5,-2.22
9551,CCOC1=C2OC3C(O)C=CC4C5CC(=C2C43CCN5C)C=C1,-0.82
9552,O=S(=O)(NS(=O)(=O)C1=CC=C(Cl)C=C1)C1=CC=C(Cl)C=C1,-2.48
9553,CC1=CSC(NS(=O)(=O)C2=CC=C(N)C=C2)=N1,-2.91
9554,CC1(C)C2CCC1(CS(=O)(=O)O)C(=O)C2,-0.3
9555,COC1=CC=CC(CC(C)NC(C)CC2=C(OC)C=CC=C2)=C1,-3.0
9556,COC1=C2OC3C(O)CCC4C5CC(=C2C43CCN5C)C=C1,-1.0
9557,CCSC(=S)NC(CC(=O)O)C(=O)O,-1.38
9558,CC(C)C(O)(CCC(C)(O)C(=O)O)C(=O)O,-1.69
9559,CC(SC(=S)SC(C)C(=O)O)C(=O)O,-1.41
9560,O=C(O)CC(CSC(=O)O)C1=CC=CC=C1,-1.24
9561,CC1=NC=C(N1CCO)[N+](=O)[O-],-1.21
9562,CCNC1=NC(Cl)=NC(NC(C)C)=N1,-3.76
9563,ON=C(C1=CC=CC=C1)C(=NO)C1=CC=CC=C1,-5.9
9564,NC1CN(C2=CC3=C(C=C2F)C(=O)C(C(=O)O)=CN3C2CC2)C1,-5.32
9565,CNC1CN(C2=CC3=C(C=C2F)C(=O)C(C(=O)O)=CN3C2CC2)C1,-5.41
9566,CC1(N)CN(C2=CC3=C(C=C2F)C(=O)C(C(=O)O)=CN3C2CC2)C1,-5.62
9567,CC1(N)CN(C2=C(Cl)C3=C(C=C2F)C(=O)C(C(=O)O)=CN3C2CC2)C1,-5.33
9568,CC1(N)CN(C2=C(F)C3=C(C(=O)C(C(=O)O)=CN3C3CC3)C(N)=C2F)C1,-4.38
9569,C1=CC=C(CNC2=NC=NC3=C2N=CN3)C=C1,-3.6
9570,NC1CN(C2=C(F)C3=C(C=C2F)C(=O)C(C(=O)O)=CN3C2CC2)C1,-5.27
9571,C1=COC(CNC2=NC=NC3=C2N=CN3)=C1,-3.95
9572,CC1(N)CN(C2=C(F)C3=C(C=C2F)C(=O)C(C(=O)O)=CN3C2CC2)C1,-5.64
9573,CNC1CN(C2=C(F)C3=C(C=C2F)C(=O)C(C(=O)O)=CN3C2CC2)C1,-5.31
9574,CCN1C=C(C(=O)O)C(=O)C2=C1C=C1OCOC1=C2,-4.38
9575,COC1=CC=C2C=C(C(C)C(=O)OC(C)C)C=CC2=C1,-5.48
9576,CCOC(=O)C1CCN2C(C(=O)C3=CC=CC=C3)=CC=C12,-4.2
9577,COC1=CC2=C(C=CC(C)(C)O2)C2=C1C(=O)C1=C(N=CC=C1)N2C,-3.96
9578,NC(=O)N1C2=C(C=CC=C2)C(O)C(O)C2=C1C=CC=C2,-2.03
9579,CCCCCCCCNC(=O)OCC1OC(O)C(O)C(O)C1O,-2.35
9580,CCCCCCCCCNC(=O)OCC1OC(O)C(O)C(O)C1O,-2.96
9581,CCCCCCCCCCNC(=O)OCC1OC(O)C(O)C(O)C1O,-3.56
9582,CC1=C(OCC2=CC=CC=C2)C=CC2=C1OC(N1CCOCC1)=CC2=O,-5.16
9583,CC1=C(OCC2=CC=CC=N2)C=CC2=C1OC(N1CCOCC1)=CC2=O,-4.45
9584,CCC1(CC)CCC(=O)N(CO)C1=O,-3.96
9585,CCC1(CC)C(=O)NC(=O)N(CO)C1=O,-3.93
9586,NC1=NC2=C(C=N1)N=CN2CCC(CO)CO,-0.3
9587,O=C1C2=C(C=CC(CCCCO)=C2)OCC2=C1SC=C2,-3.92
9588,O=C(CS)NC1=CC=C2C=CC=CC2=C1,-3.34
9589,C=CC1(C=C)C(=O)NC(=O)NC1=O,-2.06
9590,C=CC1(C(C)C)C(=O)NC(=O)NC1=O,-1.71
9591,C=CC1(CC(C)C)C(=O)NC(=O)NC1=O,-2.12
9592,CCCC(=O)OCN1C(=O)NC(C2=CC=CC=C2)(C2=CC=CC=C2)C1=O,-4.68
9593,NC1=NC(=O)N(C2CCC(CO)O2)C=C1,-0.43
9594,CC(=O)OC1C2=C(C=CC=C2)N(C(N)=O)C2=C(C=CC=C2)C1OC(C)=O,-3.55
9595,COC(=O)C(NC(=O)C(Cl)Cl)C(C)O,-0.62
9596,O=C(NC(CO)C(=O)O)C(Cl)Cl,-0.03
9597,CCOC(=O)C(C)C1=CC2=CC=C(OC)C=C2C=C1,-5.24
9598,CCCOC(=O)C(C)C1=CC2=CC=C(OC)C=C2C=C1,-5.82
9599,CCCCOC(=O)C(C)C1=CC=C2C=C(OC)C=CC2=C1,-7.53
9600,COC1=CC=C2C=C(C(C)C(=O)OCCO)C=CC2=C1,-3.33
9601,COC1=CC2=C(C=C1)C=C(C(C)C(=O)OC(C)(C)C)C=C2,-6.5
9602,CCCCCOC(=O)C(C)C1=CC2=CC=C(OC)C=C2C=C1,-6.97
9603,COC1=CC=C2C=C(C(C)C(=O)OCC(C)O)C=CC2=C1,-3.31
9604,COC1=CC2=CC=C(C(C)C(=O)OCCCO)C=C2C=C1,-3.4
9605,CCCCCCOC(=O)C(C)C1=CC=C2C=C(OC)C=CC2=C1,-7.54
9606,CCCCCCCOC(=O)C(C)C1=CC=C2C=C(OC)C=CC2=C1,-7.12
9607,COC1=CC=C2C=C(C(C)C(=O)OCC(C)=O)C=CC2=C1,-4.65
9608,CCC#CCCOC(=O)C(C)C1=CC=C2C=C(OC)C=CC2=C1,-7.33
9609,COC1=CC=C2C=C(C(C)C(=O)OCC(O)CO)C=CC2=C1,-2.62
9610,COC1=CC=C2C=C(C(C)C(=O)OC3CCCCC3O)C=CC2=C1,-5.07
9611,CCCCCCCC(=O)OC1C(C(O)CO)OC2OC(C)(C)OC21,-3.17
9612,COC1=CC=C2C=C(C(C)C(=O)OC3CCCCC3=O)C=CC2=C1,-5.59
9613,CCC=CCCOC(=O)C(C)C1=CC=C2C=C(OC)C=CC2=C1,-7.36
9614,COC1=CC2=C(C=C1)C=C(C(C)C(=O)OC1COC3C(O)COC13)C=C2,-3.98
9615,CCOC1=CC=C(NC(=O)NC2=CC=C(OCC)C=C2)C=C1,-4.44
9616,CCCOCC(=NC1=C(C(F)(F)F)C=C(Cl)C=C1)N1C=CN=C1,-4.44
9617,CC1=COC2=CC3=C(C=C(N)C(=O)O3)C=C12,-5.08
9618,COC1=CC2=C(C=C3OC=C(C)C3=C2)OC1=O,-5.0
9619,COC(=O)C1=CC2=C(OC1=O)C(C)=C1OC=C(C)C1=C2,-4.9
9620,CN(C)C(=O)COC(=O)C1CCN2C(C(=O)C3=CC=CC=C3)=CC=C12,-3.03
9621,COC(=O)C1=C(O)C=CC(CCC2=C(OC)C=CC(OC)=C2)=C1,-6.39
9622,C=CCN1C=NC2=C1N=C(NC1=CC=CC=C1)NC2=O,-5.09
9623,CCC1C(N)CN1C1=CC2=C(C=C1F)C(=O)C(C(=O)O)=CN2C1CC1,-3.91
9624,CNC1CN(C2=CC3=C(C=C2F)C(=O)C(C(=O)O)=CN3C2CC2)C1C,-4.57
9625,CC1N(C2=CC3=C(C=C2F)C(=O)C(C(=O)O)=CN3C2CC2)CC1(C)N,-5.42
9626,CC1C(N)CN1C1=C(Cl)C2=C(C=C1F)C(=O)C(C(=O)O)=CN2C1CC1,-4.48
9627,CC1C(N)CN1C1=C(F)C2=C(C(=O)C(C(=O)O)=CN2C2CC2)C(N)=C1F,-3.98
9628,CNC1CN(C2=C(F)C3=C(C=C2F)C(=O)C(C(=O)O)=CN3C2CC2)C1C,-4.44
9629,CCC1C(N)CN1C1=C(F)C2=C(C=C1F)C(=O)C(C(=O)O)=CN2C1CC1,-3.81
9630,CC1N(C2=C(F)C3=C(C=C2F)C(=O)C(C(=O)O)=CN3C2CC2)CC1(C)N,-5.04
9631,CC1C(N)CN1C1=CC2=C(C=C1F)C(=O)C(C(=O)O)=CN2C1CC1,-4.63
9632,CC1C(N)CN1C1=C(F)C2=C(C=C1F)C(=O)C(C(=O)O)=CN2C1CC1,-4.17
9633,CC12CCC(=O)C=C1CCC1C2CCC2(C)C(OC(=O)C(CO)CO)CCC12,-4.25
9634,OCC1OC(N2C(C3=CC=CO3)=NC3=C2C=CC=C3)C(O)C1O,-2.92
9635,OCC1OC(N2C(C3=CC=CO3)=NC3=C2C=CC=C3)C(O)C(O)C1O,-2.33
9636,CCCCCCCCSC1C(O)C(O)OC(CO)C1O,-2.91
9637,CC(O)C1C(=O)N2C(C(=O)O)=C(SCC(=N)N(C)C)C(C)C12,-0.28
9638,CC1=C(N)C=CC(N=NC2=C(C)C=CC=C2)=C1,-4.05
9639,CN(C)C1=CC=C(N=NC2=CC=CC=C2)C=C1,-5.25
9640,CC1NC(=O)C2=C(C=CC=C2)NC1=O,-2.38
9641,O=C1CNC(=O)C2=C(C=CC(Cl)=C2)N1,-3.05
9642,BrC1=CC=CC(NC2=NC=NC3=CC4=C(C=NN4)C=C32)=C1,-3.96
9643,C=CC1(C(C)CCC)C(=O)NC(=O)NC1=O,-2.36
9644,BrC1=CC=CC(NC2=NC=NC3=CC4=C(C=CN4)C=C32)=C1,-2.82
9645,CCCCC(CO[N+](=O)O)O[N+](=O)O,-3.1
9646,CN1C(=O)CN=C(C2=CC=CC=C2)C2=C1C=CC(Cl)=C2,-3.71
9647,CN(C)C1=CC=C(N=NC2=CC=C(S(=O)(=O)O)C=C2)C=C1,-3.86
9648,C1C(=O)NC2=C(C=C(C=C2)[N+](=O)[O-])C(=N1)C3=CC=CC=C3Cl,-4.41
9649,CCCC(CCC)C(=O)NCCCC(=O)O,-1.5
9650,CN1C=CC2=C1C=C1N=CN=C(NC3=CC(Br)=CC=C3)C1=C2,-3.31
9651,CN1N=CC2=C1C=C1N=CN=C(NC3=CC(Br)=CC=C3)C1=C2,-3.48
9652,O=C(O)CN1C=CC2=C1C=C1N=CN=C(NC3=CC(Br)=CC=C3)C1=C2,-1.96
9653,CCN(C(N)=O)C1=CC=C(OC)C=C1,-1.27
9654,O=C1NC(=O)N(CC2=CC=CC=C2)C=C1F,-2.65
9655,ClC1=CC(Cl)=C(C(CN2C=CN=C2)OCC2=C(Cl)C=CC(Cl)=C2)C=C1,-3.54
9656,OCC1OCOC2COCOC12,-0.62
9657,CCCC(CO[N+](=O)O)O[N+](=O)O,-2.5
9658,CC(CCCO[N+](=O)O)O[N+](=O)O,-2.44
9659,CC(CCCCO[N+](=O)O)O[N+](=O)O,-2.84
9660,C1CC(CC(C1)O[N+](=O)[O-])O[N+](=O)[O-],-2.33
9661,CN1CCN(CC2=CN=C(Cl)C=C2)C1=NC#N,-2.13
9662,C1CCC(C(C1)O[N+](=O)O)O[N+](=O)O,-2.35
9663,N#CN=C1NCCN1CC1=CN=C(Cl)C=C1,-2.63
9664,C1CCC(C(CC1)O[N+](=O)[O-])O[N+](=O)[O-],-3.02
9665,CCN(CC)CCSC1=NC2=C(N=N1)NC1=C2C=CC=C1,-3.09
9666,NC1=NC2=C(C=N1)N=CN2CCC1COC(=O)OC1,-1.43
9667,CS(=O)(=O)C1=CC=C(C2=C(C3=CC=CC=C3)C(=O)OC2)C=C1,-4.52
9668,CN1C=NC=C1CC(N)C(=O)O,0.08
9669,OCC1OC2OC(C(Cl)(Cl)Cl)OC2C1O,-2.12
9670,O=C(O)C1CCC(C(=O)O)SS1,-1.93
9671,COC1=NC=C(NC(=O)C2CC2)C=C1,-2.14
9672,NS(=O)(=O)C1=C(Cl)C=C(NCC2=CC=CO2)C(C(=O)O)=C1,-3.83
9673,CCOC(=O)C(CCC1=CC=CC=C1)NC(C)CN1CCCC1C(=O)O,-1.24
9674,CCOC(=O)C(CCC1=CC=CC=C1)NC(C)C(=O)N1CCCC1C(=O)O,-1.18
9675,OCC1OC(OCCC2=C3C=CC=CC3=CC=C2)C(O)C(O)C1O,-1.11
9676,CCC1(C2=CC=CC=C2)NC(=O)NC1=O,-2.64
9677,OC1COC(OC2=CC=CC=C2)C(O)C1O,-1.66
9678,CC1(C)OCC(COC(=O)C2=C(C(=O)O)C=CC=C2)O1,-1.23
9679,O=C(O)CCCC1CCCC2NC(=O)NC12,-0.96
9680,NC(CC1=CNC2=C1C=CC=C2)C(=O)O,-1.77
9681,C1=C(OC(=C1)[N+](=O)[O-])C=NNC(=O)N,-2.92
9682,CCCC(C)C1(CC)C(=O)NC(=O)NC1=O,-2.39
9683,CC1NC(=O)C2=C(C=CC=C2)N(CC(O)C(O)C(O)CO)C1=O,-1.51
9684,O=C1NCC(=O)N(CC(O)C(O)C(O)CO)C2=C1C=CC=C2,-1.46
9685,CC1=C(C(=O)O)C=C(C(O)C(O)C(O)CO)O1,-1.28
9686,OCC1OC(OC2=CC=CC=C2)C(O)C(O)C1O,-1.46
9687,COC1=CC2=CC=C(C(C)C(=O)OCCN3CCNCC3)C=C2C=C1,-1.52
9688,COC1=CC2=CC=C(C(C)C(=O)OCCN3CCN(C)CC3)C=C2C=C1,-1.49
9689,COC1=CC2=CC=C(C(C)C(=O)OCCCCN3CCOCC3)C=C2C=C1,-3.7
9690,COC1=CC=C2C=C(C(C)C(=O)OCCCCN3CCN(C)CC3)C=CC2=C1,-1.29
9691,O=C1NC2=C(C=CC=C2)C(=O)N2CCCC12,-3.75
9692,O=C1NC2=C(C=C(Cl)C=C2)C(=O)N2CCCC12,-4.7
9693,O=C1NC2=C(C=CC=C2)C(=O)N2CC(O)CC12,-2.37
9694,CC1=C2C(O)C3C(CC(C)C2CC1=O)OC(=O)C3C,-1.95
9695,CC(=O)NC(CC1=CNC2=C1C=CC=C2)C(=O)O,-2.31
9696,CCOC(=O)C1=CC2(CC)CCCN3CCC4=C(C32)N1C1=C4C=CC=C1,-4.84
9697,C1=CC=C(C2=CN=C(C3=CC=C(CN4CCOCC4)C=C3)O2)C=C1,-4.35
9698,CN1CC(O)C2=CC(=NNC(N)=O)C(=O)C=C21,-2.72
9699,CN(C)N=NC1=CC=C(C(=O)O)C=C1,-0.8
9700,NC(CC1=CNC2=C1C=CC=C2)C(=O)NCC(=O)O,-0.85
9701,NC1=NC(=O)N(C2CC(F)C(CO)O2)C=C1,-1.18
9702,O=C(O)C1=C(Cl)C=C(N=NC2=CC=C(O)C=C2)C=C1,-2.62
9703,C1=CC(=CC(=C1)OC2C(C(C(C(O2)CO)O)O)O)[N+](=O)[O-],-1.28
9704,O=C(O)C1CN2CCC1CC2C(O)C1=CC=NC2=C1C=CC=C2,-1.94
9705,C1=CC=C(C(=C1)NN=C2C=CC(=O)C(=C2)C(=O)O)[N+](=O)[O-],-2.01
9706,COCC1COC2=C(C=C3C(=C2)N=CN=C3NC2=CC(Br)=CC=C2)O1,-3.22
9707,CC(=O)OC1C2C(CC(C)C3C=CC(=O)C31C)OC(=O)C2C,-2.19
9708,COCC1COC2=C(C=C3C(=C2)N=CN=C3NC2=CC(I)=CC=C2)O1,-3.52
9709,O=C(O)C1CCC(=O)N1CN1C(=O)CCC1C(=O)O,-1.31
9710,COC1=CC=C(CC2NC(=O)N(C(C)C(=O)O)C2=O)C=C1,-0.86
9711,CC(C)C(NS(=O)(=O)C1=CC=C(F)C=C1)C(=O)NC1CCOC1O,-2.38
9712,CC(C)CC(NC(=S)NC1=CC=CC=C1)C(=O)NC1CCOC1O,-2.37
9713,COC1=CC(=O)C2(OC3=C(C2=O)C(OC)=CC(OC)=C3Cl)C(C)C1,-4.4
9714,CC(C)CC(N)C(=O)NC(CC1=CNC2=C1C=CC=C2)C(=O)O,-1.12
9715,COC1=CC2=C(C=C1)N=CC=C2C(O)C1CC2CCN1CC2C(=O)O,-2.03
9716,COC1=CC(OC)=C(Cl)C2=C1C(=O)C1(O2)C(C)CC(O)CC1O,-2.34
9717,CC12CCC(O)CC1CCC1C2CCC2(C)C(C3=CC(=O)OC3)CCC12O,-4.57
9718,OC1=CC=C(N=NC2=CC=CC=C2)C=C1,-3.95
9719,OC1=CC(O)=C(N=NC2=CC=CC=C2)C=C1,-3.08
9720,O=C1C(O)C2CC3N1CCC31C3=C(C=CC=C3)N3C(=O)C=CC2C31,-2.11
9721,O=C(O)C1=CC=C(N=NC2=CC=C(O)C=C2)C=C1,-4.38
9722,O=C(O)C1=C(O)C=CC(N=NC2=CC=CC=C2)=C1,-3.05
9723,OCC(O)C(O)C1=NN(C2=CC=CC=C2)C2=C1N=C1C=CC=CC1=N2,-3.13
9724,CC1(C)SC2C(NC(=O)COC3=CC=CC=C3)C(=O)N2C1C(=O)O,-2.81
9725,CC(C)C1OC(O)C(CC2=CC=CC=C2)NC1=O,-2.28
9726,CC(C)CC1OC(O)C(CC2=CC=CC=C2)NC1=O,-2.12
9727,NNC(=O)C1=CC=C(C(=O)NN)C=C1,-2.29
9728,CC(NC(=O)C(N)C1=CC=CC=C1)C1=CC=CC=C1,-1.66
9729,O=C1NC(=O)C(Cl)=C(CN2CCCC2)N1,-1.54
9730,O=C1NC(=O)C(Br)=C(CN2CCCC2)N1,-1.78
9731,CNCCC(OC1=CC=C(C(F)(F)F)C=C1)C1=CC=CC=C1,-1.59
9732,O=C(O)C(O)(CO)CC(O)CO,0.61
9733,Brc1cc(Br)c(Br)cc1Br,-6.98
9734,FC(F)(Cl)C(F)(F)Cl,-2.74
9735,CC12CCC(CC1)C(C)(C)O2,-1.74
9736,CCC=C,-1.94
9737,CCCCCCCCC=C,-5.51
9738,Ic1cccc2ccccc12,-4.55
9739,CCCO,0.62
9740,Clc1c(Cl)c(Cl)c(c(Cl)c1Cl)c2c(Cl)c(Cl)c(Cl)c(Cl)c2Cl ,-11.6
9741,Clc1cc(Cl)c(cc1Cl)c2cccc(Cl)c2Cl ,-7.21
9742,Clc1ccc(c(Cl)c1)c2c(Cl)ccc(Cl)c2Cl ,-7.43
9743,CC(C)C(C)(C)C,-4.36
9744,Oc1cc(Cl)c(Cl)c(Cl)c1Cl,-3.15
9745,Oc1c(Cl)cc(Cl)c(Cl)c1Cl,-3.1
9746,Clc1ccc(cc1)c2cccc(Cl)c2Cl ,-6.29
9747,Oc1ccc(Cl)c(Cl)c1Cl,-2.67
9748,Oc1c(Cl)c(Cl)cc(Cl)c1Cl,-3.37
9749,Oc1cc(Cl)cc(Cl)c1Cl,-2.67
9750,Clc1ccc(cc1)c2cc(Cl)ccc2Cl ,-6.27
9751,Oc1c(Cl)cccc1Cl,-1.79
9752,Cc1ccccc1Br,-2.23
9753,CCCC=C(CC)C=O,-2.46
9754,CCC(CC)C=O,-1.52
9755,CCCCCC(C)C,-5.08
9756,CC(C)O,0.43
9757,Cc1ccc(O)cc1C,-1.38
9758,O=C1N(COC(=O)CCCCCC)C(=O)C(N1)(c2ccccc2)c3ccccc3,-6.301
9759,O=C1N(COC(=O)CCCCC)C(=O)C(N1)(c2ccccc2)c3ccccc3,-5.886
9760,CC(C)C(C)O,-0.18
9761,CCC(C)CCO,-0.72
9762,c1cc(C)cc2c1c3cc4cccc5CCc(c45)c3cc2,-7.92
9763,O=C1NC(=O)NC(=O)C1(CC)C(C)C,-2.148
9764,CCCCC(=O)CCCC,-2.58
9765,CC#N,0.26
9766,CC(=O)N(S(=O)c1ccc(N)cc1)c2onc(C)c2C ,-3.59
9767,CC13CCC(=O)C=C1CCC4C2CCC(C(=O)CO)C2(CC(O)C34)C=O ,-3.85
9768,OCC3OC(OCC2OC(OC(C#N)c1ccccc1)C(O)C(O)C2O)C(O)C(O)C3O ,-0.77
9769,CCCC1C(=O)N3N(C1=O)c2cc(C)ccc2N=C3N(C)C ,-3.5380000000000003
9770,OC4=C(C1CCC(CC1)c2ccc(Cl)cc2)C(=O)c3ccccc3C4=O,-5.931
9771,CNC(=O)C=C(C)OP(=O)(OC)OC,0.6509999999999999
9772,CNC(=O)Oc1cccc2ccccc12,-3.224
9773,CCOC(=O)c1ccccc1S(=O)(=O)NN(C=O)c2nc(Cl)cc(OC)n2,-4.5760000000000005
9774,ClCC#N,-0.092
9775,c1ccc(Cl)cc1C(c2ccc(Cl)cc2)(O)C(=O)OC(C)C,-4.53
9776,Cl\C=C/Cl,-1.3
9777,C/C1CCCCC1\C,-4.3
9778,CC(=O)OCC(=O)C3(O)CCC4C2CCC1=CC(=O)CCC1(C)C2C(=O)CC34C ,-4.21
9779,CC(=O)CC(c1ccc(Cl)cc1)c2c(O)c3ccccc3oc2=O,-5.839
9780,CCOP(=S)(OCC)Oc2ccc1oc(=O)c(Cl)c(C)c1c2,-5.382000000000001
9781,OC1CCCCCC1,-0.88
9782,C1CCC=CCC1,-3.18
9783,OC1CCCCCCC1,-1.29
9784,O=C2NC(=O)C1(CCCC1)C(=O)N2,-2.349
9785,CC1(C)C(C=C(Cl)Cl)C1C(=O)OC(C#N)c2ccc(F)c(Oc3ccccc3)c2,-7.337000000000001
9786,CC1(C)C(C=C(Cl)C(F)(F)F)C1C(=O)OC(C#N)c2cccc(Oc3ccccc3)c2,-8.176
9787,Nc1ccc(cc1)S(=O)(=O)c2ccc(N)cc2,-3.094
9788,CC1(C)C(C=C(Br)Br)C1C(=O)OC(C#N)c2cccc(Oc3ccccc3)c2,-8.402000000000001
9789,CC=C(C(=CC)c1ccc(O)cc1)c2ccc(O)cc2,-4.95
9790,CCSSCC,-2.42
9791,CCCCCCOC(=O)c1ccccc1C(=O)OCCCCCC,-6.144
9792,CC(C)SC(C)C,-2.24
9793,CCN(CC)C(=O)C(=CCOP(=O)(OC)OC)Cl,0.523
9794,CCCSCCC,-2.58
9795,C1C(O)CCC2(C)CC3CCC4(C)C5(C)CC6OCC(C)CC6OC5CC4C3C=C21,-7.32
9796,CCN(CC(C)=C)c1c(cc(cc1N(=O)=O)C(F)(F)F)N(=O)=O,-6.124
9797,CCCCCC(=O)OCC,-2.35
9798,C=C,-0.4
9799,OC(Cn1cncn1)(Cn2cncn2)c3ccc(F)cc3F ,-1.8
9800,Nc1nc(=O)[nH]cc1F,-0.972
9801,CC1CC2C3CC(F)C4=CC(=O)C=CC4(C)C3(F)C(O)CC2(C)C1(O)C(=O)CO,-5.613
9802,OCC1OC(O)(CO)C(O)C1O,0.64
9803,c1c(O)C2C(=O)C3cc(O)ccC3OC2cc1(OC),-2.943
9804,NS(=O)(=O)c2cc1c(NCNS1(=O)=O)cc2Cl ,-2.63
9805,CC12CC(O)C3C(CCC4=CC(=O)CCC34C)C2CCC1(O)C(=O)CO,-3.09
9806,Ic1ccccc1,-3.01
9807,COc2c1occc1c(OC)c3c(=O)cc(C)oc23 ,-3.0210000000000004
9808,ClC1C(Cl)C(Cl)C(Cl)C(Cl)C1Cl,-4.64
9809,c1c(OC)c(OC)C2C(=O)OCC2c1,-1.899
9810,COC(=O)C,0.46
9811,CCCOC(=O)CC,-0.82
9812,CCCCCC(=O)OC,-1.87
9813,CCCCCCCCC(=O)OC,-3.38
9814,CCCCCCCC(=O)OC,-3.17
9815,CCCC(=O)OCC,-1.36
9816,COC(=O)c1ccc(O)cc1,-1.827
9817,c1ccccc1(OC(=O)NC),-1.803
9818,COc1ccc(NC(=O)N(C)C)cc1Cl,-2.564
9819,Cc3ccnc4N(C1CC1)c2ncccc2C(=O)Nc34 ,-3.19
9820,COC(=O)C1=C(C)NC(=C(C1c2ccccc2N(=O)=O)C(=O)OC)C ,-4.76
9821,CCN(=O)=O,-0.22
9822,O=C2CN(N=Cc1ccc(o1)N(=O)=O)C(=O)N2 ,-3.38
9823,OC(C1=CC2C5C(C1C2=C(c3ccccc3)c4ccccn4)C(=O)NC5=O)(c6ccccc6)c7ccccn7 ,-3.931
9824,CC34CCC1C(CCC2=CC(=O)CCC12O)C3CCC4(O)C#C,-4.57
9825,CNC(=O)ON=C(SC)C(=O)N(C)C,0.106
9826,OC3N=C(c1ccccc1)c2cc(Cl)ccc2NC3=O ,-3.952
9827,Clc1ccc(I)cc1,-4.03
9828,Clc1ccc(CN(C2CCCC2)C(=O)Nc3ccccc3)cc1,-5.915
9829,CCOP(=S)(OCC)ON=C(C#N)c1ccccc1,-4.862
9830,c1cC2C(=O)NC(=O)C2cc1,-2.932
9831,c1ccc2c(c1)ccc3c2ccc4c5ccccc5ccc43,-7.87
9832,CC12CC(O)C3C(CCC4=CC(=O)C=CC34C)C2CCC1(O)C(=O)CO,-3.18
9833,CCNP(=S)(OC)OC(=CC(=O)OC(C)C)C,-3.408
9834,CC=C,-1.08
9835,NC(=O)c1cnccn1,-0.667
9836,ClC(Cl)CC(=O)NC2=C(Cl)C(=O)c1ccccc1C2=O,-5.03
9837,CCC1(C(=O)NC(=O)NC1=O)C2=CCC3CCC2C3,-2.696
9838,CCN2c1ncccc1N(C)C(=O)c3cccnc23 ,-2.62
9839,CCCOC(=O)c1ccc(N)cc1,-2.452
9840,O2c1ccccc1N(C)C(=O)c3cccnc23 ,-3.672
9841,O2c1ccc(N)cc1N(C)C(=O)c3cc(C)ccc23 ,-3.928
9842,CCN2c1nc(Cl)ccc1N(C)C(=O)c3cccnc23 ,-4.114
9843,CCN2c1nc(C)cc(C(F)(F)F)c1NC(=O)c3cccnc23 ,-4.207
9844,CCN2c1nc(C)cc(C)c1NC(=O)c3cccnc23 ,-4.553999999999999
9845,CCN2c1ncccc1N(C)C(=S)c3cccnc23 ,-4.634
9846,CCN2c1ccccc1N(C)C(=S)c3cccnc23 ,-4.706
9847,CCN2c1ccccc1N(C)C(=O)c3ccccc23 ,-4.749
9848,CCN2c1ncccc1N(CC)C(=O)c3cccnc23 ,-2.86
9849,CCN2c1cc(N(C)C)cc(C)c1NC(=O)c3cccnc23 ,-4.871
9850,CCN2c1cc(OC)cc(C)c1NC(=O)c3cccnc23 ,-5.153
9851,CCN2c1cc(Cl)ccc1NC(=O)c3cccnc23 ,-5.36
9852,O2c1cc(C)ccc1N(C)C(=O)c3cc(N)cnc23 ,-3.043
9853,CCN2c1ccccc1N(C)C(=O)c3cccnc23 ,-3.324
9854,CCN2c1nc(N(C)(CCO))ccc1NC(=O)c3cccnc23 ,-3.36
9855,C2c1ccccc1N(CCF)C(=O)c3ccccc23 ,-3.535
9856,O2c1ccccc1N(CC)C(=O)c3ccccc23 ,-3.68
9857,CSc1nc(nc(n1)N(C)C)N(C)C,-2.676
9858,CSCS(=O)CC(CO)NC(=O)C=Cc1c(C)[nH]c(=O)[nH]c1=O,-1.981
9859,CCCCOc1ccc(C(=O)OCC)c(c1)N(CC)CC ,-3.84
9860,OCC2OC(OC1(CO)OC(CO)C(O)C1O)C(O)C(O)C2O ,0.79
9861,Nc1ccc(cc1)S(N)(=O)=O,-1.34
9862,C/C=C/C=O,0.32
9863,CC12CCC3C(CCC4=CC(=O)CCC34C)C2CCC1O,-4.02
9864,CC(=O)OC3CCC4C2CCC1=CC(=O)CCC1(C)C2CCC34C ,-5.184
9865,Cc1c(F)c(F)c(COC(=O)C2C(C=C(Cl)C(F)(F)F)C2(C)C)c(F)c1F,-7.321000000000001
9866,CC(C)(C)Cc1ccccc1,-4.15
9867,Nc3nc(N)c2nc(c1ccccc1)c(N)nc2n3,-2.404
9868,ClC(Cl)(Cl)C#N,-2.168
9869,Cc1ccc(OP(=O)(Oc2cccc(C)c2)Oc3ccccc3C)cc1,-6.01
9870,ClC(Cl)(Cl)C(NC=O)N1C=CN(C=C1)C(NC=O)C(Cl)(Cl)Cl ,-4.19
9871,CC1(OC(=O)N(C1=O)c2cc(Cl)cc(Cl)c2)C=C,-4.925
9872,CC12CCCC1C1CCC3CC(=O)C(=O)CC3(C)C1CC2,-3.76
9873,CCC(=O)OCC(=O)C1(OC(=O)CC)C(C)CC2C3CCC4=CC(=O)C=CC4(C)C3(F)C(O)CC21C,-3.77
9874,CC(C)CCCC(C)C1CCC2C3CC=C4CC(O)CCC4(C)C3CCC12C,-7.0
9875,ClC1=C(Cl)C(Cl)=C(OC2=C(Cl)C(Cl)=C(Cl)C(Cl)=C2Cl)C(Cl)=C1Cl,-12.95
9876,BrC1=CC=C(C2=CC=C(Br)C=C2)C=C1,-7.74
9877,FC(F)(Cl)Cl,-1.99
9878,ClC(Cl)COCC(Cl)Cl,-1.12
9879,C=CC=C(C)C=CC=CC,-2.09
9880,ClCCCl,-1.08
9881,ClC1=CC(Cl)=C(Cl)C=C1C1=C(Cl)C(Cl)=CC(Cl)=C1Cl,-8.94
9882,ClC1=CC=C(OC2=CC(Cl)=C(Cl)C(Cl)=C2Cl)C(Cl)=C1Cl,-9.12
9883,ClC1=C(Cl)C(Cl)=C(Cl)C(Cl)=C1Cl,-7.56
9884,ClC1=CC(Cl)=C(Cl)C(C2=CC(Cl)=CC(Cl)=C2Cl)=C1,-8.56
9885,ClC1=CC=C(C2=CC(Cl)=C(Cl)C(Cl)=C2Cl)C(Cl)=C1,-8.32
9886,ClC1=C(Cl)C=C2C(=C1)OC1=C(Cl)C(Cl)=C(Cl)C(Cl)=C21,-10.66
9887,CC(=O)C1CCC2C3CCC4=CC(=O)CC(O)C4(C)C3CCC12C,-3.82
9888,CCl,-0.88
9889,CC12CCC(=O)C=C1CCC1C2CCC2(C)C1CCC2(C)O,-3.97
9890,CCC(C)[N+](=O)[O-],-0.62
9891,CC1=CC(=CC=C1)[N+](=O)[O-],-2.46
9892,CC(C)C1(C)CCCC(O)C1,-0.6
9893,CC(C)C1C(C)CCCC1O,-0.29
9894,CC1CCCC(O)(C(C)C)C1,-0.24
9895,CCOC1=CC=C(NC(C)=O)C=C1,-2.3
9896,CCC,-2.84
9897,CCC(N)=O,-4.23
9898,BrC1=CC=C(Br)C(C2=CC(Br)=CC=C2Br)=C1,-8.06
9899,BrC(Br)C(Br)Br,-2.72
9900,COC1=C(Cl)C(Cl)=C(Cl)C=C1Cl,-5.13
9901,ClC1=CC(Cl)=C(Cl)C(Cl)=C1,-4.68
9902,ClC1=CC(Cl)=C(Cl)C=C1Cl,-5.47
9903,CC1=C(Cl)C(CC2=C(Cl)C=CC=C2Cl)=CC=C1Cl,-7.99
9904,CC1=C(Cl)C(CC2=CC=C(Cl)C=C2Cl)=CC=C1Cl,-7.4
9905,CC1=C(Cl)C=C(CC2=CC(Cl)=CC=C2Cl)C(Cl)=C1,-8.03
9906,CC1=C(Cl)C=C(Cl)C(CC2=C(Cl)C=CC=C2Cl)=C1,-8.36
9907,CC1=C(Cl)C=C(Cl)C(CC2=CC=C(Cl)C=C2Cl)=C1,-7.49
9908,CC1=C(Cl)C(Cl)=C(Cl)C(CC2=CC=C(Cl)C=C2)=C1,-8.18
9909,CC1=C(CC2=C(Cl)C=CC=C2)C(Cl)=C(Cl)C(Cl)=C1,-7.24
9910,CC1=C(CC2=CC=C(Cl)C=C2)C(Cl)=C(Cl)C(Cl)=C1,-7.44
9911,ClC1=CC=C(C2=CC=C(Cl)C(Cl)=C2)C=C1Cl,-8.53
9912,ClC1=CC=C(C2=C(Cl)C=C(Cl)C=C2Cl)C=C1,-6.94
9913,ClC1=C(Cl)C(Cl)=C2OC3=CC=CC=C3OC2=C1Cl,-8.77
9914,ClC(Cl)=C(Cl)Cl,-2.74
9915,BrC1=CC(Br)=C(C2=CC=CC=C2)C(Br)=C1,-7.3
9916,COC1=C(Cl)C=C(Cl)C=C1Cl,-4.2
9917,ClC1=CC(Cl)=CC(Cl)=C1,-4.6
9918,ClC1=CC(Cl)=C2OC3=CC=CC=C3OC2=C1Cl,-7.58
9919,CC(Cl)(Cl)Cl,-2.14
9920,FC(Cl)(Cl)CCl,-3.04
9921,CCCSC(=O)N(CCC)CCC,-3.3
9922,ClC(Cl)=C=C(Cl)C(Cl)Cl,-4.23
9923,ClC1=C(Cl)C(Cl)=C(Cl)C(OC2=C(Cl)C(Cl)=C(Cl)C(Cl)=C2Cl)=C1,-10.55
9924,CC1=C(Cl)C=C(Cl)C(CC2=CC(Cl)=CC=C2Cl)=C1,-8.06
9925,CCC1=CC=CC(CC)=C1N(COC)C(=O)CCl,-3.17
9926,CNC(=O)ON=CC(C)(C)SC,-0.71
9927,CCOP(=S)(OCC)SCSC1=CC=C(Cl)C=C1,-6.05
9928,CCOP(=S)(OCC)SC(CCl)N1C(=O)C2=CC=CC=C2C1=O,-5.85
9929,CCCCC1=C(CCCC)C(C(O)=O)=C(C(O)=O)C=C1,-4.4
9930,CC1OC(OC2C(O)CC(OC3C(O)CC(OC4CCC5(C)C(CCC6C5CC(O)C5(C)C(C7=CC(=O)OC7)CCC65O)C4)OC3C)OC2C)CC(O)C1O,-4.16
9931,O=S1OCC2C(CO1)C1(Cl)C(Cl)=C(Cl)C2(Cl)C1(Cl)Cl,-6.08
9932,CCOP(=S)(OCC)OC1=CC=C(C=C1)[N+](=O)[O-],-4.29
9933,CCCCN(CC)C(=O)SCCC,-3.41
9934,CCC1=CC=C(C(C2=CC=C(CC)C=C2)C(Cl)Cl)C=C1,-7.04
9935,CC12CCC3C(CC=C4CC(O)CCC43C)C1CCC2=O,-4.01
9936,Brc1cc(C(O)=O)c(N)cc1,-3.07
9937,Oc1c(Br)cc(C(O)=O)c(O)c1,-2.62
9938,S(=O)(=O)(N)c1sc(NC(=O)C)nn1,-2.44
9939,CN(C)CC\C=C1\c2ccccc2CCc2ccccc12,-4.55
9940,c1(c(CN(CC)CC)cc(cc1)Nc1ccnc2c1ccc(c2)Cl)O,-5.79
9941,CN1[C@H]2CC[C@@H]1C[C@@H](C2)OC(=O)C(CO)C1=CC=CC=C1,-2.0
9942,n1(Cc2ccccc2)cncc1,-2.26
9943,Brc1cc2c(CN(C)C)c[nH]c2cc1,-4.06
9944,COc1ccccc1OCCNCC(O)COc1cccc2[nH]c3ccccc3c12,-4.26
9945,C1(=C(COC(C)=O)CS[C@@H]2[C@H](NC(=O)Cc3cccs3)C(N12)=O)C(O)=O,-2.94
9946,C([C@H](c1ccccn1)c1ccc(cc1)Cl)CN(C)C,-2.67
9947,c1c(Cl)ccc2Sc3ccccc3N(CCCN(C)C)c12,-5.07
9948,Clc1ccc(S(=O)(NC(=O)NCCC)=O)cc1,-3.25
9949,c1cc2c(cc1Cl)[nH]c(=O)o2,-2.66
9950,O=C(c1cn(C2CC2)c2c(cc(F)c(N3CCNCC3)c2)c1=O)O,-3.6
9951,C[N@]1C[C@@H]2C[C@H]1CN2c1c(cc2c(n(cc(C(=O)O)c2=O)C2CC2)c1)F,-2.9
9952,C[C@H](CC1=CC=CC=C1)N(C)CC#C,-2.51
9953,O=C1[C@H](OC(C)=O)[C@H](c2ccc(OC)cc2)Sc2ccccc2N1CCN(C)C,-3.16
9954,CN(C)CCOC(c1ccccc1)c1ccccc1,-2.95
9955,N\C(CCSCc1csc(\N=C(\N)N)n1)=N\S(=O)(N)=O,-2.65
9956,CC(C(O)=O)c1cccc(Oc2ccccc2)c1,-3.7
9957,O=C(NC1CCCCC1)NS(=O)(c1ccc(CCNC(c2cnc(cn2)C)=O)cc1)=O,-5.49
9958,[nH]1cnc2nc(N)[nH]c(=O)c12,-4.43
9959,S1(=O)(=O)NCNc2c1cc(S(=O)(N)=O)c(c2)C(F)(F)F,-2.97
9960,CCn1cc(c(=O)c2ccc(nc12)C)C(=O)O,-3.61
9961,O[C@]1([C@H](N(CC=C)CC2)C3)[C@@]42C5=C3C=CC(O)=C5O[C@H]4C(CC1)=O,-2.9
9962,O=C(O)[C@@H](C)c1ccc2cc(ccc2c1)OC,-4.5
9963,N(CC\C=C1\c2c(CCc3c1cccc3)cccc2)C,-4.02
9964,OC1=C(C(O)=C(C([C@@](C(C(C(N)=O)=C(O)[C@H]2N(C)C)=O)(O)[C@@]2([H])[C@H]3O)=O)[C@@]3([H])[C@@]4(O)C)C4=CC=C1,-3.09
9965,c1(nccc2cc(c(OC)cc12)OC)Cc1cc(c(cc1)OC)OC,-3.87
9966,c1ccc(cc1)\N=N\c1c(nc(cc1)N)N,-4.19
9967,C1(NC(C(c2ccccc2)(C(=O)N1)CC)=O)=O,-2.29
9968,CC(C)NCC(O)COc1cccc2[nH]ccc12,-3.79
9969,Nc1ccc(C(OCCN(CC)CC)=O)cc1,-1.72
9970,[H]C1(CN2CCC1C[C@@]2([H])[C@H](O)C1=CC=NC2=C1C=C(OC)C=C2)C=C,-2.79
9971,S(Cc1oc(CN(C)C)cc1)CCN\C(NC)=C\N(=O)=O,-2.5
9972,C1CN(CCN1)c1c(cc2c(n(cc(C(=O)O)c2=O)c2ccc(cc2)F)c1)F,-3.13
9973,C[C@H]1CN(C[C@@H](C)N1)C1=C(F)C2=C(C(=O)C(=CN2C2CC2)C(O)=O)C(N)=C1F,-3.37
9974,S(=O)(=O)(Nc1nc(C)cc(n1)C)c1ccc(N)cc1,-2.73
9975,C(=O)(O)c1cc(ccc1O)\N=N\c1ccc(cc1)S(=O)(Nc1ccccn1)=O,-6.14
9976,CC1=C(CC(O)=O)c2cc(F)ccc2C\1=C\c1ccc(cc1)S(C)=O,-4.5
9977,C(c1ccc(cc1)NCCCC)(=O)OCCN(C)C,-3.01
9978,OC1=C(C(C2=C(O)[C@@](C(C(C(N)=O)=C(O)[C@H]3N(C)C)=O)(O)[C@@]3([H])C[C@]2([H])[C@@]4(O)C)=O)C4=CC=C1,-2.93
9979,c1(cc(ccc1C(C)C)C)O,-2.19
9980,COc1ccc(CCN(C)CCCC(C#N)(C(C)C)c2ccc(OC)c(OC)c2)cc1OC,-3.98
9981,CC(=O)CC(c1ccccc1)c1c(O)c2ccccc2oc1=O,-4.78
